Crop,State,Season,Quantity (kg),Price per kg (₹),Total Value (₹)
Maize,Gujarat,Rabi,3603,19.73,71076.36
Wheat,Gujarat,Kharif,2515,22.55,56720.88
Soybean,Gujarat,Rabi,2726,20.23,55138.2
Maize,Karnataka,Rabi,2917,33.47,97642.78
Soybean,Gujarat,Kharif,967,31.53,30491.21
Maize,Tamil Nadu,Rabi,1427,29.27,41762.55
Cotton,Maharashtra,Rabi,3488,22.81,79560.76
Rice,Gujarat,Rabi,3950,20.26,80015.29
Wheat,Gujarat,Kharif,904,33.05,29875.23
Rice,Gujarat,Rabi,4839,24.53,118695.18
Rice,Gujarat,Rabi,531,17.7,9396.98
Rice,Karnataka,Rabi,1810,21.91,39654.22
Wheat,Karnataka,Kharif,3555,21.61,76814.29
Wheat,Punjab,Rabi,1026,29.4,30164.97
Maize,Karnataka,Rabi,1510,21.27,32117.9
Soybean,Gujarat,Rabi,4289,28.54,122400.21
Cotton,Karnataka,Rabi,3667,24.26,88953.11
Soybean,Maharashtra,Rabi,1696,18.89,32037.43
Rice,Maharashtra,Kharif,4140,27.59,114215.49
Soybean,Gujarat,Rabi,951,24.78,23564.79
Soybean,Punjab,Rabi,2139,31.88,68199.36
Wheat,Punjab,Kharif,1333,17.14,22844.91
Rice,Maharashtra,Rabi,4969,25.07,124562.39
Rice,Punjab,Rabi,3944,30.03,118438.34
Soybean,Gujarat,Rabi,3207,24.17,77517.49
Wheat,Punjab,Kharif,1167,31.52,36786.23
Cotton,Tamil Nadu,Rabi,3699,32.29,119453.6
Maize,Tamil Nadu,Kharif,2122,21.86,46395.46
Rice,Tamil Nadu,Rabi,884,17.26,15254.35
Maize,Punjab,Rabi,1300,29.34,38143.67
Maize,Gujarat,Rabi,4470,25.02,111841.01
Wheat,Karnataka,Rabi,1517,17.82,27026.75
Soybean,Maharashtra,Kharif,4473,27.18,121570.52
Cotton,Gujarat,Kharif,3511,29.44,103362.48
Cotton,Gujarat,Rabi,3496,25.62,89568.33
Cotton,Gujarat,Rabi,4311,15.83,68227.96
Cotton,Punjab,Kharif,2534,28.07,71117.53
Maize,Gujarat,Kharif,2511,16.68,41880.62
Wheat,Tamil Nadu,Kharif,743,21.66,16094.78
Maize,Gujarat,Rabi,1750,15.32,26806.93
Rice,Maharashtra,Rabi,4055,21.71,88017.74
Soybean,Karnataka,Rabi,3604,22.68,81725.38
Cotton,Punjab,Rabi,4674,18.71,87434.79
Soybean,Karnataka,Rabi,2061,17.24,35523.78
Rice,Tamil Nadu,Kharif,4197,32.13,134867.34
Maize,Punjab,Rabi,1539,30.06,46268.3
Soybean,Maharashtra,Kharif,4047,23.43,94823.36
Rice,Punjab,Rabi,4249,16.37,69557.13
Wheat,Punjab,Kharif,2260,27.75,62705.4
Rice,Tamil Nadu,Rabi,3061,27.69,84762.44
Wheat,Gujarat,Kharif,3486,29.1,101442.04
Maize,Maharashtra,Kharif,3096,34.1,105586.23
Maize,Maharashtra,Kharif,1381,33.52,46290.5
Wheat,Karnataka,Rabi,3179,31.19,99144.83
Cotton,Punjab,Kharif,3180,24.34,77404.59
Wheat,Maharashtra,Kharif,2695,21.47,57859.45
Soybean,Karnataka,Rabi,2011,28.73,57770.1
Maize,Tamil Nadu,Kharif,1439,34.06,49019.25
Cotton,Maharashtra,Rabi,3300,26.98,89038.32
Wheat,Punjab,Rabi,2433,32.5,79079.67
Wheat,Karnataka,Rabi,3558,32.94,117189.91
Soybean,Karnataka,Kharif,3498,16.99,59428.23
Soybean,Karnataka,Kharif,1750,23.12,40453.05
Soybean,Gujarat,Kharif,1903,15.19,28898.81
Soybean,Punjab,Kharif,1899,32.56,61825.88
Rice,Karnataka,Rabi,2370,26.0,61624.86
Cotton,Tamil Nadu,Kharif,2621,17.88,46873.0
Rice,Gujarat,Kharif,3984,20.23,80606.13
Rice,Karnataka,Rabi,4475,20.95,93768.23
Rice,Tamil Nadu,Rabi,3634,28.6,103927.87
Maize,Punjab,Rabi,2475,28.39,70272.36
Rice,Gujarat,Kharif,948,17.79,16864.17
Rice,Maharashtra,Rabi,1715,34.04,58372.29
Soybean,Punjab,Kharif,2661,34.6,92061.78
Rice,Maharashtra,Rabi,4558,24.99,113883.27
Rice,Maharashtra,Kharif,1804,25.9,46729.69
Rice,Gujarat,Kharif,1073,27.28,29274.6
Maize,Maharashtra,Kharif,3596,25.47,91602.73
Maize,Gujarat,Kharif,1856,31.1,57712.33
Wheat,Gujarat,Rabi,2880,34.84,100339.75
Maize,Gujarat,Rabi,1880,28.28,53173.0
Wheat,Karnataka,Rabi,2608,18.37,47917.65
Soybean,Gujarat,Kharif,3036,27.35,83045.55
Wheat,Tamil Nadu,Kharif,1345,22.5,30262.0
Soybean,Punjab,Kharif,2951,31.18,92000.92
Maize,Gujarat,Kharif,4854,24.62,119487.05
Rice,Karnataka,Rabi,2036,16.0,32580.26
Cotton,Karnataka,Kharif,2637,17.47,46070.93
Cotton,Tamil Nadu,Rabi,2256,18.45,41621.21
Wheat,Tamil Nadu,Rabi,2488,22.9,56971.83
Cotton,Gujarat,Kharif,3046,18.52,56403.28
Rice,Gujarat,Kharif,2168,33.41,72428.47
Soybean,Maharashtra,Rabi,1701,18.87,32103.27
Maize,Punjab,Kharif,1195,34.38,41085.99
Rice,Punjab,Rabi,2649,17.46,46245.97
Maize,Punjab,Rabi,4089,28.52,116628.03
Maize,Punjab,Rabi,4071,28.0,113988.56
Cotton,Punjab,Rabi,3653,27.8,101551.26
Maize,Punjab,Kharif,2918,31.98,93327.78
Rice,Karnataka,Kharif,1483,30.75,45601.17
Cotton,Gujarat,Kharif,1634,34.78,56836.4
Soybean,Punjab,Kharif,3343,30.78,102907.12
Maize,Punjab,Rabi,4396,16.19,71186.18
Maize,Maharashtra,Kharif,1497,27.5,41160.63
Cotton,Maharashtra,Kharif,779,26.1,20328.26
Maize,Punjab,Kharif,798,17.77,14178.16
Wheat,Karnataka,Kharif,1870,28.31,52930.81
Cotton,Maharashtra,Kharif,4811,32.83,157952.55
Soybean,Punjab,Rabi,3334,26.23,87452.49
Wheat,Gujarat,Kharif,3363,33.71,113381.51
Wheat,Karnataka,Rabi,3091,33.47,103447.02
Soybean,Maharashtra,Rabi,1819,32.52,59145.57
Rice,Gujarat,Rabi,618,34.45,21289.76
Rice,Karnataka,Kharif,2084,18.61,38779.27
Soybean,Punjab,Rabi,1460,22.72,33164.5
Rice,Tamil Nadu,Kharif,1575,33.58,52883.9
Soybean,Karnataka,Kharif,4492,22.46,100904.49
Maize,Tamil Nadu,Rabi,584,16.53,9654.91
Wheat,Gujarat,Rabi,2673,26.53,70920.81
Cotton,Punjab,Rabi,2748,24.5,67321.21
Wheat,Karnataka,Rabi,568,19.13,10863.6
Cotton,Punjab,Rabi,2498,26.01,64965.45
Rice,Maharashtra,Rabi,4127,34.59,142735.13
Soybean,Karnataka,Kharif,3719,25.08,93272.31
Wheat,Tamil Nadu,Kharif,4403,20.95,92227.7
Maize,Tamil Nadu,Rabi,3461,15.99,55326.52
Cotton,Karnataka,Kharif,2593,32.22,83557.34
Wheat,Maharashtra,Rabi,1149,29.62,34029.46
Soybean,Tamil Nadu,Kharif,792,20.01,15848.44
Rice,Tamil Nadu,Kharif,2796,30.53,85349.92
Rice,Punjab,Rabi,3439,30.74,105701.38
Rice,Maharashtra,Kharif,2191,32.1,70325.95
Cotton,Karnataka,Rabi,3155,22.4,70683.11
Cotton,Karnataka,Rabi,1505,32.68,49188.98
Cotton,Karnataka,Kharif,4152,20.89,86737.65
Cotton,Maharashtra,Rabi,4227,34.35,145184.39
Cotton,Punjab,Kharif,2575,26.02,67006.37
Maize,Maharashtra,Rabi,2710,30.53,82730.87
Maize,Punjab,Kharif,1412,25.68,36262.94
Cotton,Gujarat,Rabi,4255,23.45,99783.86
Cotton,Maharashtra,Rabi,1516,23.38,35438.76
Wheat,Karnataka,Kharif,2015,21.99,44308.97
Cotton,Tamil Nadu,Rabi,3975,31.54,125380.08
Wheat,Tamil Nadu,Kharif,894,24.47,21876.73
Cotton,Karnataka,Rabi,3411,18.77,64008.43
Maize,Gujarat,Rabi,1010,29.06,29352.31
Cotton,Karnataka,Kharif,4851,15.8,76652.15
Maize,Karnataka,Kharif,2564,25.51,65395.45
Cotton,Maharashtra,Rabi,1225,19.06,23353.32
Wheat,Karnataka,Rabi,2005,19.58,39266.52
Soybean,Gujarat,Rabi,4247,17.31,73535.39
Soybean,Punjab,Rabi,3886,23.91,92904.49
Wheat,Maharashtra,Kharif,2483,32.7,81192.82
Rice,Karnataka,Kharif,2184,34.13,74531.43
Cotton,Punjab,Kharif,3286,33.95,111544.64
Wheat,Karnataka,Rabi,3737,24.81,92706.43
Wheat,Tamil Nadu,Kharif,2544,22.81,58032.74
Maize,Tamil Nadu,Rabi,2882,21.43,61761.52
Cotton,Maharashtra,Rabi,2692,17.71,47682.56
Rice,Tamil Nadu,Kharif,1212,18.68,22645.86
Cotton,Gujarat,Kharif,2831,33.11,93722.53
Rice,Punjab,Rabi,2622,29.12,76354.04
Soybean,Gujarat,Kharif,1540,25.54,39336.98
Maize,Maharashtra,Rabi,2818,19.59,55211.91
Cotton,Tamil Nadu,Kharif,4277,32.69,139819.03
Rice,Tamil Nadu,Rabi,1570,34.18,53662.83
Wheat,Gujarat,Rabi,1499,15.56,23319.68
Cotton,Gujarat,Kharif,2290,31.04,71084.21
Wheat,Karnataka,Rabi,4883,16.5,80546.24
Wheat,Karnataka,Kharif,3687,29.62,109203.92
Cotton,Gujarat,Kharif,1347,17.07,22987.58
Rice,Maharashtra,Rabi,4650,17.18,79890.02
Maize,Karnataka,Rabi,4422,16.2,71629.17
Soybean,Karnataka,Kharif,1230,21.72,26710.89
Maize,Maharashtra,Rabi,2863,30.95,88599.99
Wheat,Karnataka,Kharif,1444,27.27,39383.28
Soybean,Maharashtra,Rabi,2582,33.76,87160.09
Soybean,Gujarat,Kharif,1789,18.76,33563.09
Cotton,Karnataka,Rabi,1280,34.32,43930.04
Wheat,Gujarat,Rabi,4527,32.87,148790.55
Cotton,Gujarat,Kharif,4088,22.22,90820.3
Cotton,Punjab,Kharif,4670,28.36,132450.71
Wheat,Gujarat,Rabi,2071,31.56,65361.22
Wheat,Karnataka,Kharif,3965,21.15,83841.41
Cotton,Tamil Nadu,Rabi,2134,26.79,57160.27
Soybean,Punjab,Rabi,706,23.74,16760.91
Rice,Maharashtra,Kharif,1682,29.07,48891.24
Wheat,Punjab,Rabi,3118,22.03,68684.8
Rice,Punjab,Kharif,1431,20.33,29094.23
Cotton,Karnataka,Rabi,3537,15.5,54826.48
Rice,Punjab,Rabi,2036,27.22,55424.51
Soybean,Tamil Nadu,Kharif,3105,33.05,102613.32
Soybean,Gujarat,Kharif,3925,31.43,123373.17
Wheat,Gujarat,Rabi,3510,33.13,116271.27
Rice,Gujarat,Rabi,4775,17.92,85567.29
Maize,Punjab,Kharif,1082,34.96,37826.72
Maize,Gujarat,Rabi,3875,31.78,123131.2
Maize,Maharashtra,Kharif,2277,27.45,62494.87
Soybean,Punjab,Kharif,4863,34.3,166793.27
Cotton,Gujarat,Rabi,869,30.62,26610.9
Soybean,Tamil Nadu,Rabi,1228,18.15,22288.02
Rice,Karnataka,Rabi,2116,15.82,33482.45
Soybean,Tamil Nadu,Rabi,3317,24.42,81012.29
Maize,Maharashtra,Kharif,2211,25.51,56407.36
Rice,Punjab,Rabi,4902,31.17,152798.86
Maize,Punjab,Kharif,3074,20.01,61514.83
Rice,Punjab,Kharif,687,22.6,15527.63
Cotton,Tamil Nadu,Rabi,1296,22.54,29217.24
Cotton,Karnataka,Rabi,1140,15.78,17987.51
Rice,Tamil Nadu,Rabi,4967,22.02,109369.38
Cotton,Gujarat,Rabi,1350,16.54,22333.63
Rice,Gujarat,Rabi,1010,24.48,24723.4
Wheat,Punjab,Rabi,2354,31.72,74660.27
Wheat,Maharashtra,Rabi,2243,25.46,57099.09
Wheat,Tamil Nadu,Kharif,4234,25.23,106827.25
Rice,Maharashtra,Rabi,2635,24.06,63404.25
Soybean,Maharashtra,Kharif,4615,22.63,104438.99
Rice,Maharashtra,Rabi,3442,30.67,105559.5
Cotton,Punjab,Kharif,567,28.53,16174.65
Wheat,Karnataka,Kharif,709,28.59,20272.79
Rice,Punjab,Kharif,3471,22.12,76786.91
Soybean,Gujarat,Kharif,2801,25.37,71074.26
Maize,Punjab,Rabi,1053,30.27,31872.74
Maize,Maharashtra,Rabi,3287,15.94,52403.53
Soybean,Gujarat,Rabi,697,29.9,20842.22
Rice,Maharashtra,Rabi,4204,34.63,145578.37
Soybean,Gujarat,Rabi,2012,19.04,38313.99
Maize,Tamil Nadu,Kharif,2975,19.52,58071.86
Rice,Maharashtra,Kharif,1086,17.73,19253.77
Wheat,Tamil Nadu,Kharif,4550,21.36,97204.04
Wheat,Gujarat,Rabi,1693,21.33,36111.95
Maize,Tamil Nadu,Rabi,2258,19.53,44097.87
Maize,Karnataka,Kharif,2990,25.36,75822.3
Rice,Karnataka,Kharif,3441,28.96,99667.02
Cotton,Tamil Nadu,Kharif,3362,22.25,74814.64
Wheat,Karnataka,Rabi,2200,27.74,61037.92
Soybean,Maharashtra,Rabi,4197,25.77,108173.87
Rice,Karnataka,Kharif,1852,21.56,39933.01
Cotton,Punjab,Kharif,1021,27.42,28000.25
Wheat,Karnataka,Rabi,4895,15.37,75246.87
Wheat,Tamil Nadu,Rabi,3004,24.72,74265.68
Cotton,Karnataka,Rabi,2811,19.07,53618.51
Rice,Karnataka,Rabi,3318,31.77,105396.73
Maize,Karnataka,Kharif,2954,25.82,76271.84
Rice,Maharashtra,Kharif,4543,31.51,143168.16
Maize,Tamil Nadu,Kharif,2545,34.55,87940.89
Cotton,Punjab,Kharif,3852,17.57,67685.35
Cotton,Karnataka,Rabi,3534,16.05,56717.12
Wheat,Tamil Nadu,Kharif,3851,15.02,57829.63
Cotton,Tamil Nadu,Kharif,4508,20.32,91608.05
Rice,Gujarat,Rabi,1248,18.37,22923.58
Soybean,Punjab,Kharif,1948,20.16,39273.31
Soybean,Karnataka,Rabi,3258,26.91,87677.6
Wheat,Punjab,Kharif,1591,21.31,33908.18
Maize,Gujarat,Kharif,2657,24.62,65427.13
Maize,Punjab,Rabi,3925,31.44,123402.76
Soybean,Tamil Nadu,Kharif,1892,29.48,55782.21
Soybean,Tamil Nadu,Kharif,2739,23.79,65155.45
Cotton,Punjab,Kharif,1792,31.09,55713.64
Rice,Karnataka,Rabi,660,17.22,11365.75
Soybean,Gujarat,Rabi,3021,18.9,57101.17
Rice,Maharashtra,Rabi,4969,29.96,148891.07
Rice,Maharashtra,Kharif,3566,22.53,80348.91
Cotton,Tamil Nadu,Kharif,2137,33.8,72235.62
Cotton,Gujarat,Kharif,4609,27.47,126611.55
Rice,Punjab,Rabi,4945,27.77,137326.06
Soybean,Gujarat,Kharif,2807,18.84,52886.21
Wheat,Punjab,Rabi,4835,25.85,124961.43
Rice,Gujarat,Kharif,4880,26.62,129912.61
Wheat,Punjab,Rabi,2379,16.03,38139.57
Wheat,Tamil Nadu,Rabi,650,26.0,16901.55
Soybean,Karnataka,Kharif,4216,19.95,84098.55
Maize,Tamil Nadu,Rabi,1210,30.35,36728.43
Cotton,Tamil Nadu,Kharif,4824,21.82,105265.34
Soybean,Karnataka,Rabi,2320,24.98,57947.33
Cotton,Tamil Nadu,Kharif,1643,18.74,30795.55
Cotton,Maharashtra,Kharif,3560,22.61,80481.11
Cotton,Maharashtra,Kharif,1437,31.35,45053.83
Soybean,Maharashtra,Rabi,3160,34.12,107803.97
Soybean,Tamil Nadu,Rabi,4441,24.81,110163.53
Soybean,Maharashtra,Kharif,1298,19.34,25099.63
Maize,Karnataka,Kharif,4199,28.58,120003.25
Wheat,Maharashtra,Kharif,4000,23.65,94600.16
Rice,Maharashtra,Rabi,2890,33.31,96267.77
Soybean,Maharashtra,Rabi,1610,27.06,43562.51
Wheat,Gujarat,Rabi,1536,16.27,24995.92
Maize,Gujarat,Kharif,2541,19.7,50046.92
Wheat,Gujarat,Rabi,4009,27.16,108886.2
Cotton,Maharashtra,Kharif,1228,27.7,34011.57
Maize,Punjab,Kharif,3519,21.74,76510.06
Cotton,Punjab,Rabi,3908,30.45,119004.04
Rice,Punjab,Kharif,3033,18.59,56375.77
Maize,Karnataka,Rabi,4283,19.14,81978.7
Maize,Gujarat,Kharif,2114,23.81,50343.42
Rice,Karnataka,Kharif,2284,33.45,76406.16
Soybean,Punjab,Rabi,2582,21.69,55997.14
Rice,Karnataka,Rabi,4163,34.14,142118.21
Rice,Karnataka,Kharif,1535,25.57,39244.33
Cotton,Karnataka,Kharif,3321,20.06,66613.71
Rice,Karnataka,Kharif,3539,15.92,56335.42
Soybean,Tamil Nadu,Kharif,1996,25.67,51231.04
Maize,Tamil Nadu,Rabi,1309,20.96,27442.13
Wheat,Tamil Nadu,Kharif,1380,33.45,46159.11
Rice,Maharashtra,Kharif,1293,22.33,28876.61
Maize,Maharashtra,Rabi,2310,20.83,48121.89
Cotton,Maharashtra,Rabi,3971,16.24,64481.29
Rice,Punjab,Kharif,4560,20.57,93784.21
Maize,Maharashtra,Rabi,2325,16.19,37646.29
Soybean,Gujarat,Rabi,1064,16.23,17268.06
Wheat,Gujarat,Rabi,4134,32.26,133347.13
Maize,Karnataka,Kharif,552,30.19,16667.19
Maize,Punjab,Rabi,1675,22.42,37557.64
Wheat,Karnataka,Rabi,2874,24.4,70125.5
Maize,Punjab,Rabi,960,18.44,17703.93
Rice,Gujarat,Rabi,4608,28.64,131951.52
Rice,Gujarat,Kharif,3796,17.91,67995.85
Wheat,Karnataka,Rabi,3513,19.99,70215.06
Wheat,Karnataka,Rabi,1608,20.9,33605.03
Cotton,Punjab,Rabi,1661,31.65,52569.89
Soybean,Karnataka,Rabi,2388,18.17,43388.81
Cotton,Gujarat,Rabi,3682,15.08,55510.4
Cotton,Tamil Nadu,Kharif,997,24.35,24274.1
Rice,Maharashtra,Kharif,3527,22.3,78634.97
Cotton,Gujarat,Kharif,4261,20.72,88293.31
Soybean,Gujarat,Rabi,1545,15.12,23367.98
Cotton,Punjab,Rabi,4637,15.86,73559.05
Rice,Karnataka,Kharif,1515,30.41,46073.35
Rice,Gujarat,Kharif,955,25.69,24538.2
Rice,Punjab,Kharif,3549,30.42,107963.79
Wheat,Maharashtra,Kharif,3005,29.44,88475.46
Soybean,Karnataka,Kharif,4299,23.15,99528.35
Soybean,Tamil Nadu,Rabi,4549,27.2,123737.89
Cotton,Tamil Nadu,Kharif,4118,34.33,141372.25
Soybean,Gujarat,Kharif,3856,17.44,67230.03
Maize,Karnataka,Kharif,3347,16.07,53797.61
Rice,Tamil Nadu,Rabi,1148,29.83,34243.62
Cotton,Maharashtra,Kharif,4327,20.33,87952.92
Wheat,Maharashtra,Kharif,1909,24.22,46240.16
Rice,Maharashtra,Rabi,1954,22.43,43830.49
Soybean,Maharashtra,Kharif,4070,33.21,135179.91
Soybean,Punjab,Kharif,666,19.2,12787.27
Rice,Gujarat,Kharif,1111,17.39,19322.75
Rice,Gujarat,Rabi,2463,28.69,70657.54
Soybean,Punjab,Kharif,577,22.98,13257.54
Wheat,Maharashtra,Rabi,836,23.67,19791.92
Soybean,Maharashtra,Kharif,4220,24.82,104724.82
Cotton,Gujarat,Kharif,3145,26.26,82586.32
Rice,Maharashtra,Rabi,4716,29.62,139667.39
Cotton,Maharashtra,Rabi,4319,30.97,133740.06
Maize,Tamil Nadu,Kharif,1969,19.1,37608.86
Soybean,Gujarat,Kharif,681,20.39,13888.76
Soybean,Gujarat,Rabi,831,26.7,22187.15
Cotton,Gujarat,Rabi,4162,31.82,132418.75
Rice,Karnataka,Rabi,2047,34.15,69900.3
Cotton,Karnataka,Kharif,1882,23.56,44341.66
Soybean,Maharashtra,Kharif,2271,31.57,71693.57
Cotton,Maharashtra,Rabi,2110,18.63,39313.27
Maize,Punjab,Rabi,1439,28.18,40547.12
Rice,Maharashtra,Kharif,4650,18.25,84862.17
Rice,Punjab,Rabi,4778,20.0,95570.68
Maize,Gujarat,Rabi,1609,28.51,45867.16
Soybean,Gujarat,Kharif,4291,26.2,112443.84
Maize,Punjab,Kharif,3841,27.18,104383.57
Maize,Punjab,Kharif,3038,19.26,58521.28
Wheat,Maharashtra,Rabi,2607,19.36,50482.01
Maize,Maharashtra,Rabi,3535,24.68,87234.04
Maize,Karnataka,Kharif,3292,22.45,73894.78
Maize,Maharashtra,Rabi,3247,23.71,76972.75
Wheat,Gujarat,Kharif,1081,33.58,36302.71
Maize,Tamil Nadu,Kharif,1671,31.06,51896.28
Maize,Punjab,Kharif,2078,16.49,34258.34
Cotton,Karnataka,Rabi,1982,26.7,52923.69
Rice,Gujarat,Rabi,3982,29.75,118451.0
Cotton,Punjab,Kharif,4403,18.06,79515.99
Maize,Karnataka,Kharif,4208,17.93,75459.45
Soybean,Tamil Nadu,Rabi,2414,15.45,37302.43
Cotton,Punjab,Kharif,841,23.72,19946.68
Maize,Karnataka,Kharif,3606,23.62,85176.76
Cotton,Punjab,Rabi,1624,19.15,31094.61
Wheat,Karnataka,Rabi,676,34.18,23102.74
Rice,Karnataka,Kharif,2178,17.04,37108.03
Cotton,Maharashtra,Rabi,987,17.9,17667.76
Wheat,Maharashtra,Rabi,3868,25.77,99675.13
Cotton,Gujarat,Rabi,2416,24.97,60335.12
Cotton,Karnataka,Kharif,4966,30.68,152341.87
Cotton,Karnataka,Kharif,3121,34.59,107956.52
Rice,Punjab,Rabi,3011,19.65,59156.72
Cotton,Maharashtra,Rabi,2255,34.66,78155.69
Rice,Maharashtra,Kharif,3960,16.1,63749.9
Rice,Gujarat,Kharif,4959,26.21,129966.71
Soybean,Punjab,Rabi,1406,17.6,24741.44
Cotton,Tamil Nadu,Kharif,2949,25.04,73831.6
Rice,Gujarat,Kharif,4082,32.96,134559.0
Maize,Maharashtra,Rabi,1713,28.82,49374.53
Maize,Gujarat,Rabi,4106,34.36,141091.75
Maize,Maharashtra,Kharif,4773,23.06,110060.3
Rice,Maharashtra,Rabi,533,23.61,12582.48
Wheat,Karnataka,Rabi,1556,15.34,23865.34
Maize,Karnataka,Rabi,3676,26.32,96736.33
Soybean,Maharashtra,Kharif,2420,31.18,75457.91
Maize,Tamil Nadu,Rabi,3195,27.58,88124.97
Soybean,Punjab,Kharif,1227,27.12,33274.78
Rice,Punjab,Kharif,1094,28.47,31150.94
Maize,Gujarat,Kharif,2592,26.31,68196.52
Wheat,Maharashtra,Rabi,1322,30.69,40577.7
Soybean,Punjab,Kharif,2732,23.87,65216.26
Cotton,Tamil Nadu,Kharif,3601,23.74,85495.41
Rice,Tamil Nadu,Kharif,1030,27.79,28625.43
Wheat,Maharashtra,Kharif,3808,24.85,94627.93
Soybean,Gujarat,Kharif,2325,24.47,56892.18
Cotton,Punjab,Kharif,2503,19.66,49216.19
Wheat,Tamil Nadu,Kharif,2598,21.72,56423.44
Wheat,Maharashtra,Rabi,1805,21.52,38837.97
Maize,Karnataka,Kharif,766,20.2,15474.18
Maize,Punjab,Rabi,3708,34.62,128358.31
Cotton,Gujarat,Kharif,4828,15.5,74837.92
Soybean,Punjab,Kharif,969,22.79,22081.57
Soybean,Tamil Nadu,Kharif,572,33.64,19241.24
Rice,Gujarat,Kharif,2562,26.85,68788.96
Cotton,Maharashtra,Rabi,1200,19.87,23848.53
Soybean,Gujarat,Rabi,1462,16.14,23601.7
Maize,Maharashtra,Kharif,3776,24.98,94325.19
Cotton,Gujarat,Kharif,2088,33.36,69666.04
Maize,Karnataka,Kharif,2611,32.56,85018.45
Cotton,Gujarat,Kharif,1489,29.4,43770.18
Soybean,Gujarat,Kharif,574,27.4,15728.76
Rice,Maharashtra,Kharif,2736,32.93,90102.98
Wheat,Karnataka,Kharif,3074,26.06,80121.81
Maize,Tamil Nadu,Kharif,3236,18.32,59293.93
Cotton,Punjab,Rabi,4858,30.66,148934.43
Maize,Maharashtra,Rabi,741,33.61,24908.57
Rice,Punjab,Rabi,1582,21.94,34710.35
Maize,Karnataka,Kharif,1211,21.88,26494.21
Rice,Maharashtra,Kharif,2301,31.79,73156.44
Cotton,Gujarat,Kharif,2656,33.13,87992.38
Cotton,Punjab,Kharif,2776,34.83,96694.59
Rice,Gujarat,Kharif,3724,32.82,122230.72
Soybean,Gujarat,Rabi,2772,18.85,52244.84
Maize,Punjab,Kharif,3134,31.6,99049.11
Soybean,Punjab,Kharif,2816,20.75,58445.98
Soybean,Gujarat,Kharif,3782,17.65,66740.58
Wheat,Maharashtra,Rabi,1584,31.7,50212.88
Rice,Tamil Nadu,Kharif,2695,34.78,93729.19
Rice,Maharashtra,Rabi,2895,25.59,74085.75
Cotton,Tamil Nadu,Kharif,4533,27.56,124926.84
Maize,Punjab,Kharif,4104,25.58,104975.93
Maize,Punjab,Kharif,635,22.21,14102.61
Wheat,Karnataka,Rabi,2805,24.72,69325.83
Wheat,Tamil Nadu,Rabi,2547,17.33,44136.01
Rice,Tamil Nadu,Rabi,3948,28.49,112472.26
Cotton,Gujarat,Rabi,4172,31.87,132944.75
Soybean,Tamil Nadu,Rabi,1451,17.28,25074.94
Maize,Maharashtra,Rabi,2467,26.12,64427.0
Rice,Gujarat,Rabi,1708,16.28,27803.51
Maize,Punjab,Rabi,607,31.01,18826.03
Maize,Punjab,Rabi,4975,18.47,91881.21
Soybean,Punjab,Rabi,1015,29.76,30206.69
Wheat,Gujarat,Kharif,2865,16.99,48671.08
Rice,Punjab,Rabi,889,17.98,15980.09
Cotton,Punjab,Kharif,4425,33.51,148284.96
Rice,Punjab,Kharif,2201,22.63,49817.13
Soybean,Gujarat,Rabi,3539,24.84,87917.67
Wheat,Tamil Nadu,Rabi,4744,30.02,142418.45
Maize,Punjab,Kharif,3961,17.59,69663.85
Maize,Maharashtra,Rabi,1855,25.81,47885.51
Cotton,Gujarat,Rabi,2950,29.11,85889.14
Rice,Karnataka,Kharif,4990,16.86,84117.07
Rice,Punjab,Kharif,549,30.67,16838.06
Maize,Tamil Nadu,Kharif,4619,17.23,79597.49
Soybean,Punjab,Kharif,3405,20.71,70503.38
Maize,Tamil Nadu,Kharif,2762,27.68,76456.22
Cotton,Maharashtra,Rabi,4133,22.45,92778.78
Cotton,Gujarat,Kharif,1056,29.48,31128.87
Soybean,Gujarat,Kharif,2077,26.98,56030.4
Cotton,Maharashtra,Rabi,2104,32.41,68193.4
Wheat,Punjab,Kharif,2272,15.38,34947.18
Maize,Karnataka,Rabi,2326,25.38,59027.63
Maize,Gujarat,Rabi,1684,32.83,55278.57
Wheat,Maharashtra,Kharif,3853,28.83,111086.18
Rice,Maharashtra,Rabi,1597,26.52,42346.22
Rice,Gujarat,Rabi,1678,15.7,26341.91
Maize,Punjab,Rabi,4972,21.26,105728.99
Rice,Punjab,Kharif,4948,16.96,83909.28
Soybean,Tamil Nadu,Rabi,1124,28.17,31667.19
Rice,Tamil Nadu,Rabi,3086,28.72,88631.48
Cotton,Punjab,Kharif,4235,31.84,134848.83
Maize,Gujarat,Rabi,4196,17.8,74679.58
Rice,Gujarat,Kharif,3931,31.6,124220.11
Cotton,Tamil Nadu,Rabi,1985,16.15,32064.54
Cotton,Maharashtra,Rabi,2632,28.39,74733.46
Soybean,Tamil Nadu,Rabi,3104,24.32,75501.05
Cotton,Tamil Nadu,Kharif,3162,33.78,106825.47
Wheat,Tamil Nadu,Kharif,3233,32.86,106227.17
Cotton,Maharashtra,Kharif,2483,20.4,50648.04
Soybean,Punjab,Rabi,4494,17.86,80273.35
Maize,Punjab,Rabi,1774,19.57,34717.21
Rice,Karnataka,Rabi,1184,21.42,25357.47
Soybean,Gujarat,Rabi,3865,32.23,124560.02
Wheat,Maharashtra,Rabi,3309,18.22,60276.59
Maize,Maharashtra,Kharif,3252,20.17,65603.28
Cotton,Gujarat,Rabi,3586,16.39,58780.06
Soybean,Gujarat,Rabi,3437,27.77,95460.15
Wheat,Tamil Nadu,Kharif,4347,22.43,97483.73
Cotton,Punjab,Kharif,4897,28.48,139467.88
Maize,Karnataka,Kharif,1872,27.17,50868.31
Soybean,Tamil Nadu,Rabi,3119,25.66,80046.92
Maize,Gujarat,Rabi,2269,25.28,57351.02
Cotton,Tamil Nadu,Rabi,1415,19.55,27669.43
Cotton,Karnataka,Kharif,1486,21.69,32230.69
Wheat,Gujarat,Kharif,645,29.64,19116.09
Soybean,Gujarat,Rabi,1156,18.3,21154.92
Wheat,Gujarat,Kharif,1670,30.93,51654.86
Soybean,Gujarat,Rabi,1905,22.69,43223.46
Maize,Karnataka,Kharif,3508,30.6,107327.48
Maize,Punjab,Rabi,1602,24.83,39776.95
Maize,Karnataka,Kharif,1359,15.26,20739.45
Cotton,Tamil Nadu,Kharif,4452,30.82,137192.12
Wheat,Punjab,Kharif,2866,28.82,82609.28
Rice,Tamil Nadu,Rabi,1359,15.7,21335.09
Cotton,Tamil Nadu,Kharif,4021,24.13,97045.9
Maize,Tamil Nadu,Rabi,3511,32.72,114875.55
Soybean,Punjab,Rabi,4241,20.65,87562.97
Wheat,Tamil Nadu,Kharif,2853,17.44,49766.63
Maize,Maharashtra,Rabi,2465,29.12,71789.43
Wheat,Tamil Nadu,Rabi,1264,30.52,38573.88
Soybean,Gujarat,Rabi,564,15.6,8796.62
Cotton,Maharashtra,Kharif,3845,27.85,107066.13
Wheat,Punjab,Rabi,3261,25.03,81638.61
Cotton,Tamil Nadu,Rabi,3207,22.6,72479.61
Wheat,Punjab,Kharif,3163,29.95,94746.54
Wheat,Gujarat,Rabi,1690,15.26,25789.07
Wheat,Karnataka,Kharif,1807,16.36,29561.22
Rice,Karnataka,Rabi,3072,20.35,62527.04
Rice,Gujarat,Kharif,2576,32.87,84677.67
Soybean,Karnataka,Rabi,713,16.75,11939.34
Maize,Karnataka,Kharif,4840,15.33,74207.22
Soybean,Gujarat,Rabi,4435,31.99,141869.82
Cotton,Punjab,Rabi,538,15.04,8093.33
Rice,Maharashtra,Kharif,637,27.02,17211.19
Cotton,Tamil Nadu,Kharif,958,23.11,22137.95
Soybean,Tamil Nadu,Kharif,920,25.31,23283.03
Soybean,Gujarat,Rabi,4493,21.67,97344.78
Soybean,Maharashtra,Rabi,3893,27.45,106864.92
Rice,Maharashtra,Rabi,4578,31.92,146121.07
Wheat,Karnataka,Kharif,3620,28.11,101749.4
Wheat,Maharashtra,Kharif,2194,21.8,47823.95
Soybean,Karnataka,Kharif,1273,19.78,25180.6
Soybean,Tamil Nadu,Kharif,1238,32.04,39664.42
Cotton,Karnataka,Kharif,963,20.49,19735.83
Soybean,Punjab,Rabi,4017,27.64,111024.0
Soybean,Maharashtra,Rabi,1850,26.44,48922.83
Cotton,Gujarat,Kharif,1313,32.48,42640.13
Maize,Gujarat,Rabi,1368,16.87,23072.56
Rice,Maharashtra,Kharif,3431,25.3,86804.44
Cotton,Punjab,Rabi,3532,19.77,69819.32
Maize,Gujarat,Kharif,3815,31.78,121221.64
Maize,Punjab,Kharif,1756,24.54,43100.31
Maize,Tamil Nadu,Kharif,1427,17.52,25007.73
Soybean,Maharashtra,Kharif,2424,18.07,43802.62
Cotton,Gujarat,Kharif,2084,32.23,67173.25
Wheat,Maharashtra,Kharif,2703,27.84,75262.41
Wheat,Karnataka,Rabi,4437,24.7,109615.68
Maize,Gujarat,Rabi,998,19.94,19895.18
Cotton,Tamil Nadu,Rabi,4948,28.53,141174.33
Rice,Punjab,Kharif,2936,30.14,88494.91
Soybean,Karnataka,Rabi,4256,22.88,97384.51
Maize,Karnataka,Rabi,3174,18.62,59089.29
Rice,Tamil Nadu,Kharif,3166,15.7,49700.23
Wheat,Gujarat,Rabi,652,15.42,10053.05
Rice,Punjab,Rabi,4659,18.14,84537.5
Cotton,Tamil Nadu,Rabi,835,32.03,26741.01
Soybean,Punjab,Kharif,2062,22.74,46880.2
Wheat,Gujarat,Rabi,3500,21.12,73933.68
Cotton,Tamil Nadu,Rabi,891,26.67,23766.6
Soybean,Tamil Nadu,Rabi,1581,30.42,48097.81
Soybean,Tamil Nadu,Kharif,2767,23.3,64466.1
Cotton,Gujarat,Rabi,1650,30.92,51021.92
Maize,Punjab,Rabi,4967,22.85,113492.97
Maize,Tamil Nadu,Kharif,629,16.43,10334.2
Rice,Maharashtra,Rabi,3101,29.0,89940.33
Soybean,Punjab,Rabi,4642,28.5,132290.37
Rice,Punjab,Kharif,1889,16.99,32092.1
Cotton,Maharashtra,Rabi,4097,17.83,73057.32
Wheat,Punjab,Kharif,1971,28.24,55665.97
Wheat,Karnataka,Rabi,2911,18.37,53468.14
Cotton,Karnataka,Rabi,2345,18.59,43587.9
Wheat,Maharashtra,Rabi,1203,26.34,31686.1
Rice,Gujarat,Rabi,4782,19.14,91529.17
Soybean,Punjab,Rabi,1667,31.91,53198.32
Soybean,Karnataka,Rabi,995,26.38,26244.42
Soybean,Tamil Nadu,Rabi,1669,17.69,29524.93
Cotton,Tamil Nadu,Kharif,4780,21.58,103155.76
Maize,Gujarat,Kharif,3665,21.3,78069.34
Rice,Tamil Nadu,Rabi,1144,22.05,25220.89
Rice,Karnataka,Kharif,3900,18.95,73921.37
Rice,Tamil Nadu,Rabi,2995,18.36,54983.46
Soybean,Karnataka,Kharif,4823,17.67,85214.96
Maize,Maharashtra,Kharif,1782,22.88,40772.83
Maize,Tamil Nadu,Rabi,1860,28.27,52585.97
Rice,Punjab,Rabi,544,31.29,17020.74
Cotton,Karnataka,Rabi,3209,18.36,58926.95
Rice,Punjab,Rabi,522,32.8,17122.85
Rice,Karnataka,Kharif,3193,31.7,101216.83
Rice,Maharashtra,Kharif,4747,23.35,110819.87
Maize,Karnataka,Rabi,4774,21.24,101413.46
Rice,Tamil Nadu,Kharif,1927,28.44,54794.67
Soybean,Tamil Nadu,Kharif,1704,16.47,28057.91
Rice,Punjab,Kharif,1672,18.17,30372.43
Soybean,Tamil Nadu,Rabi,2643,26.87,71024.85
Soybean,Punjab,Kharif,3250,34.5,112140.91
Rice,Gujarat,Kharif,1159,24.66,28580.01
Wheat,Maharashtra,Rabi,3383,27.92,94461.83
Cotton,Karnataka,Kharif,4606,23.76,109453.13
Soybean,Punjab,Rabi,4912,24.64,121047.26
Wheat,Punjab,Kharif,4737,30.69,145373.71
Maize,Tamil Nadu,Rabi,1518,18.07,27423.91
Wheat,Gujarat,Rabi,4123,26.55,109470.12
Wheat,Punjab,Kharif,1412,16.71,23597.7
Maize,Karnataka,Kharif,3472,25.39,88149.01
Cotton,Gujarat,Rabi,2128,27.81,59173.98
Maize,Maharashtra,Rabi,3430,33.94,116430.89
Rice,Maharashtra,Rabi,3298,20.67,68157.53
Cotton,Maharashtra,Rabi,4659,33.15,154439.72
Cotton,Karnataka,Kharif,4296,24.34,104572.58
Maize,Tamil Nadu,Rabi,3739,29.62,110761.94
Rice,Karnataka,Kharif,4654,29.6,137757.57
Soybean,Punjab,Kharif,2072,32.0,66294.69
Soybean,Maharashtra,Kharif,3267,24.96,81532.53
Maize,Gujarat,Kharif,1272,25.54,32482.86
Maize,Karnataka,Rabi,2531,24.68,62469.4
Wheat,Punjab,Rabi,3333,16.22,54067.24
Wheat,Maharashtra,Kharif,1663,33.34,55447.61
Soybean,Karnataka,Kharif,4931,22.01,108544.63
Rice,Punjab,Kharif,3767,24.59,92631.61
Cotton,Punjab,Kharif,2904,30.99,89983.19
Soybean,Gujarat,Kharif,1480,30.76,45530.16
Cotton,Punjab,Rabi,3565,31.21,111269.36
Maize,Maharashtra,Kharif,3591,29.46,105807.99
Soybean,Karnataka,Rabi,891,23.36,20815.52
Wheat,Tamil Nadu,Rabi,2669,23.01,61423.72
Soybean,Gujarat,Rabi,3252,30.5,99182.1
Wheat,Karnataka,Rabi,1231,19.79,24365.6
Maize,Karnataka,Rabi,4588,15.53,71247.48
Maize,Karnataka,Kharif,4545,20.97,95303.84
Soybean,Karnataka,Rabi,3232,34.89,112769.39
Cotton,Punjab,Kharif,3872,18.95,73360.78
Soybean,Gujarat,Rabi,3646,28.62,104334.81
Maize,Karnataka,Rabi,3891,27.78,108094.21
Soybean,Gujarat,Kharif,3737,32.33,120826.01
Rice,Karnataka,Kharif,3218,15.3,49228.43
Cotton,Maharashtra,Kharif,2611,26.96,70394.32
Soybean,Punjab,Rabi,3985,23.39,93228.33
Maize,Gujarat,Rabi,4839,16.93,81925.88
Maize,Punjab,Rabi,567,28.47,16140.99
Cotton,Tamil Nadu,Rabi,1839,21.86,40207.91
Wheat,Punjab,Rabi,3539,23.5,83179.66
Soybean,Gujarat,Kharif,3878,23.61,91541.83
Cotton,Maharashtra,Kharif,4940,22.09,109147.95
Wheat,Maharashtra,Rabi,4107,16.75,68811.25
Soybean,Gujarat,Kharif,3689,30.93,114087.91
Maize,Maharashtra,Kharif,4344,31.74,137887.32
Cotton,Karnataka,Rabi,2463,26.01,64071.21
Wheat,Tamil Nadu,Kharif,3103,21.54,66849.71
Cotton,Tamil Nadu,Kharif,1355,25.9,35091.98
Soybean,Gujarat,Rabi,4381,20.27,88824.73
Wheat,Gujarat,Rabi,2038,33.73,68732.17
Maize,Maharashtra,Rabi,3761,26.04,97927.81
Maize,Gujarat,Rabi,3248,26.28,85347.08
Maize,Tamil Nadu,Kharif,3550,19.44,68998.56
Wheat,Tamil Nadu,Rabi,4914,16.72,82145.36
Soybean,Gujarat,Kharif,4864,17.44,84809.95
Maize,Tamil Nadu,Kharif,4901,30.24,148227.59
Wheat,Karnataka,Kharif,2098,15.63,32788.13
Rice,Maharashtra,Rabi,1841,34.58,63655.54
Cotton,Tamil Nadu,Kharif,3795,18.64,70737.22
Wheat,Karnataka,Kharif,1702,23.26,39594.29
Rice,Maharashtra,Kharif,3324,34.38,114265.43
Wheat,Maharashtra,Rabi,4296,30.46,130852.55
Cotton,Maharashtra,Rabi,2123,26.29,55816.03
Soybean,Tamil Nadu,Rabi,3751,15.15,56825.76
Wheat,Gujarat,Rabi,2975,30.9,91924.48
Cotton,Karnataka,Rabi,762,22.36,17036.83
Rice,Tamil Nadu,Kharif,1369,16.82,23021.26
Wheat,Maharashtra,Kharif,726,28.69,20830.51
Maize,Punjab,Rabi,1391,34.82,48438.37
Cotton,Tamil Nadu,Kharif,2904,16.45,47768.63
Wheat,Punjab,Rabi,3381,16.26,54958.84
Rice,Tamil Nadu,Kharif,4283,18.5,79254.12
Maize,Punjab,Rabi,3185,18.06,57506.4
Soybean,Karnataka,Kharif,1130,27.17,30697.86
Rice,Tamil Nadu,Rabi,4477,27.32,122329.33
Wheat,Maharashtra,Kharif,607,22.83,13857.7
Cotton,Punjab,Rabi,2693,24.21,65194.66
Cotton,Punjab,Rabi,558,21.18,11820.9
Cotton,Maharashtra,Rabi,4117,34.98,144025.97
Rice,Tamil Nadu,Kharif,1820,18.95,34491.49
Soybean,Karnataka,Rabi,2245,33.91,76134.87
Soybean,Maharashtra,Rabi,2937,32.82,96390.39
Soybean,Karnataka,Rabi,3105,33.33,103503.42
Cotton,Punjab,Kharif,2481,27.71,68747.73
Cotton,Gujarat,Kharif,2724,30.28,82473.69
Maize,Gujarat,Kharif,1347,19.94,26855.29
Wheat,Gujarat,Kharif,4638,26.01,120648.22
Wheat,Tamil Nadu,Rabi,4080,20.62,84114.72
Cotton,Karnataka,Rabi,4033,20.45,82475.58
Cotton,Tamil Nadu,Kharif,4103,26.38,108218.87
Rice,Maharashtra,Kharif,3676,26.63,97900.12
Rice,Karnataka,Rabi,2974,16.04,47717.61
Wheat,Karnataka,Rabi,2863,16.86,48282.56
Rice,Gujarat,Rabi,2791,17.1,47729.0
Cotton,Karnataka,Kharif,4148,24.26,100635.92
Rice,Maharashtra,Rabi,4447,20.51,91221.52
Soybean,Punjab,Kharif,4760,31.91,151899.94
Maize,Karnataka,Kharif,2075,21.95,45541.5
Soybean,Gujarat,Rabi,3564,24.15,86068.81
Wheat,Maharashtra,Kharif,3622,30.3,109756.99
Soybean,Tamil Nadu,Rabi,3131,17.77,55623.8
Cotton,Tamil Nadu,Kharif,2592,18.06,46810.97
Wheat,Gujarat,Kharif,835,20.32,16965.82
Cotton,Maharashtra,Rabi,3389,31.09,105356.84
Maize,Punjab,Rabi,4205,28.67,120547.55
Cotton,Punjab,Rabi,550,31.78,17477.39
Wheat,Gujarat,Kharif,2430,22.24,54051.26
Maize,Maharashtra,Kharif,3973,21.44,85191.78
Soybean,Tamil Nadu,Rabi,1058,19.5,20633.69
Maize,Tamil Nadu,Rabi,919,31.5,28948.11
Maize,Punjab,Rabi,2695,28.88,77824.21
Cotton,Punjab,Kharif,3153,31.02,97808.69
Maize,Karnataka,Kharif,3665,17.71,64904.56
Rice,Punjab,Kharif,4164,17.81,74174.28
Maize,Punjab,Kharif,1458,21.99,32056.32
Cotton,Gujarat,Rabi,843,31.67,26693.7
Wheat,Maharashtra,Kharif,1557,18.11,28195.54
Soybean,Karnataka,Rabi,3437,34.01,116893.47
Cotton,Karnataka,Rabi,2185,15.82,34556.85
Wheat,Maharashtra,Kharif,1044,30.7,32054.0
Rice,Tamil Nadu,Kharif,4225,30.94,130727.63
Rice,Tamil Nadu,Kharif,1551,31.27,48498.81
Maize,Karnataka,Kharif,1712,25.08,42943.7
Soybean,Gujarat,Rabi,3713,34.4,127731.05
Rice,Tamil Nadu,Rabi,2432,18.45,44881.27
Rice,Tamil Nadu,Rabi,1781,20.47,36454.33
Rice,Maharashtra,Rabi,1890,21.4,40451.79
Maize,Maharashtra,Rabi,4320,21.41,92506.7
Cotton,Gujarat,Rabi,1955,19.56,38230.65
Wheat,Maharashtra,Rabi,3810,16.19,61690.25
Cotton,Maharashtra,Kharif,1453,19.29,28028.46
Wheat,Maharashtra,Rabi,4485,31.36,140668.14
Rice,Punjab,Kharif,757,18.22,13793.17
Maize,Maharashtra,Kharif,1513,22.97,34750.24
Soybean,Maharashtra,Rabi,3004,20.04,60215.16
Soybean,Gujarat,Kharif,4996,18.11,90482.5
Soybean,Maharashtra,Kharif,1105,17.52,19364.64
Cotton,Gujarat,Rabi,4240,25.35,107503.56
Soybean,Maharashtra,Kharif,3283,20.57,67536.3
Wheat,Maharashtra,Kharif,1553,30.8,47832.87
Wheat,Gujarat,Rabi,4393,28.19,123841.63
Soybean,Maharashtra,Kharif,2219,15.11,33535.25
Wheat,Tamil Nadu,Kharif,1784,30.67,54713.28
Wheat,Tamil Nadu,Kharif,3022,23.64,71446.23
Cotton,Gujarat,Rabi,4197,26.27,110270.12
Wheat,Punjab,Rabi,2598,19.32,50198.75
Rice,Gujarat,Rabi,993,24.29,24119.89
Rice,Tamil Nadu,Rabi,4399,15.68,68961.7
Maize,Punjab,Kharif,4483,22.64,101473.16
Rice,Punjab,Kharif,2845,34.26,97457.98
Rice,Maharashtra,Rabi,4825,15.41,74360.36
Cotton,Karnataka,Kharif,4140,29.69,122914.83
Cotton,Punjab,Kharif,2665,33.63,89624.39
Maize,Punjab,Kharif,1644,19.64,32285.26
Soybean,Punjab,Rabi,4418,25.01,110477.46
Cotton,Tamil Nadu,Kharif,3074,28.86,88728.77
Wheat,Gujarat,Rabi,4763,20.31,96721.38
Rice,Maharashtra,Kharif,4838,29.45,142499.29
Soybean,Karnataka,Rabi,1609,27.05,43521.49
Soybean,Gujarat,Rabi,1129,19.68,22213.41
Cotton,Gujarat,Kharif,4271,19.28,82358.89
Cotton,Karnataka,Kharif,938,33.91,31806.53
Wheat,Tamil Nadu,Kharif,3069,15.23,46750.02
Cotton,Gujarat,Rabi,686,32.26,22132.23
Cotton,Tamil Nadu,Kharif,3914,28.46,111403.12
Rice,Karnataka,Kharif,1302,31.14,40538.21
Maize,Gujarat,Rabi,4509,23.28,104977.14
Soybean,Punjab,Rabi,4751,31.15,147995.21
Rice,Punjab,Kharif,4894,15.58,76264.33
Soybean,Maharashtra,Rabi,2031,21.26,43169.24
Wheat,Maharashtra,Kharif,750,15.84,11880.43
Cotton,Gujarat,Kharif,4899,26.19,128281.61
Rice,Tamil Nadu,Rabi,2386,25.78,61505.75
Wheat,Punjab,Rabi,1049,16.29,17093.04
Wheat,Punjab,Rabi,4152,25.0,103807.44
Maize,Gujarat,Rabi,1795,27.85,49991.32
Cotton,Punjab,Rabi,2980,21.45,63916.09
Rice,Karnataka,Kharif,4371,17.48,76415.92
Soybean,Tamil Nadu,Rabi,3798,25.16,95573.91
Soybean,Karnataka,Rabi,1678,33.93,56933.18
Maize,Tamil Nadu,Rabi,4568,28.61,130670.03
Rice,Punjab,Kharif,3031,25.37,76903.07
Soybean,Punjab,Rabi,3073,15.43,47413.55
Maize,Gujarat,Rabi,588,27.56,16202.43
Wheat,Tamil Nadu,Rabi,2969,30.26,89832.07
Soybean,Gujarat,Kharif,4527,27.32,123692.81
Rice,Maharashtra,Rabi,3930,27.87,109525.72
Rice,Tamil Nadu,Rabi,2939,26.04,76528.98
Wheat,Punjab,Kharif,4727,33.64,159002.21
Maize,Tamil Nadu,Rabi,4241,17.2,72930.06
Maize,Maharashtra,Rabi,1802,30.2,54419.03
Maize,Gujarat,Kharif,4115,30.75,126544.87
Maize,Karnataka,Kharif,3939,15.22,59931.97
Soybean,Punjab,Rabi,916,24.1,22076.15
Wheat,Maharashtra,Rabi,504,19.05,9599.77
Maize,Tamil Nadu,Rabi,4063,23.37,94941.12
Maize,Karnataka,Kharif,4532,15.65,70921.64
Rice,Tamil Nadu,Kharif,1850,17.31,32022.46
Cotton,Maharashtra,Rabi,4756,18.35,87278.63
Rice,Maharashtra,Rabi,3594,34.46,123841.79
Rice,Maharashtra,Rabi,4145,23.11,95770.99
Rice,Punjab,Rabi,3165,19.49,61689.86
Wheat,Karnataka,Rabi,3943,25.08,98897.8
Soybean,Tamil Nadu,Kharif,2195,18.23,40006.67
Rice,Punjab,Rabi,4598,31.77,146076.9
Soybean,Gujarat,Kharif,4716,23.12,109011.76
Soybean,Gujarat,Rabi,1475,29.24,43127.68
Wheat,Karnataka,Kharif,4940,34.98,172789.02
Wheat,Punjab,Kharif,1551,24.59,38144.48
Maize,Karnataka,Rabi,575,27.97,16081.69
Rice,Gujarat,Kharif,4440,26.08,115799.77
Cotton,Tamil Nadu,Rabi,4904,24.33,119296.43
Rice,Karnataka,Kharif,4003,17.75,71056.94
Maize,Punjab,Kharif,4385,32.73,143522.41
Maize,Karnataka,Rabi,4461,28.94,129086.05
Wheat,Maharashtra,Kharif,2650,34.01,90121.19
Rice,Maharashtra,Kharif,2933,20.24,59374.28
Soybean,Maharashtra,Kharif,4996,15.64,78124.82
Maize,Karnataka,Rabi,1840,29.03,53417.38
Wheat,Karnataka,Kharif,2332,32.27,75252.47
Maize,Maharashtra,Rabi,4358,34.25,149250.28
Soybean,Tamil Nadu,Rabi,4725,19.04,89979.34
Wheat,Tamil Nadu,Rabi,896,31.99,28659.53
Cotton,Maharashtra,Rabi,2017,23.25,46902.96
Soybean,Punjab,Rabi,2817,32.4,91283.03
Soybean,Karnataka,Kharif,4054,23.75,96286.28
Soybean,Maharashtra,Kharif,635,25.18,15991.71
Maize,Karnataka,Kharif,869,32.31,28073.53
Rice,Maharashtra,Kharif,3306,23.32,77098.5
Rice,Karnataka,Rabi,2577,17.38,44790.15
Cotton,Maharashtra,Rabi,2152,32.08,69036.77
Cotton,Maharashtra,Kharif,3533,23.96,84642.37
Wheat,Tamil Nadu,Rabi,4849,24.16,117172.08
Soybean,Maharashtra,Kharif,2124,30.2,64146.12
Maize,Gujarat,Rabi,1251,20.84,26076.13
Cotton,Gujarat,Kharif,2659,28.14,74821.62
Rice,Tamil Nadu,Rabi,2164,27.17,58802.09
Rice,Punjab,Kharif,1396,26.87,37513.78
Cotton,Gujarat,Rabi,2278,30.34,69123.59
Cotton,Gujarat,Rabi,4712,17.36,81823.85
Soybean,Maharashtra,Kharif,1717,23.49,40324.24
Rice,Maharashtra,Kharif,844,24.82,20945.27
Rice,Maharashtra,Kharif,3465,24.64,85372.05
Maize,Karnataka,Kharif,3898,23.41,91261.81
Rice,Gujarat,Rabi,2458,20.33,49979.09
Maize,Maharashtra,Rabi,2914,24.73,72061.7
Rice,Punjab,Kharif,3915,33.16,129817.54
Rice,Tamil Nadu,Kharif,1094,28.67,31365.32
Wheat,Punjab,Kharif,2560,24.43,62531.38
Soybean,Gujarat,Kharif,4180,21.24,88766.9
Wheat,Maharashtra,Kharif,4455,29.94,133365.95
Maize,Maharashtra,Kharif,4797,21.88,104980.14
Rice,Karnataka,Rabi,3647,20.26,73877.63
Soybean,Gujarat,Kharif,1916,23.17,44397.32
Soybean,Tamil Nadu,Kharif,3147,25.23,79400.99
Soybean,Punjab,Rabi,2046,22.83,46702.27
Soybean,Punjab,Rabi,4804,28.94,139048.42
Rice,Karnataka,Rabi,4417,17.3,76432.22
Maize,Tamil Nadu,Kharif,1871,23.85,44622.71
Rice,Gujarat,Rabi,4732,32.35,153059.6
Wheat,Gujarat,Kharif,4398,33.97,149409.82
Soybean,Maharashtra,Rabi,2522,21.68,54679.54
Rice,Tamil Nadu,Rabi,1453,18.36,26679.43
Soybean,Maharashtra,Rabi,1611,19.99,32202.53
Cotton,Punjab,Kharif,1067,19.53,20838.63
Wheat,Karnataka,Kharif,4785,29.56,141462.48
Soybean,Punjab,Kharif,3782,22.25,84166.59
Soybean,Punjab,Rabi,1666,31.22,52010.13
Maize,Maharashtra,Rabi,3875,33.54,129954.5
Wheat,Karnataka,Kharif,4909,27.56,135299.69
Rice,Karnataka,Rabi,3200,32.02,102473.7
Soybean,Gujarat,Rabi,2764,25.27,69854.66
Rice,Gujarat,Kharif,4146,19.73,81787.58
Maize,Tamil Nadu,Rabi,4310,15.2,65512.75
Soybean,Maharashtra,Rabi,520,32.49,16892.72
Wheat,Gujarat,Kharif,2822,17.29,48783.7
Soybean,Gujarat,Rabi,1487,32.85,48848.39
Wheat,Punjab,Rabi,3272,25.26,82657.05
Cotton,Punjab,Kharif,3295,19.03,62695.47
Cotton,Tamil Nadu,Kharif,4178,18.12,75700.39
Wheat,Karnataka,Kharif,4012,20.96,84080.46
Rice,Karnataka,Rabi,3628,25.14,91192.99
Wheat,Tamil Nadu,Rabi,3801,28.76,109299.72
Maize,Tamil Nadu,Kharif,1144,29.13,33319.54
Wheat,Punjab,Rabi,693,30.26,20973.58
Cotton,Tamil Nadu,Kharif,4579,30.78,140919.78
Wheat,Punjab,Rabi,4781,34.47,164786.07
Cotton,Punjab,Rabi,844,30.55,25782.21
Wheat,Gujarat,Rabi,639,33.32,21288.89
Wheat,Punjab,Kharif,521,22.07,11499.55
Wheat,Maharashtra,Kharif,2327,23.76,55279.55
Wheat,Punjab,Rabi,4768,25.51,121639.89
Rice,Tamil Nadu,Kharif,3188,24.73,78854.2
Soybean,Tamil Nadu,Kharif,3467,26.28,91098.97
Rice,Gujarat,Kharif,733,20.47,15006.98
Rice,Gujarat,Kharif,1485,18.98,28178.22
Maize,Gujarat,Kharif,2015,17.16,34570.81
Cotton,Gujarat,Kharif,627,27.96,17532.11
Rice,Karnataka,Rabi,4762,21.41,101949.16
Cotton,Punjab,Kharif,2430,21.44,52106.82
Cotton,Karnataka,Kharif,3110,32.63,101481.49
Cotton,Karnataka,Rabi,2041,33.76,68908.99
Rice,Karnataka,Rabi,3630,21.68,78685.21
Cotton,Karnataka,Rabi,1204,29.7,35764.61
Rice,Karnataka,Rabi,4969,28.77,142955.87
Rice,Gujarat,Kharif,2516,21.87,55022.55
Maize,Tamil Nadu,Rabi,2012,33.58,67568.61
Wheat,Tamil Nadu,Kharif,1733,20.15,34915.12
Soybean,Punjab,Kharif,4369,19.99,87355.85
Cotton,Punjab,Kharif,2304,31.05,71538.99
Soybean,Karnataka,Rabi,1474,28.08,41390.98
Maize,Tamil Nadu,Rabi,4296,27.95,120055.18
Rice,Punjab,Rabi,3311,18.12,59994.8
Rice,Maharashtra,Rabi,2557,34.84,89075.9
Soybean,Maharashtra,Rabi,2974,22.58,67154.25
Maize,Punjab,Rabi,1301,23.68,30808.73
Soybean,Tamil Nadu,Kharif,4354,22.21,96702.82
Soybean,Tamil Nadu,Kharif,2263,19.3,43686.38
Maize,Tamil Nadu,Rabi,2138,17.25,36881.25
Rice,Maharashtra,Kharif,1324,32.08,42468.39
Cotton,Maharashtra,Kharif,4421,25.58,113109.52
Rice,Maharashtra,Rabi,3568,18.94,67563.51
Rice,Gujarat,Rabi,4438,18.32,81293.27
Cotton,Tamil Nadu,Kharif,3683,26.69,98291.96
Soybean,Punjab,Kharif,2175,33.71,73313.26
Wheat,Gujarat,Kharif,4375,23.66,103526.62
Cotton,Punjab,Kharif,3108,24.71,76802.04
Rice,Maharashtra,Kharif,3251,15.76,51238.04
Rice,Tamil Nadu,Kharif,3415,30.52,104224.06
Wheat,Maharashtra,Rabi,540,21.16,11423.78
Wheat,Gujarat,Rabi,4203,28.83,121191.12
Wheat,Punjab,Kharif,3667,34.32,125843.8
Rice,Gujarat,Rabi,1287,29.96,38561.69
Cotton,Tamil Nadu,Kharif,4256,27.61,117507.32
Rice,Punjab,Kharif,1496,19.82,29648.8
Soybean,Maharashtra,Rabi,1672,22.84,38180.27
Soybean,Punjab,Rabi,4462,33.31,148615.74
Wheat,Tamil Nadu,Kharif,1562,24.53,38321.91
Soybean,Punjab,Rabi,1451,24.75,35914.22
Soybean,Maharashtra,Kharif,3709,31.42,116539.73
Cotton,Punjab,Rabi,2101,27.35,57453.77
Maize,Gujarat,Rabi,3052,31.87,97264.01
Rice,Gujarat,Kharif,2345,25.77,60425.11
Rice,Maharashtra,Rabi,4152,21.8,90499.6
Soybean,Gujarat,Rabi,4848,29.58,143420.76
Rice,Karnataka,Rabi,2619,22.07,57799.16
Maize,Maharashtra,Rabi,4859,32.38,157311.45
Maize,Karnataka,Rabi,3502,27.48,96234.88
Rice,Tamil Nadu,Rabi,1190,34.45,40994.96
Wheat,Maharashtra,Rabi,3927,24.31,95482.19
Rice,Maharashtra,Kharif,2162,18.56,40135.16
Soybean,Gujarat,Kharif,1912,28.43,54364.54
Wheat,Punjab,Kharif,3028,22.92,69392.3
Cotton,Gujarat,Kharif,1162,29.05,33753.3
Cotton,Maharashtra,Rabi,2408,33.92,81690.82
Maize,Maharashtra,Rabi,3170,29.1,92249.66
Wheat,Punjab,Rabi,2835,27.61,78279.41
Soybean,Karnataka,Kharif,4583,34.48,158008.66
Soybean,Maharashtra,Kharif,4627,20.95,96923.26
Maize,Gujarat,Rabi,2229,22.67,50529.85
Wheat,Maharashtra,Rabi,806,20.41,16452.02
Soybean,Tamil Nadu,Rabi,2120,16.84,35706.91
Rice,Karnataka,Rabi,2579,33.03,85194.09
Wheat,Gujarat,Rabi,1542,34.51,53208.77
Soybean,Tamil Nadu,Kharif,2803,17.05,47799.27
Cotton,Karnataka,Kharif,4004,30.59,122497.09
Cotton,Gujarat,Kharif,3339,34.83,116289.26
Cotton,Punjab,Rabi,3006,21.43,64431.75
Maize,Tamil Nadu,Kharif,2120,27.13,57516.56
Wheat,Tamil Nadu,Rabi,2241,19.77,44310.6
Soybean,Maharashtra,Rabi,1899,26.07,49504.97
Wheat,Karnataka,Kharif,2052,18.56,38086.38
Maize,Gujarat,Kharif,2906,25.24,73358.75
Maize,Punjab,Rabi,2550,30.47,77690.28
Rice,Gujarat,Rabi,3900,30.01,117056.49
Maize,Karnataka,Kharif,4832,30.29,146345.44
Maize,Gujarat,Kharif,1425,31.42,44772.82
Cotton,Punjab,Rabi,1741,17.35,30208.7
Rice,Punjab,Kharif,4382,16.69,73135.47
Maize,Gujarat,Kharif,4621,25.84,119404.05
Soybean,Tamil Nadu,Kharif,1406,23.4,32905.56
Soybean,Maharashtra,Rabi,1634,17.07,27894.69
Maize,Karnataka,Kharif,4869,20.39,99257.05
Cotton,Punjab,Rabi,4383,19.64,86074.32
Maize,Maharashtra,Rabi,1557,22.04,34318.06
Rice,Punjab,Kharif,527,28.59,15067.5
Wheat,Gujarat,Kharif,3138,32.01,100442.47
Cotton,Gujarat,Rabi,1342,29.7,39855.22
Rice,Maharashtra,Rabi,1537,34.33,52758.74
Rice,Karnataka,Kharif,2812,28.75,80859.05
Wheat,Karnataka,Rabi,1469,20.86,30646.46
Soybean,Gujarat,Kharif,4192,29.37,123104.16
Cotton,Karnataka,Rabi,1188,24.78,29433.67
Rice,Maharashtra,Kharif,4660,15.5,72212.78
Maize,Maharashtra,Rabi,1517,16.89,25623.21
Cotton,Punjab,Kharif,4281,27.78,118916.5
Cotton,Maharashtra,Kharif,2847,26.76,76173.53
Maize,Punjab,Kharif,3240,24.41,79099.9
Wheat,Gujarat,Kharif,3419,22.49,76888.34
Cotton,Maharashtra,Rabi,1205,20.03,24137.13
Wheat,Karnataka,Kharif,812,18.34,14891.73
Soybean,Maharashtra,Rabi,4978,27.52,136987.07
Wheat,Maharashtra,Kharif,3661,17.24,63102.33
Soybean,Punjab,Rabi,1079,17.23,18586.36
Cotton,Karnataka,Rabi,2914,19.55,56960.88
Cotton,Punjab,Kharif,634,19.12,12125.18
Wheat,Punjab,Rabi,2604,31.78,82757.86
Wheat,Gujarat,Kharif,4317,22.39,96674.46
Wheat,Punjab,Kharif,1492,19.38,28914.44
Wheat,Karnataka,Kharif,1087,21.52,23390.78
Soybean,Karnataka,Rabi,3543,31.38,111190.82
Maize,Tamil Nadu,Kharif,4852,28.36,137582.76
Cotton,Maharashtra,Kharif,1915,31.95,61181.8
Rice,Maharashtra,Rabi,2319,30.5,70740.08
Rice,Gujarat,Kharif,1596,30.32,48390.36
Cotton,Maharashtra,Rabi,2542,16.39,41662.64
Rice,Maharashtra,Kharif,3793,25.47,96615.79
Soybean,Karnataka,Kharif,901,31.16,28077.81
Maize,Karnataka,Kharif,4109,16.05,65959.38
Rice,Maharashtra,Kharif,4836,30.7,148457.94
Wheat,Tamil Nadu,Kharif,3343,31.17,104189.28
Soybean,Maharashtra,Kharif,4503,28.61,128833.07
Cotton,Karnataka,Rabi,910,16.26,14792.13
Maize,Karnataka,Rabi,4460,17.68,78872.74
Cotton,Punjab,Kharif,2177,27.73,60359.34
Soybean,Tamil Nadu,Kharif,3392,24.79,84094.54
Maize,Punjab,Kharif,1211,18.65,22586.32
Wheat,Karnataka,Kharif,1773,20.42,36198.77
Soybean,Maharashtra,Rabi,4087,20.57,84084.56
Soybean,Karnataka,Kharif,1035,25.74,26635.86
Maize,Maharashtra,Rabi,3813,30.38,115821.37
Cotton,Tamil Nadu,Rabi,1572,25.35,39844.52
Soybean,Gujarat,Rabi,3543,22.63,80176.2
Rice,Tamil Nadu,Kharif,4581,27.4,125533.51
Rice,Karnataka,Kharif,1055,30.65,32333.63
Soybean,Maharashtra,Kharif,3665,26.29,96365.98
Wheat,Maharashtra,Kharif,3252,33.98,110496.69
Wheat,Tamil Nadu,Rabi,2492,27.94,69634.86
Soybean,Tamil Nadu,Rabi,610,15.9,9701.35
Wheat,Punjab,Rabi,2119,33.32,70604.18
Maize,Maharashtra,Rabi,4672,25.54,119341.16
Cotton,Karnataka,Rabi,3397,29.55,100366.75
Wheat,Tamil Nadu,Kharif,4703,32.38,152294.7
Rice,Tamil Nadu,Kharif,4178,20.46,85501.17
Rice,Gujarat,Rabi,2960,25.65,75926.38
Cotton,Tamil Nadu,Kharif,2388,22.71,54220.42
Rice,Maharashtra,Rabi,665,23.05,15329.45
Cotton,Maharashtra,Kharif,2715,34.3,93126.78
Maize,Tamil Nadu,Rabi,1804,29.08,52456.51
Maize,Maharashtra,Rabi,4590,18.41,84481.1
Rice,Maharashtra,Kharif,1262,23.84,30091.42
Cotton,Punjab,Kharif,2819,17.24,48599.54
Cotton,Gujarat,Rabi,4115,27.79,114347.85
Rice,Punjab,Rabi,2897,17.16,49719.13
Wheat,Maharashtra,Kharif,2715,34.08,92537.22
Maize,Karnataka,Rabi,3846,18.95,72889.09
Maize,Karnataka,Kharif,1120,22.62,25338.98
Maize,Karnataka,Rabi,1773,18.04,31986.9
Cotton,Punjab,Kharif,2959,18.67,55244.08
Wheat,Maharashtra,Kharif,726,18.23,13234.83
Soybean,Maharashtra,Kharif,1058,24.68,26110.65
Maize,Punjab,Kharif,1975,28.78,56841.39
Rice,Maharashtra,Kharif,4980,25.77,128339.01
Maize,Gujarat,Rabi,1753,23.44,41086.07
Wheat,Maharashtra,Kharif,3960,31.1,123158.61
Maize,Karnataka,Rabi,1449,17.97,26037.97
Rice,Maharashtra,Rabi,3856,32.58,125624.09
Soybean,Tamil Nadu,Kharif,3162,25.86,81783.03
Wheat,Punjab,Rabi,3122,34.81,108670.55
Soybean,Tamil Nadu,Rabi,3894,30.28,117929.56
Wheat,Tamil Nadu,Kharif,3783,21.19,80146.71
Rice,Karnataka,Kharif,799,27.34,21840.71
Maize,Punjab,Rabi,2994,24.34,72884.89
Rice,Karnataka,Rabi,4962,20.23,100400.54
Soybean,Punjab,Rabi,894,17.96,16055.1
Wheat,Karnataka,Kharif,1477,21.47,31710.7
Rice,Karnataka,Rabi,4070,24.7,100548.22
Wheat,Maharashtra,Kharif,2694,30.56,82325.28
Wheat,Karnataka,Rabi,1911,23.63,45165.09
Wheat,Maharashtra,Kharif,2848,29.5,84020.87
Maize,Tamil Nadu,Kharif,2408,18.84,45356.05
Maize,Maharashtra,Kharif,2084,15.59,32493.67
Rice,Gujarat,Kharif,3127,34.34,107371.88
Wheat,Punjab,Kharif,2237,24.72,55295.14
Wheat,Punjab,Rabi,1073,19.34,20755.18
Wheat,Punjab,Rabi,2210,18.67,41268.45
Rice,Tamil Nadu,Kharif,1994,15.88,31656.99
Soybean,Karnataka,Rabi,4760,17.23,81996.15
Maize,Gujarat,Rabi,4347,16.2,70406.96
Cotton,Tamil Nadu,Rabi,4645,15.53,72137.95
Cotton,Karnataka,Kharif,3431,18.87,64745.73
Maize,Karnataka,Rabi,2998,19.98,59885.47
Wheat,Tamil Nadu,Rabi,4882,16.68,81414.05
Wheat,Punjab,Kharif,2774,32.15,89176.31
Rice,Punjab,Kharif,2928,15.57,45586.44
Maize,Maharashtra,Rabi,2479,34.24,84874.95
Cotton,Karnataka,Rabi,1283,28.91,37088.74
Soybean,Karnataka,Kharif,3569,17.5,62472.82
Soybean,Punjab,Rabi,3182,32.1,102133.44
Soybean,Gujarat,Kharif,1338,15.53,20777.3
Cotton,Karnataka,Kharif,4645,26.54,123280.89
Maize,Maharashtra,Rabi,2462,24.93,61373.19
Maize,Maharashtra,Rabi,4330,25.91,112210.11
Wheat,Gujarat,Kharif,1589,29.52,46912.65
Cotton,Maharashtra,Rabi,2319,23.99,55644.4
Maize,Karnataka,Kharif,1142,21.71,24797.46
Rice,Tamil Nadu,Kharif,1024,20.11,20593.06
Cotton,Tamil Nadu,Rabi,1998,26.2,52345.03
Cotton,Tamil Nadu,Kharif,4306,24.12,103841.67
Maize,Karnataka,Kharif,3549,23.06,81841.16
Cotton,Punjab,Rabi,4964,19.09,94755.63
Rice,Maharashtra,Rabi,1147,34.57,39656.71
Soybean,Maharashtra,Rabi,1127,32.95,37134.32
Rice,Gujarat,Rabi,1618,33.03,53437.13
Wheat,Gujarat,Rabi,1379,33.27,45874.19
Cotton,Tamil Nadu,Rabi,2860,27.19,77760.35
Cotton,Gujarat,Rabi,1754,22.09,38748.48
Cotton,Gujarat,Rabi,2557,15.56,39784.21
Maize,Gujarat,Rabi,4947,25.2,124680.41
Wheat,Tamil Nadu,Rabi,3573,28.08,100345.61
Cotton,Karnataka,Kharif,3784,29.35,111050.04
Maize,Punjab,Kharif,1203,16.12,19389.41
Cotton,Gujarat,Kharif,3360,34.27,115135.92
Rice,Punjab,Rabi,3095,28.74,88964.46
Wheat,Gujarat,Kharif,2187,32.5,71079.29
Wheat,Maharashtra,Kharif,1717,26.7,45848.17
Wheat,Gujarat,Kharif,3716,21.71,80672.2
Rice,Tamil Nadu,Kharif,2157,24.34,52511.51
Soybean,Maharashtra,Kharif,3273,19.9,65129.96
Maize,Karnataka,Rabi,2688,30.37,81633.37
Soybean,Gujarat,Kharif,3453,34.99,120835.7
Cotton,Punjab,Rabi,4380,26.5,116088.39
Rice,Tamil Nadu,Rabi,4303,24.88,107046.28
Cotton,Punjab,Kharif,2937,24.38,71611.59
Wheat,Gujarat,Rabi,4781,27.1,129550.25
Cotton,Tamil Nadu,Kharif,2264,30.58,69224.2
Rice,Karnataka,Rabi,648,17.06,11054.4
Rice,Maharashtra,Kharif,562,30.45,17110.78
Soybean,Tamil Nadu,Rabi,3199,34.28,109661.91
Rice,Tamil Nadu,Rabi,1311,16.36,21450.81
Wheat,Karnataka,Rabi,2191,25.92,56791.78
Maize,Maharashtra,Rabi,3834,28.52,109363.75
Maize,Punjab,Kharif,2395,29.82,71422.2
Rice,Gujarat,Rabi,623,26.33,16402.42
Rice,Punjab,Kharif,4871,31.57,153792.9
Maize,Maharashtra,Rabi,3360,31.59,106142.84
Rice,Maharashtra,Kharif,872,19.36,16879.25
Maize,Punjab,Rabi,3002,26.03,78147.39
Rice,Maharashtra,Kharif,1651,28.67,47338.66
Soybean,Tamil Nadu,Kharif,2176,23.22,50537.46
Maize,Karnataka,Rabi,2606,26.7,69588.8
Rice,Tamil Nadu,Rabi,1486,31.97,47512.66
Rice,Punjab,Rabi,970,32.2,31233.49
Wheat,Karnataka,Rabi,1115,23.95,26703.92
Maize,Gujarat,Rabi,4365,26.87,117279.86
Rice,Maharashtra,Kharif,3275,15.45,50610.46
Soybean,Karnataka,Rabi,1949,29.73,57936.93
Soybean,Punjab,Rabi,1931,19.61,37859.98
Wheat,Punjab,Rabi,3874,24.98,96757.32
Maize,Karnataka,Rabi,3823,22.88,87456.58
Maize,Maharashtra,Kharif,2078,26.41,54888.18
Cotton,Gujarat,Kharif,1440,18.89,27202.79
Rice,Maharashtra,Kharif,1988,15.46,30725.16
Rice,Karnataka,Rabi,2917,19.08,55646.7
Cotton,Maharashtra,Kharif,1027,29.41,30205.91
Wheat,Karnataka,Kharif,2205,17.15,37818.69
Rice,Karnataka,Kharif,3014,24.59,74123.98
Cotton,Maharashtra,Kharif,3682,34.82,128205.4
Wheat,Maharashtra,Kharif,3092,32.6,100795.64
Soybean,Maharashtra,Rabi,2317,29.34,67982.58
Wheat,Punjab,Rabi,4936,19.78,97632.72
Cotton,Tamil Nadu,Kharif,4619,22.2,102545.69
Soybean,Tamil Nadu,Kharif,1026,29.44,30204.5
Rice,Gujarat,Rabi,1594,22.28,35515.1
Rice,Karnataka,Rabi,2698,18.64,50283.89
Wheat,Maharashtra,Rabi,1867,17.66,32961.97
Rice,Punjab,Kharif,2506,15.63,39166.68
Maize,Maharashtra,Rabi,2217,18.75,41568.79
Maize,Maharashtra,Rabi,844,30.25,25530.8
Wheat,Tamil Nadu,Rabi,2752,31.32,86188.68
Cotton,Karnataka,Rabi,4326,20.32,87901.89
Wheat,Punjab,Kharif,741,15.81,11715.98
Rice,Punjab,Rabi,1774,26.38,46794.5
Wheat,Gujarat,Rabi,4181,33.43,139758.62
Maize,Punjab,Kharif,3900,31.62,123301.04
Maize,Punjab,Kharif,4804,23.42,112493.49
Soybean,Punjab,Kharif,4954,29.6,146634.55
Cotton,Tamil Nadu,Kharif,4556,24.62,112177.17
Cotton,Karnataka,Rabi,2669,23.81,63551.71
Cotton,Karnataka,Kharif,4505,23.37,105298.47
Cotton,Gujarat,Rabi,3342,33.42,111687.4
Rice,Tamil Nadu,Rabi,4229,16.53,69919.32
Soybean,Maharashtra,Kharif,1597,19.05,30428.03
Wheat,Punjab,Rabi,2800,21.88,61258.14
Maize,Gujarat,Kharif,3259,29.98,97716.86
Rice,Karnataka,Kharif,1941,29.09,56465.64
Maize,Tamil Nadu,Rabi,4854,32.31,156827.66
Wheat,Tamil Nadu,Kharif,637,20.8,13251.45
Maize,Maharashtra,Rabi,2888,21.23,61307.85
Cotton,Maharashtra,Kharif,964,23.66,22804.19
Wheat,Maharashtra,Rabi,1684,23.49,39556.2
Rice,Punjab,Rabi,3315,34.9,115693.92
Rice,Gujarat,Rabi,1894,19.58,37084.21
Rice,Karnataka,Kharif,3078,28.96,89137.26
Wheat,Punjab,Rabi,1513,20.58,31140.33
Maize,Tamil Nadu,Rabi,2102,34.93,73421.16
Cotton,Gujarat,Kharif,4202,27.94,117396.81
Rice,Gujarat,Kharif,4379,20.0,87598.38
Rice,Punjab,Kharif,999,15.67,15651.33
Wheat,Tamil Nadu,Kharif,2270,15.38,34905.1
Cotton,Gujarat,Rabi,1158,15.61,18078.28
Cotton,Gujarat,Kharif,2042,21.1,43078.2
Soybean,Tamil Nadu,Rabi,1510,22.95,34649.23
Soybean,Karnataka,Rabi,1356,32.88,44585.03
Wheat,Punjab,Kharif,564,23.97,13517.28
Cotton,Tamil Nadu,Rabi,2626,33.61,88258.09
Maize,Punjab,Kharif,2263,31.27,70756.44
Soybean,Tamil Nadu,Kharif,590,16.07,9480.95
Rice,Tamil Nadu,Kharif,3992,21.46,85653.07
Rice,Maharashtra,Rabi,2699,33.01,89083.22
Soybean,Tamil Nadu,Kharif,911,28.61,26063.29
Maize,Maharashtra,Kharif,2431,18.38,44692.93
Soybean,Karnataka,Rabi,737,33.32,24560.12
Soybean,Maharashtra,Kharif,1444,26.53,38306.66
Maize,Karnataka,Kharif,3728,31.17,116200.24
Rice,Gujarat,Rabi,3959,17.36,68743.98
Rice,Gujarat,Kharif,1956,25.29,49460.69
Soybean,Gujarat,Rabi,2565,18.87,48391.42
Cotton,Punjab,Rabi,2711,26.08,70715.96
Wheat,Tamil Nadu,Rabi,2617,17.1,44758.38
Maize,Maharashtra,Rabi,4377,21.13,92471.78
Soybean,Punjab,Kharif,4933,34.29,169137.97
Cotton,Maharashtra,Kharif,912,30.61,27912.76
Soybean,Gujarat,Kharif,1314,16.03,21069.68
Maize,Maharashtra,Rabi,3617,16.42,59385.91
Rice,Tamil Nadu,Rabi,3800,18.57,70562.78
Rice,Gujarat,Kharif,4230,25.91,109590.26
Soybean,Gujarat,Kharif,590,30.67,18094.0
Wheat,Punjab,Kharif,4168,27.66,115280.38
Rice,Karnataka,Rabi,4208,22.59,95038.88
Rice,Karnataka,Rabi,757,29.93,22660.68
Rice,Gujarat,Kharif,3730,29.95,111697.13
Cotton,Karnataka,Rabi,778,22.18,17258.18
Maize,Maharashtra,Kharif,3669,17.26,63318.03
Cotton,Punjab,Kharif,803,19.38,15564.2
Maize,Maharashtra,Rabi,3358,23.12,77640.56
Cotton,Maharashtra,Kharif,1774,32.47,57597.98
Maize,Maharashtra,Kharif,2558,28.32,72454.48
Rice,Punjab,Rabi,2034,33.0,67132.12
Wheat,Karnataka,Kharif,2592,16.54,42859.83
Wheat,Maharashtra,Rabi,4372,15.11,66040.91
Cotton,Maharashtra,Kharif,1120,18.21,20396.42
Rice,Gujarat,Kharif,3073,34.44,105820.74
Wheat,Tamil Nadu,Rabi,3249,30.79,100037.94
Wheat,Punjab,Rabi,845,27.89,23566.27
Cotton,Karnataka,Rabi,3432,18.71,64219.26
Cotton,Maharashtra,Kharif,2939,30.37,89254.38
Rice,Gujarat,Rabi,684,33.03,22594.68
Maize,Punjab,Rabi,2462,27.29,67185.91
Maize,Maharashtra,Rabi,2803,18.09,50699.96
Rice,Karnataka,Rabi,3532,25.53,90187.75
Rice,Punjab,Rabi,2967,25.53,75752.13
Cotton,Maharashtra,Kharif,1633,30.14,49220.69
Cotton,Punjab,Rabi,972,25.36,24649.2
Wheat,Gujarat,Kharif,1088,17.17,18681.7
Cotton,Gujarat,Kharif,3952,20.44,80787.63
Wheat,Karnataka,Kharif,4384,15.71,68851.05
Maize,Tamil Nadu,Kharif,3133,20.7,64844.73
Maize,Punjab,Kharif,3400,16.69,56735.69
Wheat,Gujarat,Rabi,1634,26.37,43085.9
Wheat,Tamil Nadu,Rabi,2228,33.31,74207.98
Rice,Karnataka,Rabi,1448,18.68,27052.22
Soybean,Punjab,Rabi,2585,34.76,89843.67
Cotton,Maharashtra,Kharif,3262,31.46,102616.61
Wheat,Gujarat,Rabi,4127,32.99,136153.03
Cotton,Maharashtra,Rabi,3853,23.53,90668.36
Maize,Punjab,Kharif,3269,33.85,110661.77
Maize,Maharashtra,Kharif,3099,34.64,107348.57
Wheat,Gujarat,Rabi,4867,25.45,123870.89
Cotton,Karnataka,Rabi,4887,23.9,116782.02
Soybean,Karnataka,Rabi,4285,34.21,146572.99
Rice,Maharashtra,Rabi,3287,22.57,74198.33
Rice,Tamil Nadu,Rabi,3519,27.85,98015.09
Rice,Punjab,Rabi,3405,22.55,76773.83
Rice,Maharashtra,Rabi,2254,34.6,77979.27
Cotton,Tamil Nadu,Rabi,4540,34.14,154985.28
Maize,Maharashtra,Kharif,2080,31.94,66429.9
Maize,Maharashtra,Kharif,1016,18.93,19237.59
Rice,Karnataka,Rabi,4965,33.56,166643.76
Rice,Tamil Nadu,Rabi,2246,25.41,57069.49
Cotton,Maharashtra,Rabi,2155,20.74,44688.14
Soybean,Maharashtra,Rabi,4701,18.88,88763.96
Rice,Gujarat,Rabi,1368,17.93,24528.37
Wheat,Maharashtra,Rabi,4865,25.03,121762.38
Wheat,Tamil Nadu,Rabi,2338,18.17,42477.42
Rice,Karnataka,Kharif,681,18.03,12280.34
Rice,Punjab,Rabi,1356,20.26,27473.46
Rice,Karnataka,Kharif,4494,33.86,152168.99
Maize,Karnataka,Kharif,4694,21.88,102696.13
Maize,Punjab,Rabi,960,29.22,28051.99
Rice,Punjab,Kharif,1753,20.79,36446.58
Cotton,Karnataka,Rabi,926,18.47,17105.37
Rice,Punjab,Kharif,4929,29.2,143905.76
Wheat,Punjab,Kharif,834,31.92,26618.72
Rice,Maharashtra,Rabi,4229,26.03,110101.59
Soybean,Gujarat,Rabi,4504,31.71,142801.31
Rice,Karnataka,Kharif,1201,19.04,22864.13
Soybean,Karnataka,Kharif,757,24.56,18592.33
Rice,Karnataka,Rabi,4140,18.45,76392.31
Soybean,Karnataka,Kharif,668,20.13,13449.56
Cotton,Gujarat,Kharif,1824,25.06,45717.39
Maize,Punjab,Kharif,1346,26.19,35251.9
Cotton,Gujarat,Rabi,1904,26.39,50239.02
Soybean,Karnataka,Kharif,4621,28.77,132926.15
Cotton,Punjab,Rabi,4046,32.68,132209.2
Maize,Gujarat,Rabi,2605,16.34,42570.92
Rice,Maharashtra,Kharif,3996,16.45,65740.59
Rice,Gujarat,Rabi,2198,33.37,73353.54
Cotton,Maharashtra,Kharif,1532,20.27,31049.87
Rice,Gujarat,Rabi,4918,29.48,145006.77
Rice,Gujarat,Rabi,3500,20.37,71299.43
Rice,Karnataka,Rabi,3424,29.23,100067.32
Cotton,Gujarat,Kharif,4770,34.58,164953.67
Wheat,Karnataka,Rabi,937,16.55,15511.29
Maize,Punjab,Rabi,4680,32.14,150418.04
Cotton,Gujarat,Rabi,4726,19.51,92183.87
Maize,Maharashtra,Rabi,1387,19.61,27195.21
Rice,Karnataka,Kharif,4572,27.56,126026.59
Maize,Karnataka,Rabi,1101,22.83,25140.12
Rice,Tamil Nadu,Kharif,1151,21.48,24721.33
Cotton,Gujarat,Rabi,2497,20.6,51430.1
Cotton,Maharashtra,Kharif,3817,16.52,63069.01
Soybean,Tamil Nadu,Kharif,4782,30.34,145082.4
Wheat,Punjab,Kharif,2557,17.48,44697.48
Wheat,Punjab,Kharif,4601,24.73,113801.63
Wheat,Punjab,Rabi,2799,18.94,53006.72
Soybean,Punjab,Kharif,1248,33.77,42143.15
Wheat,Punjab,Kharif,1190,17.69,21056.19
Maize,Tamil Nadu,Kharif,1615,28.17,45500.17
Maize,Maharashtra,Rabi,4290,24.93,106955.58
Soybean,Maharashtra,Rabi,2767,22.88,63301.76
Soybean,Karnataka,Kharif,1890,18.57,35101.33
Wheat,Punjab,Kharif,1597,17.35,27706.36
Rice,Punjab,Rabi,3874,18.95,73419.39
Maize,Punjab,Rabi,1914,20.7,39626.36
Wheat,Maharashtra,Rabi,2089,28.71,59979.43
Maize,Karnataka,Kharif,689,34.12,23507.55
Wheat,Gujarat,Kharif,2036,33.99,69200.98
Soybean,Maharashtra,Rabi,3164,22.16,70117.97
Wheat,Punjab,Kharif,2260,20.42,46149.66
Rice,Tamil Nadu,Rabi,3965,22.25,88207.73
Wheat,Gujarat,Rabi,3149,24.52,77199.81
Cotton,Karnataka,Rabi,3251,17.35,56408.62
Soybean,Gujarat,Kharif,544,29.42,16003.91
Maize,Karnataka,Kharif,2239,24.44,54719.1
Cotton,Tamil Nadu,Rabi,3153,32.85,103583.72
Soybean,Maharashtra,Rabi,2181,19.19,41848.88
Maize,Karnataka,Kharif,1115,19.91,22198.32
Soybean,Karnataka,Kharif,4714,25.5,120215.36
Rice,Tamil Nadu,Kharif,4152,32.85,136404.25
Cotton,Gujarat,Kharif,4193,22.34,93661.35
Wheat,Maharashtra,Kharif,1407,28.82,40544.95
Rice,Maharashtra,Kharif,1307,22.86,29872.08
Soybean,Punjab,Rabi,3907,19.62,76670.33
Rice,Maharashtra,Rabi,791,15.69,12409.6
Rice,Gujarat,Rabi,1207,34.2,41275.64
Wheat,Gujarat,Kharif,1451,17.06,24748.05
Wheat,Tamil Nadu,Rabi,2028,18.07,36640.3
Maize,Tamil Nadu,Kharif,1477,19.82,29280.54
Soybean,Tamil Nadu,Kharif,3060,28.96,88613.48
Maize,Karnataka,Kharif,3098,20.06,62141.15
Rice,Maharashtra,Kharif,4250,26.34,111951.22
Rice,Punjab,Kharif,4451,27.37,121817.94
Rice,Punjab,Kharif,2422,26.59,64398.35
Cotton,Karnataka,Kharif,1938,17.99,34872.22
Wheat,Punjab,Kharif,4391,26.85,117899.26
Rice,Tamil Nadu,Rabi,1178,17.43,20528.12
Maize,Gujarat,Rabi,563,15.4,8670.94
Maize,Gujarat,Kharif,4650,29.42,136802.57
Maize,Karnataka,Rabi,1744,26.77,46680.47
Rice,Gujarat,Kharif,2991,16.16,48325.1
Rice,Gujarat,Kharif,1633,22.06,36019.69
Maize,Karnataka,Rabi,2846,34.8,99038.06
Wheat,Gujarat,Rabi,3267,28.94,94545.25
Soybean,Tamil Nadu,Rabi,1590,29.4,46739.67
Cotton,Gujarat,Rabi,4888,27.39,133903.57
Rice,Maharashtra,Kharif,3862,27.32,105511.79
Soybean,Gujarat,Kharif,855,32.33,27637.99
Soybean,Maharashtra,Rabi,1378,30.17,41573.8
Cotton,Maharashtra,Rabi,4823,15.84,76376.59
Cotton,Maharashtra,Rabi,1999,26.22,52418.72
Rice,Punjab,Rabi,3170,20.25,64196.67
Maize,Karnataka,Rabi,1289,33.94,43744.02
Rice,Tamil Nadu,Rabi,608,18.14,11030.84
Rice,Karnataka,Rabi,811,26.62,21587.1
Cotton,Tamil Nadu,Rabi,4403,20.89,91964.46
Maize,Gujarat,Rabi,656,31.59,20721.75
Cotton,Punjab,Rabi,4892,34.51,168846.23
Soybean,Karnataka,Rabi,3723,24.05,89533.95
Wheat,Gujarat,Rabi,3728,22.64,84417.58
Soybean,Karnataka,Kharif,3576,23.46,83891.02
Rice,Tamil Nadu,Kharif,3075,20.8,63954.3
Maize,Karnataka,Rabi,4305,17.86,76885.23
Rice,Punjab,Kharif,4021,15.52,62388.15
Soybean,Gujarat,Kharif,3633,20.43,74215.6
Wheat,Tamil Nadu,Kharif,658,27.52,18109.69
Wheat,Punjab,Rabi,1099,32.05,35218.84
Rice,Maharashtra,Kharif,2748,31.93,87751.31
Cotton,Tamil Nadu,Rabi,3519,34.08,119930.35
Maize,Tamil Nadu,Rabi,3272,34.75,113717.12
Soybean,Karnataka,Kharif,3599,34.6,124507.46
Rice,Karnataka,Rabi,599,30.67,18368.61
Rice,Maharashtra,Rabi,2281,17.49,39901.96
Soybean,Tamil Nadu,Rabi,2079,17.6,36585.41
Cotton,Karnataka,Kharif,3157,34.66,109436.74
Maize,Maharashtra,Kharif,1744,27.85,48576.39
Maize,Tamil Nadu,Kharif,2037,34.54,70350.17
Cotton,Gujarat,Rabi,1393,33.33,46433.67
Cotton,Karnataka,Rabi,4642,17.14,79576.52
Maize,Tamil Nadu,Rabi,1084,28.46,30845.45
Cotton,Punjab,Kharif,4181,17.68,73935.07
Cotton,Maharashtra,Rabi,4670,22.04,102944.69
Rice,Tamil Nadu,Rabi,1311,16.56,21716.29
Cotton,Gujarat,Kharif,3464,21.62,74878.69
Soybean,Maharashtra,Kharif,3273,28.41,92991.71
Soybean,Punjab,Kharif,4049,29.28,118559.9
Rice,Karnataka,Kharif,4640,32.66,151523.36
Soybean,Maharashtra,Rabi,4492,16.14,72521.65
Wheat,Punjab,Rabi,693,21.21,14697.66
Rice,Tamil Nadu,Kharif,2311,29.9,69108.26
Soybean,Tamil Nadu,Kharif,4664,16.86,78628.73
Wheat,Maharashtra,Rabi,4853,27.98,135777.03
Soybean,Maharashtra,Kharif,3718,24.36,90556.98
Wheat,Gujarat,Kharif,4310,28.54,122989.2
Cotton,Maharashtra,Kharif,3331,28.31,94315.46
Rice,Tamil Nadu,Kharif,2682,19.25,51625.43
Wheat,Maharashtra,Rabi,4356,22.78,99212.35
Wheat,Gujarat,Rabi,2321,20.43,47407.57
Rice,Tamil Nadu,Kharif,3649,16.42,59905.31
Cotton,Gujarat,Rabi,1745,30.03,52406.19
Maize,Gujarat,Rabi,601,31.12,18702.8
Cotton,Maharashtra,Rabi,1658,29.45,48830.09
Rice,Tamil Nadu,Rabi,842,27.69,23316.79
Wheat,Maharashtra,Kharif,3308,31.74,105010.53
Cotton,Gujarat,Kharif,3292,24.51,80698.63
Wheat,Gujarat,Kharif,2908,23.23,67556.91
Rice,Karnataka,Kharif,3193,27.76,88629.69
Cotton,Gujarat,Rabi,4535,15.38,69744.8
Soybean,Karnataka,Rabi,1896,23.12,43842.52
Soybean,Maharashtra,Kharif,4193,33.11,138810.07
Maize,Maharashtra,Rabi,3372,24.82,83707.81
Wheat,Punjab,Rabi,1651,29.62,48905.73
Cotton,Maharashtra,Rabi,4605,28.97,133428.74
Soybean,Gujarat,Kharif,3202,27.13,86868.38
Maize,Karnataka,Kharif,4343,29.63,128669.43
Rice,Punjab,Rabi,4392,22.38,98297.91
Maize,Karnataka,Rabi,1693,33.78,57189.53
Rice,Karnataka,Kharif,2340,16.05,37561.07
Maize,Maharashtra,Rabi,563,26.71,15038.4
Maize,Maharashtra,Kharif,3278,31.0,101614.67
Maize,Punjab,Kharif,2146,17.07,36631.7
Maize,Gujarat,Kharif,849,25.35,21523.23
Cotton,Tamil Nadu,Kharif,3076,29.43,90522.68
Wheat,Punjab,Rabi,3155,19.88,62715.15
Cotton,Punjab,Kharif,4321,29.07,125597.3
Rice,Karnataka,Kharif,2187,25.6,55977.49
Cotton,Karnataka,Kharif,3137,23.88,74918.01
Soybean,Tamil Nadu,Kharif,3839,16.52,63413.96
Cotton,Gujarat,Kharif,2395,23.09,55294.17
Soybean,Punjab,Kharif,2215,30.34,67203.25
Soybean,Punjab,Kharif,968,24.92,24126.04
Wheat,Maharashtra,Rabi,2991,29.64,88646.0
Cotton,Gujarat,Kharif,3071,28.54,87652.88
Rice,Maharashtra,Rabi,548,21.75,11921.02
Soybean,Maharashtra,Rabi,2927,19.38,56728.91
Cotton,Punjab,Kharif,3743,20.06,75090.97
Cotton,Punjab,Kharif,2552,18.13,46266.27
Wheat,Punjab,Kharif,2284,34.89,79678.56
Maize,Tamil Nadu,Rabi,2105,23.97,50454.26
Cotton,Maharashtra,Kharif,2529,20.66,52261.06
Soybean,Karnataka,Kharif,2711,23.29,63152.41
Maize,Punjab,Kharif,1601,27.61,44199.52
Cotton,Maharashtra,Rabi,3393,31.62,107291.19
Wheat,Gujarat,Rabi,1086,28.99,31486.34
Soybean,Punjab,Kharif,3965,28.3,112221.81
Wheat,Tamil Nadu,Kharif,4138,20.12,83253.46
Cotton,Maharashtra,Rabi,761,27.74,21111.63
Maize,Tamil Nadu,Kharif,2337,17.17,40120.82
Soybean,Karnataka,Rabi,1773,20.08,35602.07
Wheat,Gujarat,Kharif,2562,33.62,86128.58
Rice,Punjab,Rabi,740,16.92,12524.38
Rice,Tamil Nadu,Rabi,4465,17.24,76964.83
Maize,Karnataka,Rabi,1301,15.0,19520.49
Maize,Tamil Nadu,Kharif,832,19.89,16552.25
Maize,Karnataka,Kharif,4618,20.81,96123.22
Maize,Gujarat,Kharif,1061,34.79,36914.64
Soybean,Maharashtra,Kharif,4858,26.7,129686.25
Cotton,Tamil Nadu,Rabi,3430,21.18,72649.26
Soybean,Gujarat,Rabi,1651,32.59,53805.17
Soybean,Punjab,Rabi,3648,15.17,55345.96
Rice,Karnataka,Kharif,812,20.03,16264.13
Wheat,Karnataka,Rabi,3652,16.95,61917.53
Cotton,Punjab,Kharif,4278,31.07,132918.84
Soybean,Punjab,Rabi,4684,23.51,110115.43
Soybean,Tamil Nadu,Kharif,1170,15.2,17787.44
Wheat,Punjab,Kharif,2571,25.64,65928.34
Maize,Karnataka,Kharif,2689,30.83,82894.65
Maize,Gujarat,Kharif,3992,19.08,76157.38
Wheat,Maharashtra,Rabi,3801,29.17,110861.51
Soybean,Karnataka,Kharif,3363,27.57,92721.8
Wheat,Karnataka,Kharif,1510,34.67,52351.04
Rice,Maharashtra,Kharif,2693,22.27,59981.89
Maize,Tamil Nadu,Rabi,3589,27.39,98304.98
Cotton,Karnataka,Rabi,1972,20.95,41303.7
Soybean,Karnataka,Kharif,759,30.76,23347.94
Rice,Punjab,Rabi,2412,24.19,58357.97
Soybean,Karnataka,Rabi,4522,31.45,142194.99
Maize,Maharashtra,Kharif,3530,24.21,85468.07
Wheat,Gujarat,Kharif,2578,32.08,82709.03
Cotton,Gujarat,Kharif,3414,15.65,53445.49
Soybean,Karnataka,Rabi,4362,26.67,116336.54
Wheat,Gujarat,Kharif,3313,32.53,107766.28
Rice,Karnataka,Rabi,2608,22.5,58676.75
Wheat,Maharashtra,Kharif,1071,27.27,29206.02
Soybean,Tamil Nadu,Kharif,2862,27.25,77978.25
Soybean,Maharashtra,Rabi,4173,16.05,66960.99
Rice,Karnataka,Rabi,3588,33.06,118627.26
Rice,Gujarat,Rabi,2774,25.52,70800.64
Cotton,Tamil Nadu,Rabi,1450,26.85,38929.24
Maize,Maharashtra,Kharif,3606,30.35,109444.95
Wheat,Tamil Nadu,Kharif,697,22.04,15361.43
Wheat,Maharashtra,Rabi,1555,21.43,33324.62
Soybean,Tamil Nadu,Rabi,1437,29.17,41917.39
Rice,Gujarat,Rabi,3172,29.64,94027.44
Soybean,Maharashtra,Rabi,1399,15.04,21046.83
Cotton,Karnataka,Kharif,3014,23.44,70647.55
Wheat,Maharashtra,Kharif,913,15.18,13862.37
Maize,Punjab,Kharif,942,20.32,19140.66
Wheat,Maharashtra,Rabi,4618,30.98,143046.91
Soybean,Tamil Nadu,Kharif,3555,21.88,77778.24
Rice,Punjab,Kharif,2546,24.44,62213.64
Wheat,Maharashtra,Rabi,4711,31.71,149386.47
Soybean,Tamil Nadu,Rabi,3311,21.09,69838.84
Maize,Maharashtra,Rabi,3859,22.74,87760.16
Maize,Maharashtra,Rabi,1347,15.3,20612.25
Rice,Gujarat,Kharif,1117,16.96,18943.21
Soybean,Gujarat,Kharif,1198,22.98,27526.15
Cotton,Tamil Nadu,Kharif,2301,24.86,57191.64
Maize,Karnataka,Rabi,4909,19.6,96210.95
Rice,Punjab,Rabi,3836,22.15,84952.39
Rice,Maharashtra,Rabi,950,31.33,29765.06
Maize,Gujarat,Kharif,3156,31.86,100556.86
Wheat,Punjab,Rabi,2680,17.7,47445.63
Maize,Gujarat,Rabi,2843,31.1,88422.88
Soybean,Gujarat,Kharif,4520,23.16,104683.93
Wheat,Punjab,Kharif,540,23.32,12595.16
Rice,Gujarat,Kharif,1052,29.74,31289.9
Rice,Karnataka,Kharif,4187,34.5,144469.53
Rice,Punjab,Rabi,1146,20.76,23790.08
Wheat,Tamil Nadu,Rabi,1150,22.75,26164.26
Wheat,Gujarat,Rabi,3380,23.42,79175.7
Soybean,Punjab,Rabi,1980,26.34,52162.31
Maize,Gujarat,Kharif,1241,17.86,22169.93
Maize,Maharashtra,Rabi,3000,18.76,56286.48
Soybean,Tamil Nadu,Rabi,1037,20.73,21496.4
Soybean,Gujarat,Kharif,1214,26.97,32736.75
Rice,Gujarat,Kharif,670,30.05,20133.33
Cotton,Gujarat,Kharif,3009,32.13,96666.44
Rice,Punjab,Rabi,961,20.13,19348.5
Maize,Tamil Nadu,Kharif,1229,15.96,19618.38
Soybean,Punjab,Rabi,4744,21.43,101663.46
Wheat,Maharashtra,Rabi,4468,19.11,85361.87
Wheat,Tamil Nadu,Kharif,2678,23.25,62269.98
Soybean,Gujarat,Kharif,4013,24.31,97567.25
Maize,Karnataka,Rabi,3042,29.48,89676.89
Maize,Tamil Nadu,Rabi,3758,25.41,95476.76
Rice,Gujarat,Rabi,2839,17.66,50135.52
Maize,Karnataka,Rabi,3617,25.48,92164.42
Soybean,Gujarat,Kharif,3692,21.76,80350.29
Rice,Gujarat,Rabi,3602,27.36,98547.2
Cotton,Gujarat,Rabi,1327,18.29,24268.95
Cotton,Maharashtra,Kharif,1524,32.48,49503.65
Maize,Gujarat,Kharif,4404,30.28,133351.79
Cotton,Punjab,Kharif,671,21.17,14203.81
Rice,Gujarat,Kharif,3785,29.89,113142.94
Soybean,Karnataka,Rabi,3829,17.68,67689.62
Rice,Maharashtra,Rabi,1855,26.92,49930.16
Cotton,Maharashtra,Rabi,814,21.02,17107.46
Maize,Gujarat,Kharif,4034,24.63,99361.62
Cotton,Karnataka,Kharif,3692,19.77,72977.9
Soybean,Punjab,Rabi,4813,26.1,125597.6
Wheat,Tamil Nadu,Rabi,2298,27.13,62339.86
Soybean,Tamil Nadu,Rabi,500,15.12,7559.17
Wheat,Tamil Nadu,Kharif,2022,15.36,31057.56
Wheat,Gujarat,Rabi,3770,16.18,60989.15
Soybean,Punjab,Kharif,3592,33.16,119106.05
Rice,Gujarat,Rabi,2079,30.41,63215.3
Maize,Tamil Nadu,Rabi,2702,26.17,70710.22
Soybean,Maharashtra,Kharif,3089,22.36,69057.01
Soybean,Tamil Nadu,Kharif,3929,31.68,124475.77
Maize,Tamil Nadu,Rabi,3561,18.04,64241.09
Wheat,Punjab,Rabi,1963,26.09,51205.87
Soybean,Maharashtra,Rabi,2998,34.11,102265.6
Cotton,Tamil Nadu,Kharif,643,25.18,16188.2
Maize,Karnataka,Rabi,526,32.13,16898.57
Maize,Maharashtra,Rabi,2472,29.18,72140.39
Cotton,Tamil Nadu,Kharif,1566,23.47,36747.39
Cotton,Karnataka,Rabi,817,32.23,26328.5
Maize,Gujarat,Kharif,4741,34.35,162867.88
Maize,Maharashtra,Rabi,1386,19.27,26703.22
Wheat,Gujarat,Rabi,511,33.75,17246.09
Soybean,Gujarat,Rabi,3795,27.25,103408.07
Wheat,Maharashtra,Rabi,4847,26.22,127098.07
Maize,Punjab,Rabi,2989,16.89,50473.34
Cotton,Maharashtra,Rabi,4312,29.09,125436.46
Cotton,Punjab,Kharif,3245,17.79,57744.11
Soybean,Gujarat,Rabi,894,30.41,27184.18
Soybean,Gujarat,Rabi,2001,23.75,47533.36
Rice,Karnataka,Kharif,4062,28.46,115604.56
Maize,Maharashtra,Rabi,1149,25.93,29793.03
Rice,Punjab,Kharif,2447,20.13,49253.15
Cotton,Gujarat,Rabi,2102,34.44,72384.46
Soybean,Karnataka,Rabi,1378,18.5,25492.63
Cotton,Maharashtra,Rabi,2367,28.14,66605.77
Maize,Punjab,Rabi,4986,30.44,151787.06
Wheat,Punjab,Rabi,4117,33.43,137612.95
Soybean,Maharashtra,Kharif,1229,32.98,40529.54
Rice,Punjab,Kharif,3519,16.62,58477.07
Wheat,Punjab,Rabi,3130,19.26,60271.92
Maize,Maharashtra,Kharif,1554,31.54,49010.16
Wheat,Maharashtra,Kharif,906,17.32,15689.65
Rice,Tamil Nadu,Kharif,2545,24.78,63063.36
Wheat,Karnataka,Rabi,3633,33.62,122156.29
Wheat,Tamil Nadu,Rabi,3469,33.89,117553.77
Maize,Karnataka,Kharif,2616,23.86,62417.91
Cotton,Maharashtra,Rabi,1526,17.51,26715.81
Rice,Maharashtra,Kharif,3199,25.93,82964.93
Soybean,Karnataka,Rabi,1304,27.69,36104.18
Cotton,Punjab,Rabi,4932,15.56,76735.2
Cotton,Punjab,Rabi,3012,31.15,93838.6
Soybean,Karnataka,Rabi,2293,34.58,79292.65
Soybean,Tamil Nadu,Rabi,4191,16.96,71085.55
Rice,Gujarat,Rabi,3086,20.53,63352.08
Cotton,Karnataka,Kharif,1991,27.92,55591.02
Rice,Punjab,Rabi,1219,29.04,35402.44
Rice,Gujarat,Kharif,4356,33.78,147156.08
Maize,Punjab,Kharif,4460,19.38,86448.52
Rice,Karnataka,Rabi,4618,29.23,134961.55
Soybean,Tamil Nadu,Rabi,4368,22.17,96856.38
Maize,Tamil Nadu,Kharif,3066,18.15,55653.57
Soybean,Punjab,Rabi,2488,17.11,42573.26
Wheat,Maharashtra,Kharif,563,19.44,10944.02
Soybean,Punjab,Rabi,3428,34.5,118249.03
Cotton,Punjab,Rabi,4723,34.17,161371.01
Cotton,Tamil Nadu,Kharif,2264,31.22,70684.9
Wheat,Tamil Nadu,Kharif,3679,31.93,117460.68
Cotton,Punjab,Rabi,2377,34.64,82348.54
Cotton,Gujarat,Rabi,4495,17.31,77826.21
Rice,Karnataka,Kharif,3980,32.62,129839.91
Soybean,Punjab,Kharif,627,18.04,11313.83
Cotton,Gujarat,Rabi,3217,33.93,109156.03
Cotton,Punjab,Rabi,3696,20.04,74078.58
Rice,Punjab,Rabi,757,34.59,26184.93
Cotton,Karnataka,Rabi,3789,30.56,115776.85
Maize,Punjab,Rabi,4248,24.68,104840.82
Maize,Karnataka,Rabi,1815,26.35,47824.78
Cotton,Gujarat,Kharif,1872,25.99,48659.13
Rice,Karnataka,Rabi,2481,17.12,42481.96
Maize,Tamil Nadu,Rabi,2728,20.86,56908.73
Rice,Tamil Nadu,Kharif,4480,19.99,89566.47
Cotton,Karnataka,Rabi,1507,31.63,47663.15
Soybean,Maharashtra,Kharif,3639,21.32,77573.08
Soybean,Maharashtra,Kharif,3767,28.99,109211.61
Wheat,Tamil Nadu,Rabi,3624,21.11,76488.73
Rice,Karnataka,Kharif,3747,22.03,82535.45
Rice,Tamil Nadu,Kharif,4967,26.33,130766.25
Rice,Karnataka,Rabi,3149,24.36,76715.38
Wheat,Gujarat,Kharif,537,20.56,11041.81
Cotton,Tamil Nadu,Kharif,2779,26.73,74284.37
Rice,Punjab,Kharif,4653,28.93,134616.75
Wheat,Gujarat,Kharif,4068,31.74,129119.27
Rice,Maharashtra,Kharif,3066,29.31,89873.46
Soybean,Maharashtra,Rabi,1973,22.03,43466.45
Cotton,Karnataka,Kharif,2766,27.06,74839.94
Cotton,Tamil Nadu,Rabi,2230,26.13,58280.99
Rice,Karnataka,Kharif,4916,18.47,90819.16
Maize,Tamil Nadu,Rabi,1954,25.37,49567.09
Wheat,Gujarat,Rabi,880,21.72,19113.18
Wheat,Karnataka,Rabi,4693,16.52,77540.92
Cotton,Karnataka,Rabi,3031,34.81,105519.72
Rice,Tamil Nadu,Kharif,4844,32.6,157913.99
Rice,Karnataka,Kharif,1295,34.25,44352.8
Wheat,Karnataka,Kharif,2565,24.8,63616.0
Cotton,Tamil Nadu,Rabi,614,28.03,17208.56
Wheat,Gujarat,Rabi,4146,21.54,89291.61
Cotton,Karnataka,Kharif,4614,28.74,132602.91
Rice,Tamil Nadu,Rabi,3620,31.52,114095.38
Rice,Karnataka,Kharif,2634,22.21,58506.71
Wheat,Tamil Nadu,Kharif,722,31.44,22701.49
Maize,Gujarat,Kharif,1758,33.6,59068.18
Maize,Punjab,Kharif,3781,29.28,110698.58
Rice,Tamil Nadu,Rabi,2137,26.78,57228.62
Rice,Punjab,Kharif,1530,29.9,45753.53
Rice,Gujarat,Rabi,2239,17.35,38840.95
Cotton,Tamil Nadu,Kharif,526,31.07,16340.76
Wheat,Punjab,Kharif,2092,32.42,67818.98
Rice,Gujarat,Rabi,3978,20.87,83005.26
Maize,Punjab,Rabi,687,23.55,16179.38
Cotton,Karnataka,Kharif,4130,23.66,97703.57
Cotton,Maharashtra,Kharif,3815,23.51,89679.16
Soybean,Maharashtra,Rabi,1514,32.95,49884.74
Soybean,Maharashtra,Rabi,4915,27.1,133199.71
Cotton,Karnataka,Rabi,3105,26.16,81220.83
Maize,Karnataka,Rabi,2792,20.81,58093.1
Maize,Karnataka,Kharif,3249,19.7,64019.62
Rice,Punjab,Rabi,669,18.05,12076.57
Wheat,Tamil Nadu,Kharif,2866,21.58,61838.6
Cotton,Maharashtra,Kharif,1394,30.49,42506.44
Rice,Karnataka,Kharif,978,22.77,22266.39
Cotton,Karnataka,Kharif,3294,34.34,113103.77
Maize,Gujarat,Kharif,2075,20.17,41853.24
Rice,Karnataka,Rabi,1402,29.08,40765.41
Wheat,Maharashtra,Kharif,4323,18.63,80559.02
Rice,Karnataka,Rabi,3538,17.16,60708.21
Cotton,Tamil Nadu,Kharif,2958,17.11,50602.64
Wheat,Tamil Nadu,Rabi,3031,18.83,57065.42
Wheat,Maharashtra,Rabi,1909,21.1,40276.62
Maize,Karnataka,Kharif,2498,30.0,74938.62
Rice,Tamil Nadu,Kharif,4786,16.33,78160.49
Cotton,Tamil Nadu,Kharif,2231,34.47,76892.79
Soybean,Tamil Nadu,Kharif,2836,21.85,61955.42
Wheat,Gujarat,Rabi,2066,21.36,44123.87
Soybean,Tamil Nadu,Kharif,2486,34.92,86807.13
Cotton,Punjab,Kharif,4765,26.12,124451.62
Rice,Gujarat,Kharif,1968,33.84,66606.58
Cotton,Tamil Nadu,Kharif,3382,33.21,112315.59
Soybean,Gujarat,Kharif,2900,29.81,86436.28
Cotton,Tamil Nadu,Rabi,4204,26.59,111783.2
Soybean,Gujarat,Rabi,2574,17.57,45223.79
Maize,Punjab,Rabi,3248,31.49,102272.1
Maize,Karnataka,Kharif,4344,17.37,75434.98
Cotton,Punjab,Kharif,4595,27.15,124751.44
Wheat,Punjab,Rabi,726,32.14,23332.46
Cotton,Tamil Nadu,Kharif,1906,22.84,43525.85
Soybean,Tamil Nadu,Rabi,3502,25.18,88172.99
Soybean,Karnataka,Rabi,3448,25.28,87160.87
Rice,Punjab,Kharif,2293,31.65,72566.19
Soybean,Karnataka,Kharif,1559,25.84,40291.75
Cotton,Maharashtra,Kharif,3401,25.59,87028.62
Wheat,Tamil Nadu,Rabi,2121,19.47,41285.9
Cotton,Tamil Nadu,Kharif,823,31.62,26019.31
Maize,Karnataka,Rabi,2906,29.6,86003.91
Maize,Gujarat,Rabi,4517,16.96,76588.33
Wheat,Gujarat,Kharif,3639,16.97,61736.54
Wheat,Karnataka,Kharif,586,18.03,10563.81
Rice,Karnataka,Kharif,681,30.11,20507.32
Wheat,Punjab,Kharif,4207,17.97,75603.06
Maize,Tamil Nadu,Kharif,4937,21.38,105559.6
Maize,Tamil Nadu,Rabi,2366,20.34,48126.08
Cotton,Karnataka,Rabi,4607,31.02,142890.6
Rice,Gujarat,Kharif,629,24.96,15697.26
Cotton,Punjab,Kharif,932,34.24,31914.08
Soybean,Maharashtra,Kharif,3149,20.21,63647.94
Wheat,Gujarat,Rabi,2947,20.15,59370.83
Wheat,Karnataka,Rabi,4129,31.17,128699.03
Wheat,Karnataka,Kharif,4299,30.71,132006.68
Rice,Karnataka,Kharif,2468,32.61,80488.09
Rice,Karnataka,Kharif,513,31.77,16299.17
Cotton,Maharashtra,Kharif,541,33.7,18229.28
Cotton,Tamil Nadu,Rabi,1319,15.32,20205.09
Rice,Punjab,Kharif,3051,16.3,49732.28
Rice,Punjab,Kharif,4162,26.83,111673.99
Cotton,Tamil Nadu,Rabi,2863,25.33,72529.0
Soybean,Gujarat,Kharif,1854,23.65,43841.11
Cotton,Karnataka,Rabi,4293,24.81,106497.94
Soybean,Punjab,Kharif,1777,29.09,51699.73
Maize,Punjab,Rabi,3023,32.39,97913.62
Rice,Karnataka,Rabi,3502,31.42,110026.57
Cotton,Gujarat,Rabi,4169,31.2,130087.96
Rice,Tamil Nadu,Kharif,3964,33.37,132286.35
Maize,Tamil Nadu,Kharif,711,17.17,12208.99
Soybean,Maharashtra,Kharif,3247,18.98,61630.01
Cotton,Gujarat,Rabi,916,22.01,20157.03
Soybean,Tamil Nadu,Rabi,2085,19.19,40017.18
Maize,Punjab,Kharif,1098,33.3,36567.54
Maize,Tamil Nadu,Rabi,4473,28.67,128221.99
Cotton,Tamil Nadu,Rabi,1822,23.81,43375.57
Wheat,Maharashtra,Kharif,579,16.26,9414.76
Soybean,Maharashtra,Kharif,2900,21.35,61926.19
Cotton,Maharashtra,Kharif,2181,34.78,75858.06
Rice,Maharashtra,Rabi,1874,31.89,59753.55
Rice,Karnataka,Rabi,4533,31.1,140982.84
Rice,Karnataka,Rabi,2341,24.06,56316.4
Wheat,Tamil Nadu,Kharif,2933,20.74,60830.5
Maize,Tamil Nadu,Rabi,4785,26.99,129147.25
Rice,Maharashtra,Rabi,930,25.28,23509.03
Cotton,Gujarat,Rabi,3924,18.59,72943.14
Soybean,Punjab,Rabi,1484,26.95,39996.82
Wheat,Gujarat,Rabi,1088,34.34,37366.95
Wheat,Maharashtra,Rabi,3567,29.56,105450.1
Maize,Maharashtra,Kharif,4764,24.6,117212.09
Rice,Maharashtra,Rabi,3308,17.47,57777.0
Rice,Gujarat,Kharif,1945,18.68,36337.63
Rice,Karnataka,Kharif,816,29.99,24475.04
Soybean,Tamil Nadu,Rabi,2145,20.03,42958.99
Maize,Maharashtra,Rabi,4235,18.02,76296.35
Soybean,Maharashtra,Rabi,3018,29.89,90201.67
Cotton,Maharashtra,Kharif,4699,20.04,94174.43
Maize,Gujarat,Kharif,3754,21.17,79475.25
Soybean,Tamil Nadu,Kharif,1753,23.79,41705.6
Maize,Tamil Nadu,Kharif,3049,28.06,85569.76
Cotton,Tamil Nadu,Rabi,2029,34.88,70762.33
Wheat,Maharashtra,Rabi,855,15.63,13359.6
Wheat,Gujarat,Rabi,3459,29.61,102407.58
Soybean,Gujarat,Rabi,903,26.17,23633.81
Wheat,Punjab,Rabi,3826,24.47,93639.62
Wheat,Maharashtra,Kharif,4103,25.24,103555.46
Rice,Karnataka,Rabi,4353,17.12,74527.53
Soybean,Tamil Nadu,Kharif,3934,22.46,88342.85
Soybean,Maharashtra,Kharif,1170,32.9,38494.44
Soybean,Maharashtra,Kharif,3015,30.75,92723.65
Cotton,Karnataka,Kharif,4298,24.05,103360.97
Wheat,Tamil Nadu,Kharif,4808,16.17,77736.8
Cotton,Maharashtra,Rabi,676,22.63,15298.46
Wheat,Punjab,Kharif,2642,31.25,82572.44
Soybean,Maharashtra,Kharif,4652,24.76,115182.62
Cotton,Gujarat,Rabi,1559,26.03,40586.47
Soybean,Tamil Nadu,Kharif,4840,30.41,147178.83
Wheat,Punjab,Kharif,936,33.07,30950.02
Cotton,Punjab,Rabi,1312,23.44,30756.34
Cotton,Karnataka,Kharif,3393,24.65,83649.74
Maize,Punjab,Rabi,1797,15.23,27366.51
Maize,Maharashtra,Kharif,4874,25.44,123988.15
Soybean,Maharashtra,Kharif,666,28.01,18655.54
Rice,Karnataka,Kharif,3681,17.03,62684.29
Wheat,Punjab,Kharif,2961,17.64,52236.3
Maize,Karnataka,Rabi,4368,32.48,141876.18
Soybean,Punjab,Rabi,514,31.55,16217.35
Maize,Tamil Nadu,Kharif,4732,28.79,136235.43
Cotton,Karnataka,Kharif,2255,16.24,36613.68
Maize,Gujarat,Rabi,1761,28.37,49958.45
Cotton,Karnataka,Rabi,2146,23.86,51200.02
Rice,Gujarat,Rabi,795,29.8,23687.65
Cotton,Tamil Nadu,Kharif,4676,34.76,162515.92
Wheat,Gujarat,Rabi,1013,17.12,17340.11
Cotton,Punjab,Kharif,4338,31.13,135061.92
Wheat,Tamil Nadu,Rabi,3838,31.3,120140.6
Cotton,Tamil Nadu,Kharif,3805,18.09,68822.81
Rice,Maharashtra,Kharif,3604,32.51,117163.08
Wheat,Tamil Nadu,Rabi,1328,21.67,28776.16
Rice,Punjab,Rabi,1851,18.45,34159.86
Soybean,Maharashtra,Kharif,4034,20.0,80671.24
Cotton,Maharashtra,Kharif,1217,26.72,32514.8
Cotton,Gujarat,Rabi,4110,21.85,89790.22
Cotton,Punjab,Rabi,751,16.8,12618.32
Soybean,Gujarat,Rabi,1816,15.27,27737.57
Rice,Gujarat,Kharif,931,29.34,27313.85
Maize,Gujarat,Rabi,1694,15.71,26617.04
Cotton,Karnataka,Kharif,1539,33.66,51809.21
Cotton,Maharashtra,Kharif,4931,22.68,111817.58
Cotton,Gujarat,Kharif,4520,20.89,94439.22
Rice,Maharashtra,Rabi,1123,27.53,30912.14
Soybean,Maharashtra,Kharif,654,30.55,19982.54
Wheat,Tamil Nadu,Rabi,700,26.85,18797.26
Soybean,Gujarat,Kharif,660,26.42,17437.21
Rice,Karnataka,Kharif,1531,27.7,42410.29
Cotton,Gujarat,Rabi,2585,17.9,46278.61
Cotton,Gujarat,Rabi,2287,20.4,46644.11
Cotton,Maharashtra,Rabi,1567,23.64,37042.73
Rice,Maharashtra,Kharif,1506,21.74,32747.0
Maize,Karnataka,Rabi,2990,29.05,86846.54
Rice,Karnataka,Rabi,4471,19.16,85664.68
Wheat,Tamil Nadu,Rabi,641,31.06,19911.57
Rice,Karnataka,Kharif,972,29.57,28741.48
Wheat,Maharashtra,Kharif,2545,30.01,76371.29
Soybean,Gujarat,Rabi,711,25.09,17840.63
Rice,Tamil Nadu,Rabi,2434,25.75,62669.05
Maize,Karnataka,Rabi,732,24.86,18197.37
Cotton,Karnataka,Kharif,3881,34.15,132531.5
Cotton,Karnataka,Kharif,2258,28.99,65458.15
Wheat,Tamil Nadu,Kharif,4250,34.84,148077.61
Wheat,Gujarat,Rabi,1405,26.89,37784.57
Rice,Maharashtra,Rabi,1800,18.57,33423.41
Wheat,Maharashtra,Rabi,4513,28.01,126393.19
Wheat,Maharashtra,Rabi,4847,22.99,111455.69
Cotton,Karnataka,Kharif,3920,21.64,84830.26
Cotton,Tamil Nadu,Rabi,1545,29.73,45927.72
Wheat,Punjab,Rabi,2766,18.26,50506.02
Rice,Maharashtra,Kharif,3318,18.09,60037.25
Cotton,Tamil Nadu,Kharif,2868,16.44,47157.69
Cotton,Tamil Nadu,Rabi,4925,26.31,129553.94
Cotton,Maharashtra,Rabi,3780,29.68,112181.53
Wheat,Tamil Nadu,Rabi,4523,25.83,116829.55
Wheat,Punjab,Rabi,1700,30.0,50993.73
Wheat,Maharashtra,Kharif,4468,31.61,141226.97
Cotton,Punjab,Rabi,4147,21.1,87502.35
Wheat,Punjab,Kharif,3030,27.71,83965.22
Wheat,Gujarat,Rabi,3582,22.42,80294.7
Cotton,Punjab,Rabi,720,32.07,23093.17
Cotton,Tamil Nadu,Kharif,1453,19.48,28309.53
Wheat,Karnataka,Kharif,3717,18.33,68149.96
Cotton,Punjab,Rabi,1699,16.05,27268.82
Cotton,Punjab,Rabi,4462,16.81,75014.3
Wheat,Karnataka,Rabi,4643,22.27,103420.98
Cotton,Punjab,Kharif,4073,33.34,135802.36
Maize,Karnataka,Rabi,893,25.44,22717.7
Cotton,Karnataka,Kharif,4004,31.35,125513.93
Soybean,Maharashtra,Kharif,1679,33.75,56674.55
Wheat,Maharashtra,Rabi,2960,33.43,98947.93
Cotton,Maharashtra,Rabi,4848,32.14,155821.56
Maize,Tamil Nadu,Rabi,4184,18.37,76880.21
Cotton,Maharashtra,Kharif,971,29.45,28595.67
Maize,Karnataka,Kharif,4968,28.48,141508.85
Soybean,Punjab,Kharif,873,29.28,25562.92
Rice,Tamil Nadu,Kharif,4336,16.43,71239.89
Maize,Karnataka,Kharif,3730,16.22,60499.25
Rice,Karnataka,Rabi,2997,31.35,93952.97
Soybean,Karnataka,Kharif,2783,25.11,69876.09
Maize,Tamil Nadu,Kharif,3553,24.47,86925.99
Maize,Tamil Nadu,Rabi,1605,18.22,29244.87
Soybean,Tamil Nadu,Kharif,4066,23.6,95952.33
Wheat,Tamil Nadu,Rabi,4691,16.03,75176.91
Wheat,Tamil Nadu,Kharif,2019,21.96,44339.86
Wheat,Tamil Nadu,Rabi,4195,26.18,109814.1
Rice,Maharashtra,Rabi,1719,25.96,44623.51
Maize,Tamil Nadu,Rabi,1172,26.76,31368.13
Wheat,Gujarat,Kharif,3287,19.24,63256.97
Cotton,Gujarat,Rabi,3062,24.03,73581.58
Wheat,Maharashtra,Kharif,2643,20.12,53169.05
Wheat,Karnataka,Rabi,1146,30.5,34950.04
Cotton,Gujarat,Kharif,4369,21.47,93788.42
Soybean,Punjab,Rabi,4435,22.27,98761.45
Rice,Tamil Nadu,Kharif,3070,20.61,63264.01
Soybean,Karnataka,Rabi,2664,34.69,92421.22
Soybean,Gujarat,Rabi,2768,31.1,86086.7
Rice,Gujarat,Rabi,764,22.79,17415.16
Maize,Karnataka,Rabi,4252,31.91,135663.26
Wheat,Maharashtra,Rabi,4455,28.65,127643.46
Soybean,Tamil Nadu,Rabi,2054,17.63,36215.57
Wheat,Tamil Nadu,Kharif,4821,29.51,142290.95
Wheat,Punjab,Kharif,4758,28.48,135530.98
Rice,Punjab,Kharif,1545,29.59,45714.9
Cotton,Punjab,Rabi,2091,26.56,55539.83
Rice,Gujarat,Rabi,2632,17.87,47026.43
Wheat,Gujarat,Rabi,4711,17.18,80920.07
Rice,Maharashtra,Rabi,4740,33.77,160057.77
Maize,Gujarat,Rabi,4134,29.22,120799.2
Rice,Karnataka,Rabi,2027,21.13,42824.1
Soybean,Maharashtra,Rabi,598,29.08,17387.61
Soybean,Tamil Nadu,Rabi,3801,34.7,131896.67
Cotton,Karnataka,Kharif,3636,31.09,113036.85
Wheat,Punjab,Rabi,3776,24.18,91297.57
Wheat,Punjab,Rabi,4400,34.0,149587.37
Soybean,Gujarat,Kharif,3715,30.76,114283.4
Wheat,Karnataka,Rabi,3724,22.56,84013.96
Soybean,Punjab,Kharif,3980,34.86,138728.61
Soybean,Tamil Nadu,Kharif,1350,15.95,21532.9
Rice,Karnataka,Rabi,3906,29.76,116236.7
Rice,Karnataka,Rabi,3669,29.85,109512.23
Wheat,Punjab,Rabi,4736,17.84,84496.31
Soybean,Tamil Nadu,Kharif,879,24.15,21225.79
Rice,Karnataka,Rabi,4064,16.1,65447.18
Maize,Tamil Nadu,Rabi,4402,31.92,140492.59
Cotton,Maharashtra,Rabi,735,32.05,23558.75
Rice,Gujarat,Rabi,1602,19.62,31432.67
Rice,Maharashtra,Rabi,3615,21.8,78811.56
Cotton,Gujarat,Kharif,1025,17.52,17958.75
Cotton,Gujarat,Rabi,3135,31.32,98191.77
Wheat,Tamil Nadu,Rabi,4911,24.59,120779.89
Maize,Karnataka,Kharif,668,17.61,11763.74
Soybean,Punjab,Kharif,943,20.51,19343.95
Cotton,Gujarat,Kharif,1741,20.18,35139.03
Wheat,Maharashtra,Kharif,1925,29.61,57008.13
Rice,Karnataka,Kharif,3913,19.5,76310.5
Cotton,Gujarat,Rabi,2731,27.51,75121.41
Wheat,Tamil Nadu,Rabi,2390,18.54,44305.61
Wheat,Tamil Nadu,Kharif,2551,22.18,56592.47
Rice,Punjab,Kharif,1956,34.11,66725.91
Wheat,Karnataka,Kharif,3858,22.5,86806.06
Cotton,Gujarat,Rabi,3563,20.96,74697.24
Wheat,Gujarat,Kharif,4738,25.02,118541.97
Soybean,Tamil Nadu,Kharif,2336,33.06,77216.94
Maize,Tamil Nadu,Kharif,833,27.89,23231.96
Cotton,Punjab,Rabi,4994,33.64,168016.33
Wheat,Karnataka,Kharif,4798,17.97,86232.63
Rice,Tamil Nadu,Kharif,4717,22.87,107862.92
Cotton,Gujarat,Rabi,1714,24.52,42027.77
Maize,Maharashtra,Rabi,3154,24.13,76107.53
Wheat,Gujarat,Kharif,2337,20.57,48068.07
Maize,Punjab,Kharif,1829,31.19,57052.16
Soybean,Tamil Nadu,Rabi,4294,33.91,145601.05
Maize,Karnataka,Rabi,3132,30.41,95250.63
Soybean,Tamil Nadu,Kharif,1598,18.55,29646.01
Rice,Punjab,Rabi,2497,23.2,57922.38
Cotton,Gujarat,Rabi,3201,17.65,56486.77
Maize,Tamil Nadu,Rabi,4751,16.34,77643.62
Rice,Karnataka,Kharif,2488,32.09,79839.35
Soybean,Punjab,Rabi,1977,17.49,34580.39
Rice,Tamil Nadu,Kharif,1852,29.53,54692.64
Rice,Tamil Nadu,Kharif,2762,26.22,72418.45
Maize,Karnataka,Kharif,1916,23.29,44621.88
Wheat,Tamil Nadu,Kharif,4336,19.3,83692.53
Wheat,Maharashtra,Rabi,3998,20.47,81841.32
Cotton,Karnataka,Kharif,694,15.2,10552.21
Cotton,Tamil Nadu,Kharif,2389,26.38,63017.2
Cotton,Punjab,Kharif,4213,15.83,66693.0
Wheat,Maharashtra,Kharif,4892,26.77,130963.48
Rice,Gujarat,Rabi,1239,28.86,35753.96
Rice,Maharashtra,Kharif,1274,30.34,38650.62
Cotton,Karnataka,Rabi,1543,24.67,38065.33
Soybean,Gujarat,Rabi,4968,29.27,145391.9
Rice,Maharashtra,Rabi,4944,17.6,87022.46
Rice,Maharashtra,Kharif,4176,33.83,141264.28
Soybean,Karnataka,Rabi,4275,27.54,117747.73
Soybean,Karnataka,Rabi,2761,24.57,67851.44
Soybean,Gujarat,Rabi,3401,25.88,88012.07
Cotton,Punjab,Kharif,4121,21.86,90070.47
Soybean,Punjab,Rabi,4515,17.45,78809.04
Rice,Karnataka,Rabi,2581,25.38,65516.95
Wheat,Maharashtra,Rabi,4773,34.82,166179.21
Cotton,Maharashtra,Kharif,3870,23.74,91861.11
Wheat,Punjab,Rabi,1015,34.43,34942.23
Rice,Punjab,Rabi,3129,34.23,107110.23
Wheat,Tamil Nadu,Rabi,2530,19.31,48848.71
Wheat,Punjab,Kharif,2777,28.27,78502.95
Rice,Karnataka,Kharif,2328,33.56,78127.66
Cotton,Tamil Nadu,Rabi,2852,31.83,90769.75
Wheat,Punjab,Kharif,3768,20.75,78204.67
Wheat,Punjab,Kharif,2046,25.42,51999.19
Rice,Maharashtra,Rabi,2475,34.29,84867.78
Maize,Maharashtra,Rabi,1794,30.8,55258.72
Rice,Maharashtra,Kharif,1837,32.04,58850.84
Maize,Maharashtra,Kharif,4873,19.14,93291.31
Rice,Punjab,Rabi,4121,33.71,138913.39
Rice,Punjab,Rabi,2765,25.08,69343.43
Rice,Tamil Nadu,Rabi,1181,34.94,41262.38
Wheat,Gujarat,Rabi,2617,34.85,91193.1
Soybean,Karnataka,Kharif,730,17.45,12737.28
Cotton,Maharashtra,Rabi,4259,31.16,132722.89
Rice,Punjab,Rabi,2673,30.3,80993.19
Cotton,Punjab,Rabi,3328,31.64,105306.8
Wheat,Tamil Nadu,Kharif,4685,20.43,95691.61
Soybean,Gujarat,Rabi,4367,28.32,123673.68
Cotton,Punjab,Kharif,1161,33.93,39397.58
Rice,Tamil Nadu,Kharif,4400,18.6,81858.83
Maize,Gujarat,Kharif,1302,20.13,26205.64
Cotton,Tamil Nadu,Rabi,780,19.36,15099.98
Rice,Punjab,Rabi,1184,20.04,23727.05
Soybean,Punjab,Rabi,1853,32.02,59332.58
Wheat,Tamil Nadu,Rabi,2767,19.12,52907.75
Rice,Tamil Nadu,Rabi,4023,16.13,64898.02
Cotton,Tamil Nadu,Rabi,1644,20.9,34355.17
Maize,Maharashtra,Rabi,2729,33.92,92566.1
Cotton,Maharashtra,Rabi,3741,34.9,130578.24
Cotton,Tamil Nadu,Rabi,2312,21.55,49819.08
Cotton,Karnataka,Rabi,4277,28.91,123655.17
Cotton,Maharashtra,Rabi,2455,25.97,63757.49
Maize,Punjab,Kharif,1081,18.65,20165.03
Wheat,Gujarat,Rabi,2785,22.6,62950.56
Maize,Karnataka,Kharif,3913,31.04,121471.49
Cotton,Tamil Nadu,Kharif,2796,18.05,50454.53
Wheat,Tamil Nadu,Rabi,2052,33.81,69369.7
Maize,Maharashtra,Kharif,980,26.82,26283.55
Maize,Tamil Nadu,Kharif,1089,18.6,20252.25
Rice,Punjab,Kharif,4455,24.97,111238.24
Maize,Karnataka,Rabi,1238,25.1,31069.62
Maize,Maharashtra,Rabi,4428,16.06,71093.03
Maize,Punjab,Kharif,3288,31.93,104995.33
Maize,Karnataka,Kharif,4675,15.65,73150.28
Maize,Maharashtra,Kharif,4142,16.92,70091.47
Maize,Gujarat,Rabi,4781,27.23,130195.69
Rice,Maharashtra,Kharif,1912,27.79,53128.6
Rice,Gujarat,Kharif,3590,32.49,116653.03
Rice,Punjab,Rabi,3570,24.96,89118.3
Cotton,Punjab,Kharif,2738,25.48,69764.86
Cotton,Tamil Nadu,Rabi,1508,21.28,32096.78
Rice,Punjab,Kharif,1485,16.97,25206.41
Maize,Punjab,Rabi,1537,27.76,42667.5
Rice,Punjab,Kharif,4241,16.14,68446.02
Soybean,Maharashtra,Rabi,3765,32.83,123620.6
Maize,Punjab,Rabi,4976,17.27,85959.46
Soybean,Gujarat,Rabi,1239,23.67,29325.92
Soybean,Tamil Nadu,Rabi,3549,21.2,75247.84
Cotton,Karnataka,Rabi,3808,23.92,91093.85
Wheat,Punjab,Kharif,3170,25.78,81724.8
Cotton,Gujarat,Kharif,1322,34.0,44952.95
Rice,Punjab,Kharif,706,30.07,21229.89
Wheat,Punjab,Rabi,1721,17.78,30607.94
Maize,Karnataka,Kharif,3093,32.17,99510.74
Soybean,Maharashtra,Kharif,784,21.73,17035.35
Cotton,Tamil Nadu,Rabi,2123,34.81,73892.77
Maize,Tamil Nadu,Kharif,2178,15.12,32941.44
Wheat,Tamil Nadu,Kharif,2885,20.98,60533.72
Soybean,Gujarat,Kharif,586,33.74,19774.31
Wheat,Karnataka,Kharif,2169,29.56,64107.9
Maize,Karnataka,Kharif,3122,28.76,89776.43
Rice,Punjab,Rabi,1086,28.8,31272.84
Maize,Karnataka,Rabi,981,29.26,28704.09
Rice,Karnataka,Kharif,3140,17.49,54923.17
Rice,Maharashtra,Rabi,2018,15.71,31711.56
Wheat,Punjab,Kharif,2238,24.64,55146.71
Wheat,Maharashtra,Kharif,1285,17.06,21919.15
Rice,Maharashtra,Kharif,2917,19.94,58155.69
Cotton,Tamil Nadu,Kharif,791,24.58,19440.36
Maize,Punjab,Rabi,1617,30.33,49051.61
Cotton,Punjab,Rabi,4441,21.2,94160.24
Wheat,Tamil Nadu,Kharif,4147,30.55,126692.59
Soybean,Punjab,Rabi,4905,16.71,81958.75
Wheat,Karnataka,Kharif,2363,17.86,42201.57
Rice,Maharashtra,Kharif,4761,28.98,137954.1
Rice,Gujarat,Rabi,1940,24.86,48223.33
Wheat,Gujarat,Rabi,2554,19.77,50481.19
Cotton,Karnataka,Rabi,3148,22.68,71403.18
Maize,Punjab,Rabi,1963,29.69,58282.5
Rice,Maharashtra,Rabi,2862,26.16,74876.8
Rice,Tamil Nadu,Rabi,2540,26.15,66410.45
Maize,Gujarat,Rabi,1154,16.46,19000.49
Rice,Tamil Nadu,Kharif,528,34.09,17998.68
Rice,Karnataka,Kharif,1963,34.29,67307.83
Rice,Maharashtra,Rabi,3447,19.76,68099.63
Wheat,Gujarat,Kharif,645,19.39,12504.31
Maize,Gujarat,Kharif,3615,29.93,108209.73
Rice,Tamil Nadu,Kharif,3105,28.53,88594.57
Cotton,Tamil Nadu,Rabi,1512,31.04,46931.93
Rice,Karnataka,Rabi,982,18.96,18620.44
Wheat,Gujarat,Kharif,3659,27.21,99560.29
Wheat,Punjab,Rabi,2205,29.96,66067.32
Soybean,Punjab,Kharif,1935,31.06,60106.81
Cotton,Maharashtra,Kharif,1651,26.12,43131.73
Wheat,Karnataka,Rabi,3125,33.33,104162.67
Rice,Punjab,Kharif,675,17.56,11850.36
Soybean,Punjab,Rabi,2495,30.36,75742.71
Cotton,Karnataka,Kharif,2964,26.04,77174.32
Rice,Gujarat,Rabi,1503,21.94,32973.26
Cotton,Maharashtra,Kharif,4344,15.86,68915.3
Wheat,Tamil Nadu,Rabi,4810,20.17,97039.98
Wheat,Gujarat,Kharif,1811,15.97,28918.52
Cotton,Tamil Nadu,Rabi,3109,17.67,54928.46
Rice,Gujarat,Rabi,664,21.99,14600.49
Maize,Tamil Nadu,Kharif,2505,34.12,85481.57
Soybean,Karnataka,Rabi,2105,34.91,73479.59
Wheat,Gujarat,Kharif,4855,22.77,110532.31
Maize,Maharashtra,Kharif,1737,24.1,41855.76
Wheat,Gujarat,Rabi,3802,32.38,123119.78
Wheat,Punjab,Rabi,2469,24.59,60707.82
Rice,Punjab,Kharif,2869,15.81,45348.53
Soybean,Punjab,Rabi,2373,27.34,64885.14
Soybean,Tamil Nadu,Rabi,4628,34.32,158838.83
Wheat,Gujarat,Rabi,3359,19.58,65770.34
Maize,Tamil Nadu,Rabi,2973,17.07,50762.39
Rice,Tamil Nadu,Rabi,3856,26.17,100902.2
Wheat,Tamil Nadu,Rabi,1747,32.83,57349.75
Maize,Gujarat,Rabi,4093,18.75,76754.4
Maize,Karnataka,Kharif,1836,21.95,40299.7
Soybean,Gujarat,Rabi,1120,23.04,25805.11
Wheat,Punjab,Kharif,2940,21.78,64047.74
Wheat,Punjab,Rabi,1717,18.72,32137.85
Wheat,Karnataka,Rabi,674,24.56,16553.12
Wheat,Tamil Nadu,Rabi,682,31.3,21347.06
Soybean,Karnataka,Rabi,2911,26.2,76259.52
Wheat,Gujarat,Kharif,4049,31.01,125569.97
Soybean,Maharashtra,Rabi,1651,19.23,31753.31
Cotton,Tamil Nadu,Rabi,965,20.12,19411.01
Maize,Tamil Nadu,Rabi,4447,30.29,134682.37
Wheat,Tamil Nadu,Kharif,3584,23.14,82920.28
Wheat,Punjab,Rabi,4768,25.03,119366.02
Soybean,Punjab,Kharif,2493,30.82,76840.36
Wheat,Gujarat,Rabi,4391,24.88,109250.93
Rice,Maharashtra,Rabi,4790,27.78,133049.9
Soybean,Karnataka,Rabi,1078,24.19,26073.9
Soybean,Gujarat,Kharif,3842,30.81,118383.96
Wheat,Tamil Nadu,Kharif,2597,25.57,66396.26
Rice,Maharashtra,Kharif,3459,31.66,109503.27
Maize,Karnataka,Kharif,686,30.15,20680.02
Maize,Punjab,Rabi,3627,24.33,88237.67
Rice,Karnataka,Kharif,2954,17.38,51327.14
Rice,Karnataka,Kharif,1787,16.46,29418.02
Cotton,Gujarat,Rabi,4380,28.85,126380.7
Rice,Maharashtra,Kharif,2349,27.06,63571.31
Wheat,Karnataka,Rabi,2882,33.05,95248.47
Rice,Maharashtra,Kharif,714,33.72,24078.4
Soybean,Gujarat,Rabi,2456,34.74,85320.45
Soybean,Punjab,Rabi,4161,26.68,111015.76
Wheat,Maharashtra,Kharif,3586,19.86,71204.22
Wheat,Karnataka,Kharif,2538,28.92,73401.19
Soybean,Tamil Nadu,Rabi,939,28.72,26966.68
Maize,Karnataka,Kharif,4801,34.03,163361.51
Wheat,Punjab,Rabi,4554,27.53,125360.26
Wheat,Maharashtra,Kharif,4771,16.69,79644.06
Soybean,Maharashtra,Rabi,718,29.94,21498.78
Soybean,Gujarat,Kharif,2419,28.25,68326.9
Maize,Maharashtra,Kharif,3946,18.87,74461.81
Maize,Punjab,Kharif,1323,28.23,37354.13
Maize,Karnataka,Rabi,1469,15.2,22334.26
Rice,Maharashtra,Rabi,2264,21.04,47640.05
Soybean,Tamil Nadu,Kharif,1308,29.0,37934.72
Soybean,Tamil Nadu,Rabi,3489,29.73,103712.69
Wheat,Maharashtra,Rabi,2614,20.82,54431.9
Maize,Gujarat,Rabi,543,18.29,9929.62
Rice,Maharashtra,Rabi,2348,29.55,69373.33
Wheat,Punjab,Kharif,1197,30.28,36245.67
Cotton,Punjab,Rabi,4243,20.17,85584.26
Maize,Maharashtra,Rabi,2659,27.98,74404.08
Rice,Gujarat,Kharif,3255,20.06,65289.7
Rice,Gujarat,Rabi,2117,27.98,59233.35
Rice,Karnataka,Kharif,2890,23.0,66465.34
Maize,Gujarat,Rabi,860,17.37,14937.45
Wheat,Gujarat,Kharif,4148,32.7,135640.46
Rice,Tamil Nadu,Kharif,1401,33.48,46908.9
Maize,Punjab,Rabi,2139,20.49,43838.39
Rice,Karnataka,Rabi,1001,28.54,28565.27
Wheat,Tamil Nadu,Rabi,2715,27.39,74368.56
Wheat,Karnataka,Kharif,4108,24.75,101687.29
Wheat,Maharashtra,Rabi,1146,17.55,20108.07
Soybean,Punjab,Kharif,4471,28.47,127297.59
Cotton,Tamil Nadu,Kharif,3339,34.72,115924.89
Soybean,Maharashtra,Kharif,1684,33.68,56724.64
Rice,Karnataka,Rabi,4888,30.84,150741.56
Wheat,Tamil Nadu,Kharif,4206,27.85,117157.67
Cotton,Punjab,Kharif,3926,29.26,114859.96
Soybean,Punjab,Kharif,2103,19.51,41033.75
Wheat,Tamil Nadu,Kharif,3816,23.16,88365.61
Maize,Karnataka,Rabi,668,30.81,20579.14
Wheat,Punjab,Rabi,3220,16.53,53218.9
Cotton,Punjab,Kharif,1808,26.15,47274.56
Wheat,Karnataka,Kharif,2276,23.95,54501.59
Soybean,Karnataka,Rabi,2772,26.12,72414.75
Maize,Tamil Nadu,Kharif,3313,32.4,107349.55
Cotton,Punjab,Kharif,2621,31.51,82574.85
Soybean,Tamil Nadu,Kharif,1710,19.17,32774.8
Soybean,Punjab,Kharif,4757,24.39,116025.14
Maize,Maharashtra,Rabi,1585,30.54,48404.18
Soybean,Punjab,Rabi,3893,32.89,128024.43
Cotton,Maharashtra,Kharif,3467,25.12,87089.73
Maize,Maharashtra,Rabi,1892,23.02,43562.43
Wheat,Gujarat,Kharif,2318,32.05,74283.18
Cotton,Punjab,Kharif,3440,17.04,58627.69
Rice,Gujarat,Rabi,1814,29.16,52895.41
Wheat,Maharashtra,Rabi,1447,22.07,31942.23
Cotton,Punjab,Kharif,2261,29.49,66670.16
Maize,Punjab,Kharif,798,26.56,21197.02
Wheat,Punjab,Kharif,1500,19.87,29807.53
Wheat,Tamil Nadu,Kharif,2542,19.81,50358.84
Cotton,Gujarat,Rabi,4263,30.43,129702.95
Maize,Karnataka,Rabi,4119,29.82,122835.65
Maize,Gujarat,Kharif,4174,34.27,143054.71
Rice,Tamil Nadu,Rabi,3712,20.18,74916.49
Wheat,Karnataka,Rabi,3613,28.3,102236.52
Soybean,Tamil Nadu,Kharif,2016,34.82,70192.12
Rice,Punjab,Kharif,4058,30.58,124095.72
Maize,Tamil Nadu,Kharif,4492,18.51,83152.23
Rice,Maharashtra,Rabi,4080,15.15,61806.43
Soybean,Karnataka,Kharif,870,20.5,17831.42
Wheat,Maharashtra,Kharif,2682,24.34,65289.98
Wheat,Maharashtra,Rabi,4925,24.51,120719.67
Cotton,Tamil Nadu,Kharif,4381,17.23,75477.96
Rice,Maharashtra,Kharif,3649,30.21,110245.65
Rice,Gujarat,Kharif,1969,24.7,48636.46
Soybean,Tamil Nadu,Kharif,3009,15.75,47402.5
Soybean,Karnataka,Kharif,4428,29.72,131583.35
Rice,Maharashtra,Rabi,4496,31.26,140565.35
Maize,Gujarat,Rabi,4593,33.79,155198.26
Wheat,Tamil Nadu,Kharif,2334,20.08,46868.46
Wheat,Tamil Nadu,Rabi,896,15.99,14330.06
Rice,Tamil Nadu,Rabi,749,24.36,18246.33
Wheat,Gujarat,Kharif,4832,18.21,87978.62
Wheat,Maharashtra,Rabi,2058,29.16,60002.34
Cotton,Tamil Nadu,Kharif,2802,29.54,82758.65
Maize,Karnataka,Rabi,3128,25.08,78449.22
Rice,Tamil Nadu,Kharif,4420,18.83,83238.35
Cotton,Gujarat,Rabi,2403,26.22,63011.6
Soybean,Gujarat,Kharif,1557,24.31,37851.27
Rice,Tamil Nadu,Kharif,3702,16.43,60813.43
Maize,Tamil Nadu,Rabi,4036,17.02,68673.24
Rice,Punjab,Kharif,4968,24.13,119886.28
Maize,Gujarat,Kharif,4375,27.05,118345.52
Soybean,Punjab,Rabi,2397,16.0,38361.22
Maize,Punjab,Rabi,989,25.75,25464.02
Cotton,Maharashtra,Kharif,1386,33.07,45835.92
Maize,Maharashtra,Kharif,4114,19.02,78247.22
Soybean,Tamil Nadu,Kharif,3082,19.87,61244.8
Maize,Gujarat,Rabi,4906,29.5,144713.8
Maize,Maharashtra,Rabi,3899,27.32,106519.47
Maize,Gujarat,Kharif,1856,31.63,58698.47
Soybean,Karnataka,Rabi,4052,22.9,92798.4
Maize,Punjab,Rabi,4036,24.12,97362.49
Rice,Karnataka,Kharif,2952,24.19,71400.42
Rice,Gujarat,Rabi,2156,15.57,33573.39
Soybean,Tamil Nadu,Rabi,2255,22.48,50695.61
Rice,Gujarat,Rabi,4759,16.04,76352.77
Rice,Punjab,Rabi,886,31.75,28126.39
Wheat,Tamil Nadu,Rabi,1087,22.28,24215.11
Wheat,Karnataka,Kharif,1582,22.43,35481.48
Cotton,Karnataka,Rabi,4829,30.46,147071.21
Maize,Karnataka,Kharif,4400,34.95,153784.13
Rice,Gujarat,Rabi,2010,27.11,54489.87
Wheat,Tamil Nadu,Kharif,2138,22.41,47916.54
Maize,Maharashtra,Rabi,2852,25.3,72157.77
Cotton,Maharashtra,Kharif,4620,22.75,105111.02
Maize,Karnataka,Rabi,2086,23.45,48916.98
Rice,Karnataka,Rabi,3085,18.86,58187.08
Wheat,Punjab,Kharif,601,22.35,13430.08
Maize,Tamil Nadu,Kharif,4193,29.72,124614.15
Soybean,Gujarat,Kharif,4780,28.75,137414.49
Maize,Gujarat,Kharif,3613,17.1,61794.71
Rice,Tamil Nadu,Kharif,3278,20.16,66098.34
Rice,Punjab,Rabi,4081,33.93,138466.93
Wheat,Tamil Nadu,Rabi,576,18.31,10548.44
Soybean,Karnataka,Rabi,3406,16.04,54632.67
Cotton,Tamil Nadu,Rabi,506,30.85,15608.32
Rice,Karnataka,Rabi,2133,29.78,63521.95
Wheat,Punjab,Kharif,2910,20.74,60344.9
Rice,Punjab,Kharif,659,31.14,20524.34
Wheat,Tamil Nadu,Rabi,3032,31.15,94451.42
Rice,Punjab,Kharif,1963,33.32,65410.08
Wheat,Karnataka,Kharif,1335,21.35,28504.64
Wheat,Karnataka,Rabi,565,26.91,15205.8
Wheat,Punjab,Rabi,3567,19.58,69858.22
Maize,Karnataka,Kharif,727,23.53,17108.24
Maize,Maharashtra,Rabi,2839,30.21,85752.29
Cotton,Punjab,Rabi,2901,33.34,96715.42
Rice,Punjab,Kharif,2260,24.54,55449.47
Cotton,Gujarat,Kharif,604,28.7,17337.12
Soybean,Tamil Nadu,Kharif,4456,29.08,129578.03
Cotton,Tamil Nadu,Kharif,1787,27.48,49104.45
Cotton,Karnataka,Rabi,3292,31.13,102478.01
Cotton,Tamil Nadu,Rabi,578,22.23,12850.57
Cotton,Tamil Nadu,Kharif,3541,21.94,77689.29
Soybean,Tamil Nadu,Kharif,574,20.56,11804.01
Soybean,Karnataka,Rabi,4742,25.82,122440.99
Rice,Punjab,Rabi,3038,31.9,96910.51
Maize,Punjab,Kharif,2002,25.43,50911.64
Soybean,Maharashtra,Kharif,1805,31.73,57268.25
Wheat,Maharashtra,Rabi,4250,20.39,86666.64
Cotton,Maharashtra,Kharif,3850,30.8,118579.76
Cotton,Maharashtra,Kharif,3068,33.69,103352.94
Maize,Karnataka,Kharif,4452,17.97,79984.79
Soybean,Tamil Nadu,Kharif,3953,17.69,69909.71
Maize,Maharashtra,Kharif,799,27.61,22063.76
Rice,Tamil Nadu,Rabi,4712,30.59,144122.85
Wheat,Karnataka,Kharif,887,21.9,19421.18
Rice,Karnataka,Kharif,3325,24.3,80813.94
Wheat,Tamil Nadu,Rabi,945,31.97,30211.98
Cotton,Maharashtra,Rabi,3771,32.09,121010.01
Rice,Maharashtra,Rabi,2484,23.64,58710.6
Cotton,Tamil Nadu,Rabi,882,29.98,26439.16
Cotton,Karnataka,Rabi,4252,17.58,74745.36
Rice,Tamil Nadu,Kharif,1764,29.35,51775.62
Cotton,Punjab,Rabi,2347,18.66,43797.33
Wheat,Maharashtra,Rabi,4343,28.58,124114.38
Rice,Punjab,Kharif,4117,29.95,123303.33
Wheat,Maharashtra,Rabi,4109,27.0,110949.68
Cotton,Maharashtra,Kharif,4203,30.42,127872.59
Wheat,Punjab,Kharif,1210,32.73,39608.77
Cotton,Karnataka,Kharif,1054,19.7,20761.8
Cotton,Maharashtra,Rabi,4741,19.52,92540.01
Wheat,Punjab,Rabi,1733,20.2,35010.1
Cotton,Gujarat,Rabi,4517,16.77,75770.34
Cotton,Gujarat,Kharif,753,17.04,12830.21
Wheat,Maharashtra,Rabi,3730,19.42,72451.24
Maize,Punjab,Kharif,3531,34.3,121128.13
Rice,Punjab,Kharif,4956,18.56,91971.78
Soybean,Punjab,Rabi,1873,19.45,36438.31
Cotton,Gujarat,Kharif,1302,15.86,20643.92
Cotton,Gujarat,Rabi,3711,25.23,93644.97
Wheat,Punjab,Kharif,3180,16.1,51183.23
Rice,Tamil Nadu,Rabi,4186,27.54,115270.44
Maize,Karnataka,Rabi,3638,15.67,57023.56
Soybean,Gujarat,Rabi,3802,32.54,123732.91
Cotton,Karnataka,Rabi,569,15.26,8680.14
Cotton,Tamil Nadu,Kharif,3535,32.58,115155.67
Rice,Gujarat,Rabi,4565,25.41,115993.95
Wheat,Karnataka,Kharif,4289,25.32,108588.05
Soybean,Punjab,Rabi,3164,28.45,90001.85
Wheat,Karnataka,Kharif,3821,28.86,110257.53
Soybean,Gujarat,Kharif,4478,21.01,94101.36
Wheat,Gujarat,Kharif,3903,21.71,84746.1
Rice,Maharashtra,Rabi,609,22.22,13529.39
Cotton,Maharashtra,Rabi,4273,17.11,73095.92
Maize,Punjab,Rabi,2550,19.64,50079.28
Soybean,Gujarat,Rabi,4758,29.04,138153.5
Cotton,Gujarat,Kharif,2820,17.49,49311.2
Soybean,Karnataka,Rabi,2316,21.89,50707.87
Maize,Gujarat,Kharif,4711,19.87,93596.92
Maize,Karnataka,Kharif,1052,20.82,21899.4
Cotton,Karnataka,Rabi,1194,32.12,38352.73
Rice,Punjab,Kharif,1759,24.76,43551.43
Rice,Tamil Nadu,Rabi,4470,31.04,138737.9
Soybean,Karnataka,Rabi,1960,30.9,60559.64
Soybean,Maharashtra,Rabi,4555,25.1,114316.9
Rice,Tamil Nadu,Rabi,3741,17.15,64142.01
Soybean,Punjab,Rabi,2424,29.24,70868.08
Soybean,Karnataka,Rabi,2499,29.91,74741.48
Wheat,Punjab,Kharif,3311,18.37,60828.86
Wheat,Gujarat,Rabi,2781,31.68,88097.58
Cotton,Punjab,Kharif,4961,16.73,83005.68
Maize,Gujarat,Kharif,2793,17.62,49208.84
Maize,Maharashtra,Rabi,2303,18.99,43725.74
Cotton,Punjab,Rabi,3564,20.22,72062.09
Maize,Karnataka,Kharif,2602,24.69,64250.73
Rice,Maharashtra,Rabi,4433,21.62,95842.53
Cotton,Gujarat,Rabi,1604,26.41,42356.77
Cotton,Maharashtra,Kharif,1733,26.64,46167.48
Cotton,Karnataka,Rabi,3547,21.24,75339.26
Soybean,Punjab,Rabi,2552,24.32,62073.72
Soybean,Maharashtra,Rabi,4981,24.79,123485.77
Maize,Gujarat,Kharif,2907,23.85,69327.21
Wheat,Punjab,Kharif,1193,29.74,35476.7
Soybean,Karnataka,Rabi,2607,15.81,41210.94
Soybean,Tamil Nadu,Rabi,3492,18.86,65861.75
Maize,Punjab,Rabi,1061,18.37,19491.11
Maize,Tamil Nadu,Rabi,2655,18.26,48492.2
Rice,Gujarat,Kharif,3360,22.15,74427.34
Cotton,Punjab,Rabi,2954,34.08,100683.64
Soybean,Tamil Nadu,Kharif,3945,22.1,87181.11
Rice,Tamil Nadu,Kharif,3334,27.92,93095.52
Cotton,Karnataka,Kharif,558,18.1,10097.43
Maize,Tamil Nadu,Rabi,1108,31.69,35116.37
Cotton,Tamil Nadu,Kharif,2467,19.99,49323.08
Soybean,Karnataka,Kharif,4190,31.7,132828.89
Cotton,Punjab,Kharif,3145,30.5,95913.8
Wheat,Tamil Nadu,Kharif,887,29.79,26421.35
Maize,Punjab,Rabi,3769,20.15,75961.53
Soybean,Punjab,Kharif,1522,33.14,50436.66
Soybean,Maharashtra,Rabi,2597,21.8,56613.32
Rice,Gujarat,Kharif,2215,17.93,39716.61
Soybean,Tamil Nadu,Kharif,2816,18.29,51508.56
Maize,Tamil Nadu,Rabi,3046,23.92,72862.96
Cotton,Punjab,Kharif,4407,17.43,76833.01
Soybean,Tamil Nadu,Rabi,1873,17.82,33377.92
Wheat,Karnataka,Kharif,1064,20.37,21676.15
Rice,Tamil Nadu,Rabi,1507,20.42,30769.87
Cotton,Karnataka,Rabi,4742,20.45,96981.9
Cotton,Karnataka,Kharif,4578,32.78,150064.72
Rice,Gujarat,Kharif,3397,26.25,89173.04
Wheat,Maharashtra,Kharif,2452,22.23,54503.59
Rice,Maharashtra,Rabi,1030,30.31,31216.96
Cotton,Punjab,Rabi,2453,24.55,60223.39
Soybean,Punjab,Rabi,4004,21.79,87249.17
Soybean,Tamil Nadu,Kharif,2088,28.13,58737.6
Wheat,Gujarat,Rabi,1312,25.07,32895.8
Rice,Tamil Nadu,Kharif,3715,22.29,82805.64
Wheat,Tamil Nadu,Rabi,1949,32.84,64014.7
Cotton,Punjab,Kharif,1055,31.68,33422.33
Wheat,Gujarat,Rabi,766,24.28,18599.25
Soybean,Punjab,Kharif,3912,31.88,124697.52
Rice,Tamil Nadu,Kharif,4548,34.6,157356.85
Rice,Maharashtra,Kharif,563,34.37,19347.82
Rice,Gujarat,Rabi,1907,25.11,47875.59
Maize,Karnataka,Kharif,834,21.94,18294.89
Rice,Karnataka,Kharif,2186,34.04,74403.78
Wheat,Karnataka,Rabi,2910,33.87,98562.26
Wheat,Punjab,Rabi,2478,16.49,40855.44
Cotton,Maharashtra,Rabi,4398,21.92,96398.43
Rice,Punjab,Rabi,3703,26.65,98695.83
Soybean,Karnataka,Kharif,3131,26.63,83372.87
Rice,Karnataka,Kharif,1416,16.32,23105.33
Rice,Maharashtra,Rabi,740,31.97,23655.33
Rice,Karnataka,Kharif,4900,16.57,81189.28
Wheat,Maharashtra,Kharif,2784,16.21,45136.2
Wheat,Punjab,Rabi,1170,15.22,17810.73
Rice,Karnataka,Rabi,1765,24.43,43121.89
Maize,Maharashtra,Rabi,1682,31.32,52680.24
Soybean,Tamil Nadu,Kharif,3875,26.02,100839.64
Maize,Gujarat,Rabi,2852,26.34,75131.64
Rice,Gujarat,Kharif,757,16.52,12503.19
Cotton,Tamil Nadu,Rabi,2220,23.09,51269.23
Soybean,Punjab,Rabi,1020,25.78,26293.15
Soybean,Karnataka,Rabi,2039,24.77,50507.14
Soybean,Tamil Nadu,Kharif,4100,19.27,79005.23
Cotton,Gujarat,Rabi,4734,19.88,94131.62
Cotton,Maharashtra,Rabi,1411,27.55,38868.76
Wheat,Karnataka,Rabi,4755,25.98,123541.38
Rice,Karnataka,Kharif,4700,24.42,114765.67
Soybean,Tamil Nadu,Rabi,3205,32.45,104017.38
Rice,Maharashtra,Kharif,4760,16.55,78795.35
Wheat,Tamil Nadu,Rabi,3108,20.98,65197.53
Wheat,Maharashtra,Rabi,3217,24.82,79853.82
Wheat,Maharashtra,Kharif,830,22.48,18654.32
Soybean,Tamil Nadu,Kharif,3676,27.69,101781.41
Maize,Gujarat,Rabi,1015,15.14,15363.49
Cotton,Gujarat,Rabi,1085,31.06,33694.73
Cotton,Karnataka,Kharif,2074,19.78,41018.69
Maize,Maharashtra,Kharif,3298,30.08,99198.0
Cotton,Karnataka,Rabi,1188,19.19,22802.7
Soybean,Maharashtra,Rabi,1841,20.34,37439.66
Rice,Karnataka,Kharif,770,24.11,18562.98
Soybean,Karnataka,Rabi,1320,30.31,40009.45
Wheat,Gujarat,Kharif,2025,25.07,50764.49
Soybean,Punjab,Kharif,3770,24.04,90635.87
Wheat,Punjab,Kharif,3487,34.69,120969.21
Soybean,Gujarat,Kharif,4439,21.34,94707.46
Wheat,Karnataka,Kharif,4474,17.31,77439.56
Soybean,Tamil Nadu,Kharif,4987,33.06,164890.34
Rice,Punjab,Rabi,3004,15.42,46329.11
Rice,Karnataka,Rabi,4299,27.12,116590.17
Cotton,Gujarat,Kharif,3740,18.97,70944.97
Wheat,Tamil Nadu,Rabi,4991,19.62,97912.04
Soybean,Maharashtra,Kharif,4876,24.37,118820.18
Maize,Tamil Nadu,Kharif,1887,31.36,59184.0
Wheat,Gujarat,Kharif,1095,24.78,27132.9
Wheat,Tamil Nadu,Rabi,1337,30.7,41042.5
Soybean,Maharashtra,Kharif,3724,22.92,85336.57
Cotton,Karnataka,Rabi,2872,34.55,99237.58
Wheat,Maharashtra,Rabi,3134,15.39,48240.32
Wheat,Karnataka,Kharif,1343,33.27,44687.66
Wheat,Tamil Nadu,Rabi,3809,20.86,79460.38
Wheat,Tamil Nadu,Kharif,1742,26.77,46627.48
Maize,Punjab,Rabi,3540,29.95,106017.96
Soybean,Tamil Nadu,Kharif,4667,20.17,94110.89
Wheat,Tamil Nadu,Kharif,1189,22.52,26774.54
Cotton,Maharashtra,Kharif,3735,17.2,64234.01
Cotton,Punjab,Kharif,4480,22.67,101539.55
Maize,Tamil Nadu,Kharif,4308,26.86,115716.01
Soybean,Maharashtra,Kharif,981,21.66,21251.16
Soybean,Maharashtra,Kharif,684,29.97,20500.83
Soybean,Tamil Nadu,Kharif,4527,18.03,81616.85
Maize,Maharashtra,Kharif,4962,19.55,97023.95
Soybean,Tamil Nadu,Rabi,4449,33.93,150947.47
Soybean,Maharashtra,Rabi,1901,22.97,43669.45
Rice,Karnataka,Rabi,3708,34.28,127104.79
Rice,Karnataka,Kharif,2592,34.22,88690.88
Wheat,Gujarat,Rabi,4045,24.12,97585.05
Soybean,Tamil Nadu,Kharif,4104,16.41,67360.57
Cotton,Karnataka,Rabi,994,19.59,19475.48
Wheat,Punjab,Kharif,4020,17.31,69601.33
Cotton,Karnataka,Rabi,4654,31.37,145980.15
Cotton,Punjab,Rabi,3075,16.95,52115.66
Maize,Tamil Nadu,Kharif,3304,24.48,80896.76
Maize,Karnataka,Rabi,3653,20.09,73387.4
Maize,Punjab,Kharif,1993,31.89,63557.97
Maize,Tamil Nadu,Kharif,4681,16.81,78688.58
Soybean,Maharashtra,Rabi,4415,22.33,98601.6
Cotton,Maharashtra,Rabi,594,23.85,14168.08
Soybean,Gujarat,Rabi,557,28.01,15600.45
Rice,Karnataka,Kharif,4115,30.89,127106.0
Rice,Gujarat,Rabi,2907,26.12,75931.19
Wheat,Gujarat,Rabi,2160,20.8,44935.27
Cotton,Gujarat,Kharif,2184,29.38,64167.12
Maize,Gujarat,Kharif,3470,31.4,108965.64
Maize,Maharashtra,Rabi,1711,28.3,48420.16
Wheat,Punjab,Kharif,2991,34.77,103989.82
Soybean,Gujarat,Rabi,4186,34.39,143945.49
Soybean,Tamil Nadu,Kharif,4025,20.89,84072.41
Soybean,Punjab,Rabi,2088,34.22,71456.2
Cotton,Punjab,Kharif,1206,19.05,22974.41
Cotton,Maharashtra,Kharif,4151,31.14,129246.86
Soybean,Karnataka,Kharif,4867,34.81,169408.57
Wheat,Karnataka,Rabi,4713,20.03,94409.61
Cotton,Karnataka,Kharif,2718,17.72,48162.92
Wheat,Gujarat,Rabi,765,20.68,15818.83
Maize,Gujarat,Rabi,834,21.49,17924.38
Soybean,Tamil Nadu,Rabi,3526,27.45,96776.97
Cotton,Gujarat,Kharif,803,29.53,23715.49
Soybean,Maharashtra,Kharif,2402,28.31,68010.25
Rice,Karnataka,Kharif,4205,25.78,108402.0
Soybean,Gujarat,Rabi,1263,22.31,28182.78
Wheat,Maharashtra,Kharif,2357,20.58,48498.54
Cotton,Tamil Nadu,Rabi,4229,29.0,122644.28
Rice,Maharashtra,Rabi,1250,27.53,34410.11
Rice,Maharashtra,Kharif,3373,33.5,113001.63
Maize,Maharashtra,Rabi,2061,18.53,38182.67
Rice,Karnataka,Rabi,765,20.29,15519.76
Maize,Karnataka,Rabi,4095,21.52,88118.87
Rice,Punjab,Kharif,4485,24.67,110636.36
Rice,Tamil Nadu,Kharif,1943,16.03,31152.14
Wheat,Tamil Nadu,Rabi,1667,25.61,42695.87
Cotton,Tamil Nadu,Kharif,1837,16.95,31130.19
Cotton,Punjab,Rabi,3592,26.78,96190.74
Soybean,Punjab,Kharif,2450,33.6,82315.18
Maize,Punjab,Rabi,3413,21.9,74733.42
Wheat,Gujarat,Kharif,2668,23.58,62904.04
Soybean,Punjab,Rabi,4683,24.24,113524.07
Rice,Gujarat,Kharif,3593,27.72,99600.81
Soybean,Tamil Nadu,Rabi,4405,24.11,106185.37
Rice,Maharashtra,Rabi,1396,18.28,25515.09
Soybean,Karnataka,Rabi,636,26.0,16537.48
Soybean,Tamil Nadu,Rabi,3210,17.07,54783.84
Cotton,Tamil Nadu,Kharif,2808,28.36,79642.0
Cotton,Gujarat,Kharif,4748,17.17,81527.18
Maize,Karnataka,Rabi,4941,27.76,137177.63
Rice,Tamil Nadu,Rabi,4648,19.24,89446.88
Cotton,Maharashtra,Kharif,2146,29.47,63245.44
Maize,Tamil Nadu,Kharif,2551,26.99,68855.78
Maize,Gujarat,Kharif,797,21.95,17493.11
Wheat,Karnataka,Kharif,4002,30.39,121609.32
Wheat,Gujarat,Kharif,4248,31.73,134803.38
Soybean,Gujarat,Rabi,2913,33.02,96185.57
Wheat,Tamil Nadu,Rabi,869,27.32,23745.06
Maize,Gujarat,Kharif,1997,15.41,30771.39
Soybean,Karnataka,Rabi,4337,29.42,127603.83
Rice,Maharashtra,Kharif,3504,30.12,105531.15
Wheat,Maharashtra,Rabi,4078,22.49,91734.2
Maize,Maharashtra,Rabi,1182,31.51,37243.81
Rice,Karnataka,Kharif,2777,34.89,96901.6
Maize,Karnataka,Kharif,806,18.16,14633.97
Cotton,Tamil Nadu,Kharif,3007,29.03,87278.35
Wheat,Maharashtra,Rabi,4362,34.19,149126.85
Wheat,Maharashtra,Rabi,4570,19.91,90983.37
Maize,Karnataka,Rabi,952,33.61,32001.37
Soybean,Punjab,Kharif,3973,33.76,134137.38
Rice,Gujarat,Rabi,3762,18.92,71161.0
Wheat,Karnataka,Rabi,4466,29.34,131053.13
Wheat,Tamil Nadu,Rabi,3222,17.71,57052.93
Cotton,Karnataka,Kharif,4331,33.91,146854.38
Cotton,Karnataka,Kharif,3436,20.93,71900.95
Soybean,Tamil Nadu,Kharif,3295,23.2,76428.96
Rice,Gujarat,Rabi,3952,17.41,68799.1
Rice,Karnataka,Kharif,2892,21.2,61308.18
Cotton,Gujarat,Kharif,2878,26.8,77132.37
Wheat,Punjab,Kharif,1288,33.56,43223.45
Cotton,Maharashtra,Rabi,873,27.97,24415.62
Cotton,Maharashtra,Rabi,1994,21.56,42985.31
Wheat,Tamil Nadu,Rabi,3968,27.21,107950.1
Cotton,Punjab,Kharif,4386,31.63,138724.14
Soybean,Karnataka,Rabi,2125,19.2,40789.62
Rice,Tamil Nadu,Kharif,2440,21.5,52459.3
Maize,Maharashtra,Kharif,1709,28.29,48346.61
Rice,Maharashtra,Kharif,593,16.95,10052.95
Maize,Tamil Nadu,Rabi,2628,21.86,57446.26
Wheat,Punjab,Kharif,2808,29.79,83658.65
Soybean,Punjab,Kharif,1648,26.13,43057.5
Soybean,Karnataka,Kharif,3907,18.68,72989.39
Rice,Karnataka,Kharif,4646,24.67,114624.77
Maize,Karnataka,Rabi,3026,21.9,66258.81
Soybean,Maharashtra,Rabi,3940,17.42,68648.22
Wheat,Punjab,Kharif,2903,26.17,75966.91
Maize,Tamil Nadu,Rabi,1437,27.54,39581.63
Wheat,Punjab,Rabi,3680,19.69,72453.46
Cotton,Gujarat,Kharif,2994,28.86,86403.16
Soybean,Tamil Nadu,Kharif,4283,15.42,66036.18
Cotton,Karnataka,Rabi,4039,20.66,83438.82
Rice,Gujarat,Rabi,3649,16.48,60141.77
Rice,Maharashtra,Kharif,2023,25.27,51126.86
Rice,Gujarat,Kharif,1937,26.48,51296.89
Maize,Tamil Nadu,Kharif,4408,16.73,73738.08
Maize,Tamil Nadu,Rabi,1658,23.32,38671.92
Rice,Maharashtra,Rabi,2050,15.89,32577.51
Cotton,Gujarat,Kharif,2415,19.27,46534.13
Maize,Tamil Nadu,Rabi,1372,32.09,44033.52
Maize,Tamil Nadu,Rabi,1460,34.74,50713.93
Wheat,Karnataka,Kharif,4617,34.72,160295.52
Rice,Karnataka,Rabi,3584,18.45,66124.15
Cotton,Maharashtra,Rabi,1384,21.19,29330.55
Rice,Tamil Nadu,Kharif,3652,30.21,110309.38
Maize,Tamil Nadu,Rabi,2062,26.12,53850.25
Rice,Punjab,Rabi,4564,32.29,147366.74
Wheat,Maharashtra,Kharif,1762,26.12,46030.31
Wheat,Punjab,Kharif,4371,32.49,142015.27
Wheat,Maharashtra,Rabi,3769,32.36,121955.75
Cotton,Punjab,Rabi,1838,27.17,49943.05
Maize,Maharashtra,Rabi,3786,19.72,74662.92
Soybean,Maharashtra,Kharif,3050,19.01,57995.13
Soybean,Maharashtra,Rabi,2825,26.2,74022.43
Soybean,Maharashtra,Rabi,3152,22.34,70416.69
Maize,Maharashtra,Kharif,890,34.7,30883.02
Wheat,Punjab,Kharif,1802,26.0,46844.61
Maize,Maharashtra,Rabi,3935,28.59,112500.74
Wheat,Tamil Nadu,Rabi,615,17.9,11005.6
Cotton,Maharashtra,Rabi,2656,28.32,75208.92
Cotton,Karnataka,Kharif,644,27.59,17769.86
Cotton,Tamil Nadu,Rabi,1872,27.87,52168.95
Cotton,Tamil Nadu,Kharif,4955,24.81,122923.64
Soybean,Gujarat,Rabi,4764,26.32,125392.92
Soybean,Gujarat,Rabi,3693,34.42,127098.55
Cotton,Gujarat,Kharif,1021,23.9,24403.08
Wheat,Tamil Nadu,Kharif,1282,19.74,25307.28
Rice,Karnataka,Kharif,2483,18.89,46915.85
Rice,Gujarat,Rabi,2254,21.5,48449.97
Maize,Maharashtra,Kharif,2257,19.99,45109.86
Wheat,Karnataka,Rabi,2273,32.97,74943.71
Cotton,Maharashtra,Kharif,1942,16.99,32990.75
Cotton,Maharashtra,Kharif,4307,20.27,87324.4
Maize,Maharashtra,Rabi,2600,15.43,40109.51
Maize,Maharashtra,Kharif,4842,27.25,131929.38
Soybean,Maharashtra,Kharif,2643,28.79,76101.89
Rice,Punjab,Kharif,2215,22.17,49106.74
Rice,Karnataka,Rabi,1000,34.89,34888.1
Maize,Gujarat,Rabi,4395,32.94,144771.31
Cotton,Maharashtra,Kharif,2308,27.46,63377.1
Wheat,Maharashtra,Rabi,4878,15.01,73211.81
Maize,Karnataka,Rabi,4566,20.0,91336.15
Maize,Punjab,Kharif,619,30.04,18595.39
Soybean,Tamil Nadu,Rabi,2500,21.5,53750.94
Cotton,Tamil Nadu,Kharif,2736,27.47,75158.83
Rice,Maharashtra,Rabi,4697,31.93,149976.53
Soybean,Punjab,Rabi,1861,16.33,30387.64
Cotton,Tamil Nadu,Rabi,574,17.7,10157.11
Wheat,Gujarat,Rabi,2099,18.48,38794.86
Maize,Karnataka,Kharif,1695,19.81,33586.09
Rice,Punjab,Rabi,2428,17.91,43481.55
Wheat,Punjab,Kharif,2110,26.8,56550.29
Soybean,Gujarat,Kharif,4005,24.2,96916.01
Rice,Tamil Nadu,Rabi,2377,30.99,73654.66
Wheat,Punjab,Kharif,4812,15.28,73536.62
Rice,Maharashtra,Rabi,3543,24.51,86847.47
Maize,Karnataka,Rabi,3719,34.79,129398.87
Rice,Punjab,Rabi,2674,28.04,74981.44
Wheat,Karnataka,Kharif,3511,29.22,102577.21
Cotton,Gujarat,Kharif,1077,18.53,19954.1
Rice,Tamil Nadu,Rabi,2128,23.33,49638.04
Wheat,Gujarat,Kharif,2264,32.84,74353.95
Rice,Maharashtra,Rabi,2167,15.63,33879.76
Maize,Punjab,Rabi,1300,16.61,21599.17
Cotton,Gujarat,Rabi,3401,26.09,88735.99
Soybean,Gujarat,Kharif,1398,34.65,48444.91
Wheat,Gujarat,Rabi,2937,20.07,58953.7
Wheat,Tamil Nadu,Rabi,4877,32.76,159749.39
Soybean,Punjab,Kharif,4888,21.6,105574.98
Maize,Gujarat,Kharif,4767,22.5,107263.82
Maize,Karnataka,Kharif,532,18.95,10081.93
Soybean,Maharashtra,Kharif,2071,18.22,37729.51
Cotton,Tamil Nadu,Kharif,3337,20.39,68045.79
Maize,Punjab,Kharif,528,16.09,8497.67
Wheat,Tamil Nadu,Rabi,2741,31.87,87342.66
Rice,Tamil Nadu,Kharif,2801,28.76,80559.16
Maize,Gujarat,Kharif,4541,20.5,93080.86
Soybean,Tamil Nadu,Rabi,1050,25.45,26726.92
Cotton,Tamil Nadu,Rabi,1000,26.8,26799.71
Wheat,Gujarat,Kharif,1281,26.01,33313.65
Maize,Karnataka,Kharif,4962,28.55,141667.44
Rice,Tamil Nadu,Rabi,1216,28.63,34818.52
Soybean,Karnataka,Kharif,1321,26.55,35074.91
Cotton,Karnataka,Rabi,4928,24.54,120934.45
Wheat,Maharashtra,Kharif,1394,32.97,45960.4
Maize,Punjab,Rabi,4850,19.6,95075.91
Cotton,Gujarat,Kharif,4828,17.14,82769.08
Cotton,Punjab,Kharif,3802,33.71,128150.67
Wheat,Karnataka,Kharif,3309,25.42,84106.51
Soybean,Tamil Nadu,Kharif,3201,15.15,48479.71
Soybean,Gujarat,Kharif,2080,20.49,42611.72
Maize,Gujarat,Rabi,3846,15.21,58484.89
Cotton,Punjab,Kharif,977,30.73,30019.03
Wheat,Maharashtra,Rabi,2913,31.44,91596.85
Rice,Gujarat,Rabi,3382,26.92,91042.5
Maize,Maharashtra,Rabi,4084,15.65,63923.9
Rice,Maharashtra,Rabi,4971,31.65,157324.46
Cotton,Tamil Nadu,Rabi,1434,34.4,49324.12
Wheat,Tamil Nadu,Rabi,1303,18.05,23514.32
Soybean,Tamil Nadu,Rabi,1571,28.91,45416.47
Wheat,Maharashtra,Rabi,3943,17.82,70258.04
Soybean,Punjab,Kharif,1753,27.11,47520.23
Rice,Tamil Nadu,Rabi,2299,21.79,50092.51
Soybean,Punjab,Kharif,3815,23.99,91522.31
Cotton,Gujarat,Kharif,2383,24.22,57713.15
Rice,Maharashtra,Kharif,4660,22.56,105148.61
Wheat,Punjab,Rabi,2019,31.98,64567.83
Cotton,Karnataka,Kharif,4125,24.4,100634.12
Wheat,Tamil Nadu,Rabi,3391,23.93,81154.06
Wheat,Punjab,Kharif,2832,16.87,47765.35
Soybean,Tamil Nadu,Rabi,3234,23.27,75250.32
Rice,Gujarat,Rabi,2240,23.28,52142.79
Soybean,Punjab,Kharif,2867,20.01,57367.95
Soybean,Punjab,Rabi,3906,33.44,130633.62
Rice,Karnataka,Rabi,3766,22.66,85326.48
Soybean,Punjab,Kharif,4182,25.67,107362.56
Wheat,Maharashtra,Kharif,4128,32.8,135407.4
Rice,Tamil Nadu,Rabi,3679,30.51,112243.58
Cotton,Punjab,Kharif,1310,30.94,40526.69
Cotton,Tamil Nadu,Rabi,1460,28.22,41194.08
Maize,Punjab,Rabi,2591,24.84,64351.73
Cotton,Tamil Nadu,Rabi,1544,18.18,28069.47
Rice,Gujarat,Rabi,4322,17.88,77289.13
Wheat,Tamil Nadu,Rabi,3553,19.79,70313.76
Rice,Karnataka,Rabi,4290,32.56,139679.68
Soybean,Tamil Nadu,Kharif,3760,17.55,65986.97
Soybean,Punjab,Rabi,3021,23.53,71098.31
Wheat,Tamil Nadu,Kharif,2103,21.97,46212.67
Maize,Karnataka,Kharif,3282,23.97,78665.29
Soybean,Punjab,Rabi,1552,28.48,44199.98
Wheat,Karnataka,Rabi,4139,33.41,138292.57
Soybean,Gujarat,Rabi,1271,33.61,42716.3
Soybean,Maharashtra,Kharif,3099,17.24,53415.31
Cotton,Gujarat,Kharif,3468,26.98,93559.4
Cotton,Tamil Nadu,Kharif,3937,20.18,79464.09
Wheat,Punjab,Kharif,2174,17.31,37621.38
Wheat,Maharashtra,Kharif,2150,23.92,51421.07
Soybean,Gujarat,Kharif,4508,16.04,72287.26
Cotton,Maharashtra,Kharif,2305,20.08,46291.07
Rice,Maharashtra,Rabi,4729,31.61,149505.28
Maize,Maharashtra,Rabi,4407,17.53,77248.54
Soybean,Karnataka,Kharif,4316,24.93,107614.47
Maize,Tamil Nadu,Kharif,1931,17.12,33056.62
Rice,Tamil Nadu,Kharif,680,28.6,19446.45
Wheat,Karnataka,Rabi,1583,18.09,28631.41
Rice,Punjab,Kharif,1787,21.94,39198.32
Maize,Tamil Nadu,Kharif,2549,19.83,50544.84
Wheat,Punjab,Rabi,4274,29.28,125121.75
Soybean,Maharashtra,Kharif,4155,16.82,69899.45
Cotton,Punjab,Kharif,4235,29.13,123373.48
Soybean,Karnataka,Kharif,3252,22.35,72675.43
Soybean,Maharashtra,Rabi,2482,19.2,47645.82
Maize,Maharashtra,Rabi,2159,31.12,67191.43
Wheat,Karnataka,Rabi,3205,20.12,64485.03
Maize,Tamil Nadu,Rabi,773,16.17,12496.52
Rice,Karnataka,Rabi,2104,31.24,65738.2
Wheat,Maharashtra,Rabi,2330,15.4,35888.29
Soybean,Tamil Nadu,Kharif,944,30.73,29005.86
Cotton,Tamil Nadu,Kharif,4376,27.19,118964.98
Rice,Karnataka,Kharif,1087,30.16,32780.56
Rice,Gujarat,Rabi,4078,18.63,75981.6
Cotton,Punjab,Kharif,3746,24.37,91304.56
Cotton,Punjab,Kharif,1646,34.48,56756.29
Cotton,Tamil Nadu,Rabi,2716,30.5,82840.85
Maize,Tamil Nadu,Kharif,4467,28.8,128635.25
Rice,Maharashtra,Kharif,3053,32.92,100507.3
Rice,Punjab,Rabi,639,23.63,15102.49
Rice,Karnataka,Rabi,2892,22.37,64689.73
Wheat,Gujarat,Rabi,2871,30.81,88458.13
Soybean,Maharashtra,Kharif,1705,33.57,57233.33
Rice,Gujarat,Rabi,2751,23.57,64836.5
Cotton,Punjab,Rabi,1933,22.01,42553.23
Wheat,Tamil Nadu,Kharif,2256,23.66,53367.35
Soybean,Maharashtra,Kharif,711,16.34,11616.62
Rice,Tamil Nadu,Kharif,4288,21.33,91445.48
Maize,Tamil Nadu,Kharif,3103,15.72,48768.38
Cotton,Gujarat,Rabi,1805,21.68,39140.86
Maize,Maharashtra,Rabi,3321,22.85,75897.42
Soybean,Gujarat,Kharif,1138,17.4,19801.79
Soybean,Tamil Nadu,Kharif,4904,26.39,129428.82
Maize,Maharashtra,Rabi,4348,21.05,91526.28
Cotton,Karnataka,Kharif,3268,23.64,77259.85
Maize,Gujarat,Kharif,3150,33.95,106934.82
Maize,Tamil Nadu,Kharif,3800,26.72,101526.58
Wheat,Maharashtra,Kharif,2976,34.36,102253.44
Rice,Gujarat,Kharif,748,18.72,14000.3
Soybean,Gujarat,Kharif,605,17.84,10794.46
Maize,Karnataka,Kharif,928,26.94,24998.26
Maize,Maharashtra,Kharif,935,31.35,29308.87
Soybean,Tamil Nadu,Rabi,3400,28.19,95841.28
Soybean,Punjab,Kharif,3584,18.08,64786.47
Cotton,Tamil Nadu,Rabi,1224,31.72,38824.94
Cotton,Karnataka,Rabi,4689,23.37,109590.27
Rice,Punjab,Kharif,4027,29.46,118626.91
Maize,Punjab,Kharif,3146,20.24,63678.71
Soybean,Karnataka,Kharif,3043,17.46,53125.56
Rice,Karnataka,Kharif,3947,26.81,105804.27
Cotton,Punjab,Rabi,3735,17.72,66169.48
Rice,Karnataka,Rabi,2911,28.66,83415.52
Maize,Punjab,Kharif,4375,33.5,146556.93
Wheat,Maharashtra,Kharif,2587,31.8,82255.9
Wheat,Punjab,Kharif,3196,18.47,59024.21
Rice,Karnataka,Kharif,4779,32.08,153323.22
Maize,Karnataka,Rabi,2550,16.34,41656.13
Wheat,Karnataka,Rabi,2052,18.65,38261.4
Wheat,Gujarat,Rabi,1690,33.76,57055.23
Wheat,Tamil Nadu,Kharif,3477,31.5,109510.04
Soybean,Punjab,Kharif,2099,20.14,42264.53
Wheat,Gujarat,Kharif,4591,30.96,142146.26
Wheat,Karnataka,Rabi,4089,22.73,92951.69
Wheat,Gujarat,Rabi,3524,18.18,64051.81
Wheat,Karnataka,Kharif,561,26.87,15074.41
Rice,Karnataka,Rabi,3226,28.73,92695.86
Wheat,Tamil Nadu,Rabi,2842,27.52,78207.37
Maize,Gujarat,Kharif,1448,27.56,39908.17
Cotton,Tamil Nadu,Kharif,2399,18.96,45488.25
Maize,Maharashtra,Kharif,3077,17.27,53151.33
Rice,Punjab,Kharif,841,18.92,15911.51
Wheat,Gujarat,Kharif,4232,25.03,105914.43
Cotton,Tamil Nadu,Rabi,4966,21.32,105870.28
Wheat,Maharashtra,Kharif,3528,27.16,95803.17
Cotton,Tamil Nadu,Kharif,3944,20.75,81825.48
Rice,Karnataka,Kharif,3688,24.35,89784.87
Cotton,Karnataka,Kharif,2347,33.36,78288.74
Wheat,Gujarat,Kharif,3026,23.16,70086.81
Soybean,Punjab,Rabi,2462,18.88,46489.31
Cotton,Punjab,Kharif,2008,16.63,33385.49
Cotton,Maharashtra,Kharif,3615,31.09,112382.14
Wheat,Gujarat,Kharif,4088,31.12,127221.05
Cotton,Karnataka,Kharif,2108,24.03,50645.12
Maize,Gujarat,Kharif,1460,29.69,43347.83
Maize,Gujarat,Kharif,916,31.85,29170.61
Wheat,Maharashtra,Rabi,1189,24.22,28793.66
Cotton,Punjab,Rabi,2630,34.94,91904.39
Cotton,Maharashtra,Rabi,3228,25.7,82952.42
Soybean,Gujarat,Rabi,1772,20.6,36502.87
Maize,Gujarat,Rabi,3077,29.62,91138.11
Wheat,Karnataka,Rabi,1558,28.8,44863.44
Soybean,Maharashtra,Kharif,2410,29.5,71102.11
Maize,Punjab,Kharif,4229,15.5,65564.58
Wheat,Gujarat,Kharif,3192,29.71,94824.62
Rice,Karnataka,Rabi,4993,25.88,129237.32
Wheat,Tamil Nadu,Kharif,1884,21.47,40456.7
Soybean,Gujarat,Rabi,2636,32.82,86517.75
Maize,Karnataka,Rabi,1459,30.66,44738.1
Maize,Punjab,Rabi,1652,16.35,27002.24
Rice,Punjab,Kharif,4224,34.31,144939.45
Cotton,Gujarat,Rabi,1632,27.82,45402.68
Soybean,Karnataka,Kharif,2653,22.25,59041.1
Wheat,Tamil Nadu,Rabi,4529,28.39,128559.44
Maize,Maharashtra,Kharif,1706,29.77,50792.64
Rice,Karnataka,Kharif,3531,16.65,58796.76
Wheat,Gujarat,Kharif,1292,30.18,38995.11
Soybean,Tamil Nadu,Kharif,562,27.23,15303.33
Maize,Gujarat,Rabi,4579,29.73,136142.88
Soybean,Punjab,Kharif,2332,26.43,61642.13
Soybean,Tamil Nadu,Kharif,573,18.67,10696.52
Wheat,Gujarat,Kharif,1971,34.23,67458.44
Wheat,Maharashtra,Kharif,3828,22.06,84458.9
Soybean,Tamil Nadu,Rabi,2247,26.92,60486.72
Rice,Punjab,Kharif,4513,24.13,108882.79
Rice,Karnataka,Rabi,1189,27.14,32264.33
Rice,Punjab,Rabi,2907,31.34,91112.42
Cotton,Maharashtra,Kharif,3636,27.06,98379.99
Wheat,Karnataka,Rabi,1778,29.54,52528.82
Cotton,Maharashtra,Rabi,4545,15.92,72372.02
Rice,Karnataka,Kharif,2986,32.35,96599.2
Soybean,Karnataka,Rabi,2885,32.17,92813.72
Wheat,Karnataka,Kharif,2589,34.52,89382.88
Maize,Gujarat,Kharif,2476,23.23,57519.42
Maize,Gujarat,Kharif,4151,26.35,109386.01
Wheat,Karnataka,Rabi,4627,19.22,88933.3
Soybean,Karnataka,Rabi,885,15.31,13553.39
Cotton,Tamil Nadu,Rabi,3296,28.67,94484.04
Rice,Tamil Nadu,Kharif,3145,17.8,55966.87
Rice,Punjab,Kharif,4513,18.25,82348.46
Wheat,Tamil Nadu,Kharif,629,20.11,12652.33
Cotton,Tamil Nadu,Rabi,893,18.01,16079.84
Cotton,Tamil Nadu,Rabi,617,31.2,19249.28
Maize,Karnataka,Kharif,3629,34.3,124478.21
Soybean,Tamil Nadu,Kharif,3840,24.5,94085.97
Rice,Tamil Nadu,Rabi,2014,28.85,58105.89
Maize,Tamil Nadu,Rabi,4985,27.12,135215.27
Cotton,Punjab,Kharif,3123,32.47,101399.85
Soybean,Punjab,Kharif,508,31.11,15806.22
Wheat,Karnataka,Rabi,1937,33.5,64889.5
Soybean,Maharashtra,Rabi,2136,31.97,68284.09
Maize,Karnataka,Rabi,3669,24.79,90939.21
Rice,Punjab,Kharif,4248,20.7,87928.31
Wheat,Maharashtra,Kharif,2015,20.49,41294.98
Cotton,Gujarat,Kharif,3110,25.27,78574.21
Wheat,Karnataka,Rabi,3624,29.51,106938.24
Soybean,Tamil Nadu,Kharif,1058,17.03,18013.78
Soybean,Tamil Nadu,Rabi,4489,26.71,119919.76
Soybean,Tamil Nadu,Kharif,1617,18.04,29166.61
Maize,Gujarat,Rabi,3160,20.66,65293.17
Soybean,Punjab,Rabi,523,26.57,13898.07
Wheat,Punjab,Kharif,1143,28.54,32620.55
Rice,Gujarat,Rabi,3025,26.42,79921.14
Cotton,Gujarat,Rabi,4300,22.94,98659.96
Rice,Maharashtra,Kharif,2168,29.02,62917.7
Wheat,Maharashtra,Rabi,2296,15.4,35366.83
Maize,Maharashtra,Kharif,2290,20.93,47932.23
Wheat,Maharashtra,Kharif,1361,20.38,27741.27
Wheat,Karnataka,Rabi,3782,34.12,129050.69
Soybean,Tamil Nadu,Kharif,2602,17.31,45038.13
Maize,Gujarat,Kharif,4494,20.6,92576.98
Cotton,Maharashtra,Rabi,633,20.43,12931.28
Cotton,Tamil Nadu,Rabi,2561,18.08,46295.51
Soybean,Karnataka,Rabi,2009,27.3,54854.95
Wheat,Gujarat,Kharif,2083,34.72,72327.04
Cotton,Gujarat,Kharif,4282,23.11,98959.16
Soybean,Punjab,Kharif,4357,26.56,115743.14
Rice,Karnataka,Rabi,2513,22.46,56446.28
Cotton,Punjab,Kharif,1244,20.63,25667.27
Cotton,Gujarat,Kharif,2884,21.42,61770.86
Rice,Punjab,Kharif,4039,29.51,119203.42
Wheat,Karnataka,Rabi,2283,34.26,78226.85
Cotton,Gujarat,Kharif,4093,16.92,69246.65
Maize,Punjab,Rabi,1383,25.98,35926.74
Rice,Tamil Nadu,Rabi,755,32.7,24691.37
Wheat,Maharashtra,Rabi,1230,30.57,37598.58
Maize,Maharashtra,Kharif,1506,31.63,47635.74
Rice,Karnataka,Kharif,1454,30.43,44247.03
Maize,Maharashtra,Kharif,2298,20.29,46635.41
Cotton,Tamil Nadu,Kharif,2396,20.69,49579.71
Rice,Punjab,Rabi,3823,16.95,64784.79
Wheat,Punjab,Kharif,4721,20.86,98461.73
Maize,Punjab,Kharif,4005,15.64,62652.33
Rice,Maharashtra,Rabi,1255,23.62,29642.36
Soybean,Maharashtra,Rabi,4807,27.86,133901.35
Maize,Karnataka,Rabi,4252,19.94,84786.62
Wheat,Tamil Nadu,Rabi,2785,17.86,49751.23
Wheat,Gujarat,Rabi,500,23.73,11865.18
Rice,Maharashtra,Kharif,2010,25.1,50442.97
Soybean,Maharashtra,Kharif,2430,16.29,39587.89
Maize,Punjab,Kharif,819,32.77,26837.02
Maize,Karnataka,Kharif,3858,29.03,111981.82
Wheat,Karnataka,Rabi,4574,30.4,139061.75
Cotton,Gujarat,Rabi,4418,15.45,68269.6
Wheat,Karnataka,Rabi,1241,22.58,28020.3
Cotton,Gujarat,Kharif,2528,29.51,74590.4
Soybean,Karnataka,Kharif,3617,25.88,93604.59
Wheat,Tamil Nadu,Rabi,3579,28.72,102775.77
Rice,Punjab,Rabi,1551,22.4,34745.25
Rice,Karnataka,Rabi,1335,25.47,34001.45
Maize,Maharashtra,Kharif,4155,15.22,63233.12
Soybean,Maharashtra,Rabi,3806,15.47,58892.7
Soybean,Punjab,Kharif,3296,16.77,55270.18
Soybean,Karnataka,Kharif,3921,16.68,65408.15
Maize,Karnataka,Kharif,1169,20.3,23731.4
Rice,Tamil Nadu,Rabi,2377,19.36,46007.59
Wheat,Punjab,Rabi,501,28.15,14102.91
Wheat,Gujarat,Rabi,1527,28.25,43138.08
Wheat,Maharashtra,Kharif,1207,30.62,36960.25
Rice,Gujarat,Rabi,2203,20.21,44533.4
Maize,Punjab,Kharif,3745,26.68,99912.8
Soybean,Tamil Nadu,Rabi,964,21.09,20335.49
Rice,Gujarat,Rabi,1698,18.29,31054.07
Soybean,Tamil Nadu,Kharif,2481,19.52,48440.9
Wheat,Gujarat,Kharif,3090,31.31,96761.36
Maize,Karnataka,Kharif,3283,21.4,70250.95
Cotton,Tamil Nadu,Kharif,2910,28.5,82944.77
Rice,Gujarat,Rabi,2656,28.06,74516.27
Wheat,Gujarat,Kharif,1574,24.22,38129.01
Wheat,Tamil Nadu,Kharif,1701,33.2,56469.17
Maize,Maharashtra,Kharif,3204,17.84,57147.28
Wheat,Maharashtra,Kharif,2279,17.3,39433.06
Soybean,Gujarat,Kharif,2275,15.4,35030.82
Soybean,Tamil Nadu,Rabi,1657,17.6,29166.99
Maize,Karnataka,Rabi,2059,22.42,46152.64
Rice,Maharashtra,Rabi,2376,26.96,64068.76
Cotton,Tamil Nadu,Rabi,2919,18.62,54349.9
Soybean,Tamil Nadu,Kharif,1706,21.36,36439.79
Rice,Gujarat,Rabi,3159,33.16,104761.74
Cotton,Karnataka,Rabi,2060,32.9,67782.24
Maize,Punjab,Rabi,1979,15.48,30636.57
Maize,Karnataka,Rabi,2586,17.13,44306.68
Rice,Maharashtra,Rabi,554,20.37,11284.52
Wheat,Maharashtra,Kharif,3534,32.31,114192.25
Rice,Punjab,Kharif,3628,18.17,65918.32
Wheat,Tamil Nadu,Rabi,1039,19.12,19870.34
Wheat,Karnataka,Kharif,1193,26.65,31797.35
Soybean,Karnataka,Rabi,4881,28.73,140221.91
Cotton,Gujarat,Kharif,863,26.59,22947.2
Wheat,Tamil Nadu,Rabi,2613,22.57,58976.07
Maize,Maharashtra,Rabi,2202,18.04,39726.59
Maize,Punjab,Kharif,2899,18.4,53351.76
Rice,Punjab,Rabi,3255,34.16,111196.38
Rice,Tamil Nadu,Kharif,510,21.45,10940.89
Wheat,Maharashtra,Kharif,2021,30.89,62434.68
Cotton,Maharashtra,Rabi,4663,17.76,82803.77
Rice,Karnataka,Kharif,4924,29.2,143770.27
Soybean,Tamil Nadu,Kharif,2553,33.38,85213.95
Wheat,Maharashtra,Kharif,1073,32.92,35328.2
Maize,Karnataka,Rabi,2782,32.32,89918.69
Cotton,Tamil Nadu,Rabi,4896,32.95,161343.08
Soybean,Gujarat,Kharif,1779,29.59,52632.55
Maize,Karnataka,Kharif,825,34.98,28856.3
Wheat,Karnataka,Rabi,2027,34.24,69395.7
Maize,Gujarat,Kharif,4103,34.8,142796.04
Rice,Tamil Nadu,Kharif,3180,26.9,85537.23
Maize,Punjab,Kharif,760,19.01,14449.86
Soybean,Tamil Nadu,Kharif,2873,18.97,54492.33
Wheat,Tamil Nadu,Kharif,1033,26.17,27033.66
Rice,Karnataka,Kharif,3686,21.92,80787.63
Maize,Karnataka,Kharif,2346,28.75,67455.22
Wheat,Punjab,Rabi,1511,19.76,29863.08
Rice,Karnataka,Kharif,665,23.21,15432.37
Rice,Tamil Nadu,Kharif,2356,28.82,67891.36
Maize,Punjab,Rabi,2708,32.12,86976.37
Wheat,Punjab,Rabi,2171,22.51,48867.02
Rice,Gujarat,Rabi,1720,30.76,52904.73
Wheat,Tamil Nadu,Rabi,2509,20.08,50378.54
Maize,Punjab,Rabi,1978,20.02,39598.02
Wheat,Karnataka,Kharif,2368,32.74,77529.08
Maize,Punjab,Kharif,699,24.27,16967.04
Wheat,Tamil Nadu,Rabi,4959,17.92,88877.5
Maize,Gujarat,Kharif,4478,34.74,155550.15
Soybean,Punjab,Kharif,4317,32.34,139593.29
Wheat,Gujarat,Rabi,2282,26.35,60123.34
Rice,Maharashtra,Rabi,1749,21.48,37560.78
Cotton,Gujarat,Kharif,2945,25.82,76026.92
Cotton,Karnataka,Kharif,3599,32.59,117302.08
Cotton,Karnataka,Rabi,4249,33.17,140929.24
Wheat,Punjab,Rabi,4862,31.79,154571.7
Wheat,Gujarat,Kharif,2845,28.09,79927.29
Cotton,Maharashtra,Rabi,3413,21.58,73654.93
Wheat,Maharashtra,Kharif,2279,30.55,69625.28
Maize,Karnataka,Rabi,1666,23.57,39265.9
Rice,Punjab,Rabi,4525,23.37,105771.02
Soybean,Karnataka,Rabi,1249,30.7,38343.26
Soybean,Punjab,Kharif,3070,32.0,98250.82
Wheat,Maharashtra,Kharif,2963,22.05,65339.18
Maize,Karnataka,Rabi,3797,33.08,125611.76
Maize,Gujarat,Rabi,1519,26.92,40892.3
Soybean,Karnataka,Kharif,2010,22.33,44887.88
Wheat,Punjab,Kharif,4990,21.3,106282.04
Cotton,Gujarat,Kharif,1982,34.22,67824.54
Cotton,Maharashtra,Kharif,3623,34.35,124463.68
Cotton,Karnataka,Kharif,3342,23.03,76968.39
Maize,Gujarat,Rabi,2733,19.25,52616.76
Cotton,Karnataka,Rabi,3003,18.8,56461.43
Soybean,Tamil Nadu,Kharif,1418,30.76,43613.7
Cotton,Karnataka,Kharif,2250,23.84,53640.13
Rice,Gujarat,Rabi,2012,27.49,55310.97
Soybean,Maharashtra,Rabi,3525,19.64,69232.77
Soybean,Punjab,Rabi,3250,29.49,95842.94
Soybean,Punjab,Rabi,1156,24.63,28471.96
Maize,Punjab,Rabi,2947,27.39,80703.6
Wheat,Gujarat,Kharif,3137,19.46,61051.44
Cotton,Punjab,Kharif,820,17.44,14297.68
Rice,Maharashtra,Kharif,1344,29.93,40229.31
Cotton,Gujarat,Kharif,1692,23.35,39512.74
Wheat,Tamil Nadu,Rabi,1979,29.54,58461.0
Rice,Maharashtra,Kharif,1508,26.83,40462.72
Wheat,Maharashtra,Kharif,3026,22.27,67397.27
Rice,Gujarat,Kharif,4446,17.15,76233.71
Soybean,Gujarat,Kharif,1161,20.13,23368.88
Rice,Punjab,Kharif,2591,31.85,82515.11
Soybean,Maharashtra,Rabi,3757,31.9,119866.96
Rice,Maharashtra,Rabi,1835,25.08,46026.72
Rice,Punjab,Rabi,3185,17.33,55199.12
Rice,Maharashtra,Rabi,889,32.97,29310.86
Cotton,Maharashtra,Rabi,3260,20.31,66205.92
Wheat,Karnataka,Rabi,2414,31.64,76371.96
Soybean,Maharashtra,Rabi,1026,25.35,26013.72
Wheat,Tamil Nadu,Rabi,3745,33.31,124739.02
Wheat,Tamil Nadu,Kharif,3267,18.76,61288.18
Wheat,Karnataka,Kharif,3091,31.93,98699.39
Soybean,Maharashtra,Kharif,3361,23.25,78148.78
Maize,Punjab,Rabi,1821,21.49,39127.59
Wheat,Gujarat,Kharif,2486,34.43,85594.8
Rice,Maharashtra,Kharif,1349,20.61,27800.1
Soybean,Maharashtra,Kharif,3289,33.76,111051.03
Rice,Karnataka,Kharif,1904,34.62,65907.08
Rice,Gujarat,Rabi,3988,17.83,71091.53
Wheat,Punjab,Kharif,675,25.89,17475.68
Maize,Karnataka,Kharif,1473,30.87,45467.51
Wheat,Gujarat,Rabi,3221,32.24,103841.81
Wheat,Karnataka,Rabi,1209,32.94,39829.67
Soybean,Karnataka,Kharif,3603,34.73,125118.09
Soybean,Karnataka,Kharif,4510,32.77,147790.69
Soybean,Gujarat,Kharif,785,17.88,14032.22
Cotton,Maharashtra,Rabi,4940,15.61,77101.23
Soybean,Tamil Nadu,Rabi,1691,30.5,51579.57
Rice,Tamil Nadu,Kharif,1055,30.59,32273.09
Rice,Tamil Nadu,Kharif,3668,25.46,93404.14
Maize,Karnataka,Rabi,1106,23.47,25955.13
Wheat,Gujarat,Kharif,3463,21.94,75984.96
Cotton,Maharashtra,Kharif,2990,31.96,95555.12
Cotton,Gujarat,Kharif,4237,33.07,140116.13
Wheat,Punjab,Rabi,1826,16.41,29969.76
Maize,Karnataka,Kharif,3358,25.21,84649.84
Cotton,Karnataka,Rabi,2390,29.48,70452.4
Rice,Gujarat,Kharif,3820,20.36,77788.93
Rice,Karnataka,Kharif,4527,29.59,133957.7
Rice,Tamil Nadu,Rabi,4340,32.23,139867.24
Rice,Punjab,Rabi,695,31.77,22081.09
Maize,Gujarat,Kharif,3033,32.56,98753.66
Cotton,Punjab,Rabi,1156,34.13,39458.43
Cotton,Gujarat,Rabi,1021,19.44,19851.45
Cotton,Gujarat,Rabi,3618,24.18,87489.44
Maize,Punjab,Rabi,4797,18.82,90291.77
Cotton,Gujarat,Rabi,2448,20.32,49733.55
Cotton,Gujarat,Kharif,3899,27.76,108228.6
Maize,Tamil Nadu,Rabi,898,16.17,14518.2
Wheat,Karnataka,Rabi,2055,29.36,60330.06
Soybean,Maharashtra,Kharif,3375,28.26,95383.86
Soybean,Punjab,Kharif,2785,26.58,74033.52
Soybean,Tamil Nadu,Rabi,2690,27.33,73524.96
Wheat,Maharashtra,Kharif,1812,18.19,32956.35
Cotton,Tamil Nadu,Kharif,2980,20.81,61998.97
Soybean,Karnataka,Rabi,3368,27.1,91276.49
Cotton,Punjab,Kharif,1127,23.17,26115.63
Maize,Punjab,Rabi,1013,24.33,24646.7
Cotton,Gujarat,Rabi,4002,15.91,63679.09
Wheat,Punjab,Rabi,4428,21.13,93568.98
Soybean,Gujarat,Rabi,2087,34.34,71659.2
Maize,Tamil Nadu,Kharif,3797,32.32,122719.1
Maize,Karnataka,Kharif,2042,34.24,69915.79
Maize,Gujarat,Kharif,1254,34.66,43465.43
Soybean,Tamil Nadu,Kharif,1232,25.36,31247.2
Soybean,Gujarat,Kharif,607,31.65,19212.02
Maize,Tamil Nadu,Rabi,2533,31.44,79629.44
Rice,Gujarat,Kharif,2755,24.29,66927.43
Rice,Gujarat,Kharif,4376,19.45,85125.03
Rice,Tamil Nadu,Rabi,1732,18.74,32461.5
Soybean,Punjab,Kharif,4128,20.43,84324.88
Soybean,Gujarat,Kharif,3619,17.45,63163.79
Soybean,Gujarat,Kharif,2094,26.36,55203.83
Cotton,Maharashtra,Kharif,675,20.24,13661.24
Wheat,Karnataka,Kharif,2596,33.15,86048.28
Maize,Maharashtra,Kharif,1753,17.2,30157.19
Wheat,Maharashtra,Kharif,3935,29.06,114346.55
Soybean,Gujarat,Kharif,1185,31.0,36730.3
Soybean,Tamil Nadu,Kharif,802,22.3,17884.29
Cotton,Maharashtra,Kharif,3001,27.05,81172.89
Soybean,Maharashtra,Rabi,4567,15.93,72733.56
Soybean,Tamil Nadu,Rabi,1999,21.47,42925.97
Maize,Punjab,Kharif,2197,27.43,60273.37
Wheat,Gujarat,Kharif,4511,31.19,140677.37
Rice,Maharashtra,Kharif,2627,31.02,81499.24
Cotton,Punjab,Kharif,1850,23.84,44099.16
Wheat,Karnataka,Kharif,955,18.42,17593.14
Maize,Gujarat,Kharif,4871,15.88,77332.5
Cotton,Maharashtra,Rabi,1711,19.79,33856.44
Rice,Gujarat,Kharif,1711,33.79,57809.03
Cotton,Maharashtra,Kharif,1880,34.21,64314.33
Rice,Tamil Nadu,Kharif,500,34.79,17392.55
Maize,Maharashtra,Rabi,1450,29.29,42473.11
Maize,Punjab,Kharif,1942,17.83,34634.67
Wheat,Tamil Nadu,Rabi,2010,17.96,36097.36
Soybean,Karnataka,Kharif,4817,29.06,139984.63
Wheat,Gujarat,Kharif,1151,30.46,35060.57
Maize,Maharashtra,Kharif,1335,29.37,39211.43
Wheat,Tamil Nadu,Rabi,899,28.08,25241.04
Maize,Punjab,Kharif,4317,28.09,121249.28
Soybean,Punjab,Rabi,2639,32.52,85816.6
Maize,Maharashtra,Rabi,4479,16.66,74619.76
Soybean,Tamil Nadu,Rabi,988,28.15,27817.11
Rice,Punjab,Kharif,4583,19.85,90992.96
Rice,Gujarat,Kharif,2909,30.54,88847.5
Cotton,Tamil Nadu,Rabi,4660,27.4,127679.37
Soybean,Karnataka,Rabi,3763,16.01,60259.37
Soybean,Karnataka,Kharif,3216,28.18,90629.29
Maize,Punjab,Rabi,1789,15.44,27620.57
Wheat,Tamil Nadu,Rabi,3147,20.45,64350.9
Wheat,Punjab,Kharif,1035,16.62,17199.56
Rice,Gujarat,Rabi,2035,22.67,46143.49
Cotton,Gujarat,Rabi,3732,15.79,58926.99
Wheat,Tamil Nadu,Rabi,1080,16.2,17500.56
Rice,Maharashtra,Kharif,4265,27.63,117823.85
Cotton,Punjab,Rabi,4885,25.39,124006.86
Cotton,Tamil Nadu,Kharif,1422,19.66,27949.93
Wheat,Tamil Nadu,Kharif,2555,21.63,55272.25
Maize,Tamil Nadu,Kharif,2980,19.04,56753.51
Maize,Maharashtra,Rabi,786,17.04,13392.95
Rice,Maharashtra,Rabi,3355,31.21,104705.49
Maize,Maharashtra,Rabi,1825,34.16,62345.83
Rice,Gujarat,Kharif,2228,30.24,67378.55
Soybean,Punjab,Rabi,3183,33.68,107190.53
Wheat,Maharashtra,Rabi,569,19.81,11269.17
Wheat,Maharashtra,Rabi,2628,33.33,87593.41
Maize,Maharashtra,Rabi,4288,26.23,112481.88
Maize,Maharashtra,Rabi,4880,29.33,143149.26
Cotton,Gujarat,Kharif,1347,28.84,38847.14
Rice,Maharashtra,Rabi,1041,15.07,15691.71
Rice,Karnataka,Kharif,1202,22.17,26650.35
Soybean,Punjab,Rabi,3191,16.65,53128.93
Cotton,Karnataka,Kharif,919,16.4,15075.51
Cotton,Tamil Nadu,Kharif,2511,18.51,46479.34
Soybean,Punjab,Kharif,4686,33.74,158089.81
Rice,Punjab,Kharif,1277,15.8,20182.42
Wheat,Maharashtra,Kharif,1696,19.04,32298.24
Soybean,Maharashtra,Rabi,3529,30.59,107955.15
Maize,Punjab,Kharif,2328,28.18,65607.27
Wheat,Tamil Nadu,Kharif,3766,18.1,68160.76
Cotton,Tamil Nadu,Kharif,3278,25.33,83015.54
Wheat,Punjab,Rabi,688,30.16,20751.2
Rice,Karnataka,Rabi,3683,28.72,105767.83
Maize,Karnataka,Kharif,2628,32.3,84888.49
Rice,Maharashtra,Rabi,1501,31.09,46666.14
Rice,Karnataka,Rabi,570,32.36,18445.43
Wheat,Maharashtra,Kharif,1009,16.95,17103.16
Soybean,Gujarat,Kharif,4157,19.13,79503.19
Wheat,Karnataka,Kharif,688,31.75,21846.15
Maize,Karnataka,Kharif,3977,27.8,110543.13
Rice,Maharashtra,Rabi,1398,30.7,42924.62
Soybean,Punjab,Rabi,4706,23.29,109595.28
Cotton,Gujarat,Rabi,3676,29.12,107035.22
Wheat,Punjab,Kharif,4141,20.85,86320.63
Wheat,Tamil Nadu,Kharif,3147,15.76,49597.28
Wheat,Maharashtra,Kharif,2240,22.26,49853.6
Maize,Tamil Nadu,Rabi,1361,27.58,37531.07
Maize,Punjab,Rabi,1284,31.88,40930.06
Rice,Tamil Nadu,Kharif,4545,28.68,130370.77
Cotton,Punjab,Rabi,2451,28.75,70467.97
Rice,Maharashtra,Rabi,4339,18.2,78962.55
Maize,Karnataka,Kharif,4439,16.09,71414.02
Rice,Punjab,Kharif,3687,33.92,125065.84
Soybean,Maharashtra,Kharif,1993,15.6,31083.69
Cotton,Gujarat,Rabi,719,32.62,23454.01
Maize,Karnataka,Rabi,3745,28.06,105086.2
Rice,Karnataka,Rabi,4033,15.65,63110.89
Wheat,Maharashtra,Kharif,1334,16.78,22390.12
Maize,Gujarat,Kharif,4311,18.67,80486.7
Soybean,Punjab,Kharif,4514,19.89,89771.88
Wheat,Tamil Nadu,Rabi,2826,17.51,49485.27
Soybean,Gujarat,Rabi,2732,15.4,42061.41
Wheat,Maharashtra,Kharif,974,28.07,27337.14
Rice,Tamil Nadu,Kharif,1664,18.75,31195.56
Wheat,Maharashtra,Rabi,545,20.35,11090.05
Wheat,Karnataka,Kharif,2169,23.9,51829.2
Soybean,Gujarat,Kharif,2429,21.24,51586.22
Maize,Gujarat,Kharif,1490,22.21,33091.84
Wheat,Maharashtra,Kharif,3548,15.78,55996.73
Soybean,Punjab,Rabi,3524,15.87,55932.83
Maize,Karnataka,Rabi,1975,29.39,58047.93
Soybean,Maharashtra,Kharif,2659,21.12,56171.36
Maize,Karnataka,Rabi,4089,20.74,84794.81
Rice,Maharashtra,Kharif,2685,23.22,62346.43
Cotton,Tamil Nadu,Kharif,4172,21.62,90189.24
Wheat,Karnataka,Rabi,893,23.13,20651.76
Wheat,Maharashtra,Rabi,2327,17.41,40514.32
Soybean,Punjab,Rabi,4820,27.92,134573.5
Cotton,Gujarat,Kharif,3986,16.56,65990.97
Soybean,Gujarat,Kharif,4899,33.3,163155.23
Wheat,Maharashtra,Rabi,1441,19.18,27643.26
Cotton,Punjab,Kharif,2739,32.1,87923.19
Wheat,Gujarat,Rabi,740,29.92,22137.31
Maize,Maharashtra,Kharif,3223,32.25,103936.48
Rice,Karnataka,Rabi,2365,28.01,66254.86
Maize,Karnataka,Rabi,4112,18.88,77652.3
Cotton,Gujarat,Rabi,1304,19.07,24870.64
Rice,Tamil Nadu,Kharif,947,33.93,32128.2
Maize,Punjab,Rabi,3950,16.19,63941.48
Wheat,Punjab,Rabi,4032,16.17,65211.71
Cotton,Tamil Nadu,Rabi,1368,24.16,33048.99
Wheat,Punjab,Kharif,2703,28.63,77377.5
Wheat,Maharashtra,Rabi,751,21.96,16493.55
Soybean,Gujarat,Kharif,4866,17.21,83726.11
Rice,Gujarat,Rabi,3149,27.83,87647.74
Wheat,Tamil Nadu,Rabi,1882,33.49,63019.87
Rice,Maharashtra,Kharif,3846,28.31,108894.27
Soybean,Punjab,Rabi,2516,31.88,80206.33
Maize,Tamil Nadu,Rabi,4418,33.07,146117.29
Rice,Tamil Nadu,Rabi,4698,22.71,106671.39
Rice,Gujarat,Rabi,2373,18.39,43644.26
Maize,Karnataka,Kharif,4142,23.16,95931.37
Soybean,Karnataka,Kharif,4508,26.66,120197.46
Maize,Karnataka,Kharif,955,21.21,20257.51
Cotton,Maharashtra,Rabi,3723,24.39,90796.78
Maize,Maharashtra,Kharif,2436,32.66,79563.66
Cotton,Maharashtra,Kharif,1327,27.32,36257.56
Maize,Karnataka,Kharif,1155,20.69,23894.64
Soybean,Gujarat,Rabi,1690,33.37,56389.97
Maize,Punjab,Kharif,1995,23.69,47255.98
Cotton,Maharashtra,Kharif,4547,34.87,158567.34
Wheat,Gujarat,Kharif,3162,17.85,56435.08
Rice,Punjab,Rabi,3398,15.31,52011.42
Cotton,Tamil Nadu,Rabi,2102,16.23,34123.79
Wheat,Tamil Nadu,Kharif,2093,31.93,66831.33
Maize,Punjab,Rabi,3220,25.97,83637.11
Soybean,Tamil Nadu,Rabi,4687,24.73,115912.77
Cotton,Punjab,Kharif,4189,29.51,123635.07
Rice,Gujarat,Kharif,1383,34.24,47349.09
Soybean,Tamil Nadu,Kharif,1944,23.96,46578.05
Wheat,Tamil Nadu,Rabi,4191,31.06,130155.01
Rice,Punjab,Kharif,2495,26.81,66896.43
Rice,Maharashtra,Kharif,2133,34.06,72644.32
Wheat,Karnataka,Rabi,1025,32.36,33172.0
Maize,Punjab,Rabi,4248,17.73,75317.76
Soybean,Karnataka,Rabi,1496,24.55,36722.41
Cotton,Maharashtra,Rabi,4017,21.87,87856.49
Rice,Maharashtra,Kharif,4018,25.07,100727.05
Maize,Tamil Nadu,Kharif,3136,28.09,88086.23
Soybean,Tamil Nadu,Rabi,4937,31.21,154079.87
Wheat,Punjab,Kharif,4731,34.85,164876.0
Maize,Gujarat,Rabi,2896,29.1,84285.28
Maize,Karnataka,Kharif,4581,26.81,122813.46
Cotton,Maharashtra,Kharif,3314,17.16,56871.85
Cotton,Tamil Nadu,Rabi,2607,29.19,76105.35
Wheat,Maharashtra,Rabi,4002,20.63,82549.14
Cotton,Punjab,Rabi,1922,30.81,59220.41
Rice,Tamil Nadu,Kharif,2540,28.75,73023.08
Maize,Karnataka,Kharif,4999,27.14,135672.88
Rice,Tamil Nadu,Kharif,4959,25.13,124595.38
Maize,Karnataka,Kharif,3989,25.95,103527.69
Maize,Punjab,Kharif,2611,17.5,45694.44
Maize,Gujarat,Rabi,3051,16.08,49057.17
Rice,Gujarat,Kharif,1281,28.89,37006.69
Wheat,Karnataka,Rabi,1553,21.99,34152.81
Maize,Karnataka,Rabi,4297,33.2,142643.25
Soybean,Gujarat,Kharif,4086,15.7,64143.61
Rice,Gujarat,Rabi,692,30.62,21185.74
Wheat,Punjab,Kharif,4502,17.36,78138.4
Rice,Punjab,Kharif,4631,15.68,72602.14
Cotton,Karnataka,Rabi,3266,30.48,99540.53
Rice,Gujarat,Kharif,4533,29.51,133782.69
Maize,Gujarat,Rabi,944,16.32,15409.22
Soybean,Maharashtra,Rabi,1048,25.34,26554.22
Maize,Karnataka,Kharif,3886,22.47,87302.43
Cotton,Maharashtra,Kharif,2173,33.91,73691.64
Wheat,Maharashtra,Rabi,4565,20.12,91835.47
Wheat,Maharashtra,Rabi,2332,27.77,64754.55
Wheat,Karnataka,Rabi,3461,16.77,58047.77
Soybean,Gujarat,Rabi,4263,17.59,74973.35
Cotton,Tamil Nadu,Kharif,748,17.2,12866.91
Maize,Punjab,Kharif,4415,24.58,108535.8
Wheat,Maharashtra,Rabi,3011,32.39,97512.67
Wheat,Karnataka,Rabi,2223,17.71,39369.4
Maize,Karnataka,Kharif,4566,21.25,97026.57
Rice,Tamil Nadu,Rabi,2102,18.16,38163.42
Rice,Tamil Nadu,Kharif,4746,34.04,161573.74
Cotton,Punjab,Kharif,4769,30.69,146361.62
Rice,Karnataka,Rabi,1268,17.87,22653.5
Cotton,Maharashtra,Kharif,3848,31.64,121753.6
Maize,Karnataka,Kharif,507,16.99,8616.4
Soybean,Maharashtra,Kharif,1687,16.56,27939.06
Cotton,Punjab,Kharif,1014,19.81,20089.45
Soybean,Gujarat,Kharif,1527,22.33,34090.28
Soybean,Tamil Nadu,Kharif,2470,31.38,77501.73
Soybean,Karnataka,Rabi,1053,31.12,32766.97
Wheat,Gujarat,Rabi,4666,26.87,125362.66
Maize,Maharashtra,Rabi,3191,32.38,103339.82
Cotton,Maharashtra,Kharif,2389,32.04,76531.62
Rice,Maharashtra,Kharif,771,30.59,23586.31
Wheat,Karnataka,Kharif,1546,15.99,24715.46
Rice,Maharashtra,Rabi,4609,30.38,140008.05
Wheat,Tamil Nadu,Kharif,622,23.91,14873.51
Rice,Karnataka,Rabi,3336,17.65,58894.63
Soybean,Maharashtra,Rabi,2598,31.91,82898.85
Wheat,Tamil Nadu,Rabi,3766,24.46,92106.28
Rice,Maharashtra,Rabi,4683,19.53,91452.16
Soybean,Tamil Nadu,Rabi,2659,25.19,66981.95
Wheat,Maharashtra,Kharif,1399,27.57,38564.16
Rice,Punjab,Kharif,3807,32.62,124188.29
Rice,Gujarat,Rabi,3892,31.4,122221.43
Maize,Tamil Nadu,Kharif,4954,27.26,135028.27
Soybean,Tamil Nadu,Kharif,3995,31.44,125606.87
Wheat,Punjab,Rabi,3266,25.58,83554.49
Soybean,Punjab,Rabi,2560,33.87,86713.48
Cotton,Punjab,Kharif,3676,32.2,118367.23
Rice,Maharashtra,Kharif,2944,20.96,61696.25
Rice,Gujarat,Rabi,652,30.58,19937.82
Soybean,Karnataka,Kharif,4270,27.88,119049.58
Soybean,Punjab,Kharif,1346,32.29,43466.09
Cotton,Punjab,Kharif,3854,24.87,95843.76
Maize,Karnataka,Rabi,1397,28.06,39196.25
Rice,Karnataka,Rabi,1925,18.66,35925.61
Soybean,Tamil Nadu,Rabi,1551,19.4,30084.47
Soybean,Tamil Nadu,Rabi,4072,21.75,88584.44
Maize,Tamil Nadu,Rabi,4301,28.07,120741.26
Maize,Punjab,Rabi,3869,18.16,70279.12
Rice,Punjab,Rabi,2114,34.04,71951.89
Cotton,Tamil Nadu,Kharif,2206,21.98,48493.45
Maize,Punjab,Kharif,4880,19.59,95598.21
Rice,Maharashtra,Rabi,1066,22.61,24103.01
Cotton,Punjab,Kharif,1058,33.95,35924.01
Wheat,Gujarat,Rabi,1202,32.06,38539.98
Soybean,Maharashtra,Kharif,1545,34.95,53991.63
Soybean,Maharashtra,Kharif,4353,16.81,73180.33
Wheat,Karnataka,Rabi,3205,33.32,106796.42
Cotton,Punjab,Kharif,4629,24.44,113140.71
Rice,Maharashtra,Rabi,3672,25.67,94265.04
Soybean,Karnataka,Kharif,2229,27.04,60268.69
Rice,Punjab,Rabi,3172,21.98,69724.96
Wheat,Karnataka,Kharif,4581,33.92,155409.2
Maize,Gujarat,Rabi,3429,24.79,85007.28
Wheat,Gujarat,Kharif,546,32.51,17750.32
Rice,Punjab,Kharif,3816,25.4,96923.46
Cotton,Maharashtra,Rabi,505,30.46,15383.54
Rice,Tamil Nadu,Kharif,2321,24.71,57361.89
Cotton,Maharashtra,Rabi,4190,21.22,88901.98
Soybean,Maharashtra,Kharif,4063,25.45,103391.17
Soybean,Maharashtra,Kharif,4741,22.56,106938.06
Maize,Karnataka,Kharif,4308,21.51,92666.12
Maize,Maharashtra,Kharif,2061,32.39,66751.33
Cotton,Maharashtra,Kharif,1764,27.43,48382.68
Wheat,Maharashtra,Kharif,789,25.29,19955.6
Soybean,Karnataka,Kharif,3111,16.24,50517.29
Rice,Maharashtra,Kharif,1892,27.51,52046.95
Cotton,Punjab,Kharif,1368,18.15,24831.97
Maize,Punjab,Kharif,1533,30.06,46080.91
Soybean,Karnataka,Rabi,1392,23.99,33391.72
Cotton,Maharashtra,Rabi,3745,29.47,110373.63
Wheat,Punjab,Kharif,3429,27.34,93762.8
Maize,Gujarat,Kharif,534,27.53,14701.59
Rice,Punjab,Kharif,3427,23.44,80314.74
Wheat,Tamil Nadu,Kharif,4243,15.25,64724.91
Maize,Karnataka,Rabi,4248,32.85,139556.19
Cotton,Gujarat,Rabi,3623,34.44,124772.34
Soybean,Gujarat,Kharif,1203,24.77,29794.91
Soybean,Tamil Nadu,Kharif,1173,28.48,33401.43
Wheat,Gujarat,Kharif,752,22.14,16648.38
Soybean,Punjab,Kharif,4966,18.01,89417.61
Rice,Tamil Nadu,Rabi,3637,17.89,65060.32
Maize,Karnataka,Kharif,2817,17.86,50299.46
Rice,Punjab,Kharif,4215,27.66,116602.14
Maize,Karnataka,Rabi,4780,32.0,152970.39
Cotton,Gujarat,Kharif,1264,18.79,23753.12
Wheat,Gujarat,Rabi,3834,24.33,93280.19
Maize,Maharashtra,Kharif,2881,25.58,73692.62
Wheat,Punjab,Kharif,2052,15.35,31507.7
Cotton,Tamil Nadu,Rabi,3182,25.99,82704.51
Rice,Gujarat,Kharif,4605,29.79,137160.8
Wheat,Karnataka,Kharif,2025,18.63,37726.24
Soybean,Gujarat,Kharif,3711,27.66,102647.18
Rice,Karnataka,Kharif,3162,19.18,60660.82
Rice,Karnataka,Rabi,732,17.32,12677.66
Cotton,Tamil Nadu,Kharif,3500,32.07,112251.52
Wheat,Gujarat,Rabi,1727,24.61,42495.02
Rice,Gujarat,Kharif,4474,26.43,118260.81
Rice,Maharashtra,Kharif,1080,17.95,19388.93
Wheat,Tamil Nadu,Rabi,607,24.8,15055.77
Wheat,Tamil Nadu,Rabi,1071,19.93,21345.88
Cotton,Gujarat,Rabi,3535,26.4,93313.17
Rice,Punjab,Kharif,3019,23.13,69841.73
Maize,Tamil Nadu,Kharif,4278,20.11,86034.57
Soybean,Maharashtra,Kharif,2391,19.23,45980.82
Maize,Tamil Nadu,Rabi,4885,25.64,125247.49
Rice,Maharashtra,Kharif,2678,30.9,82754.87
Soybean,Maharashtra,Rabi,4364,18.28,79759.5
Rice,Maharashtra,Kharif,2893,29.04,84019.88
Soybean,Maharashtra,Rabi,1756,33.54,58899.81
Cotton,Karnataka,Kharif,838,25.42,21301.06
Soybean,Gujarat,Kharif,3187,22.25,70900.63
Wheat,Karnataka,Kharif,3859,27.72,106974.61
Soybean,Karnataka,Kharif,534,29.73,15875.02
Rice,Karnataka,Kharif,2563,18.44,47261.96
Cotton,Gujarat,Rabi,3696,23.14,85508.0
Soybean,Gujarat,Kharif,2960,19.86,58791.28
Rice,Maharashtra,Kharif,1325,26.76,35459.85
Maize,Karnataka,Rabi,574,27.87,15997.38
Cotton,Tamil Nadu,Rabi,2925,19.29,56427.45
Rice,Gujarat,Kharif,1917,18.52,35499.29
Wheat,Maharashtra,Kharif,1465,30.55,44760.57
Rice,Punjab,Rabi,4654,17.49,81385.77
Soybean,Gujarat,Rabi,2016,24.36,49100.17
Maize,Tamil Nadu,Kharif,3189,29.65,94559.32
Cotton,Tamil Nadu,Rabi,1767,20.24,35758.49
Maize,Gujarat,Rabi,2948,17.41,51336.67
Maize,Punjab,Kharif,2731,32.41,88524.29
Soybean,Punjab,Rabi,4131,22.21,91739.98
Soybean,Karnataka,Kharif,2051,26.25,53831.07
Rice,Tamil Nadu,Kharif,2498,16.98,42411.92
Maize,Punjab,Kharif,2630,27.21,71556.45
Maize,Punjab,Rabi,3198,29.7,94977.23
Wheat,Punjab,Kharif,3701,21.18,78384.31
Maize,Tamil Nadu,Kharif,4307,20.59,88672.1
Cotton,Karnataka,Rabi,2648,22.84,60491.62
Cotton,Karnataka,Kharif,4824,22.43,108191.72
Rice,Gujarat,Kharif,4825,18.61,89775.91
Soybean,Maharashtra,Kharif,3298,15.99,52736.07
Cotton,Maharashtra,Rabi,1425,33.79,48148.41
Cotton,Tamil Nadu,Kharif,2604,23.3,60681.15
Rice,Gujarat,Kharif,4625,29.91,138322.89
Wheat,Karnataka,Kharif,2086,26.6,55493.98
Wheat,Maharashtra,Kharif,1251,24.23,30309.89
Rice,Karnataka,Kharif,1918,23.91,45864.79
Soybean,Karnataka,Kharif,3523,34.06,119981.72
Rice,Karnataka,Rabi,1158,31.92,36958.35
Rice,Karnataka,Rabi,3052,16.3,49755.71
Rice,Tamil Nadu,Kharif,2069,22.9,47380.71
Wheat,Tamil Nadu,Kharif,4711,27.89,131392.02
Cotton,Punjab,Rabi,4506,33.5,150940.29
Cotton,Gujarat,Kharif,3606,15.78,56906.24
Maize,Maharashtra,Rabi,1718,18.08,31063.11
Rice,Punjab,Rabi,3443,22.27,76668.94
Maize,Karnataka,Kharif,2267,15.95,36164.77
Wheat,Gujarat,Rabi,620,31.24,19371.35
Wheat,Punjab,Kharif,1436,20.95,30086.63
Maize,Punjab,Rabi,605,21.89,13241.23
Cotton,Tamil Nadu,Rabi,3569,15.75,56218.88
Soybean,Maharashtra,Rabi,4051,17.26,69906.17
Wheat,Maharashtra,Rabi,4927,19.35,95340.76
Rice,Maharashtra,Rabi,2600,15.96,41490.75
Soybean,Punjab,Kharif,2825,25.6,72328.31
Rice,Gujarat,Kharif,560,27.75,15542.74
Soybean,Punjab,Kharif,3679,16.19,59562.86
Cotton,Karnataka,Rabi,4436,24.25,107569.03
Maize,Maharashtra,Kharif,4079,15.63,63759.81
Cotton,Gujarat,Rabi,4190,31.09,130262.75
Wheat,Tamil Nadu,Kharif,4772,15.08,71967.47
Rice,Maharashtra,Rabi,2031,22.5,45696.95
Soybean,Gujarat,Kharif,2713,27.55,74749.3
Maize,Punjab,Rabi,1450,17.0,24650.49
Maize,Karnataka,Rabi,4819,15.29,73673.36
Maize,Tamil Nadu,Kharif,2031,18.22,37010.39
Wheat,Tamil Nadu,Kharif,4334,32.93,142721.47
Wheat,Maharashtra,Rabi,2668,32.81,87542.1
Rice,Karnataka,Rabi,4972,22.6,112383.56
Wheat,Punjab,Kharif,4012,18.3,73422.15
Wheat,Punjab,Rabi,3318,20.21,67044.98
Maize,Gujarat,Rabi,1325,18.52,24534.98
Rice,Gujarat,Rabi,3964,18.8,74522.16
Maize,Punjab,Rabi,2622,16.44,43096.88
Rice,Karnataka,Rabi,2031,24.85,50461.07
Wheat,Gujarat,Kharif,4849,19.68,95405.71
Rice,Gujarat,Kharif,828,34.69,28720.76
Soybean,Gujarat,Kharif,1846,26.72,49321.9
Soybean,Punjab,Kharif,1873,21.67,40595.31
Rice,Gujarat,Rabi,3481,31.79,110672.48
Rice,Punjab,Kharif,4478,34.74,155584.54
Cotton,Gujarat,Kharif,4628,26.37,122031.22
Cotton,Punjab,Kharif,3986,15.34,61133.98
Wheat,Karnataka,Rabi,1559,20.73,32323.7
Soybean,Tamil Nadu,Rabi,2550,24.75,63111.06
Maize,Gujarat,Rabi,2899,30.17,87455.87
Cotton,Gujarat,Kharif,2314,26.09,60376.71
Wheat,Punjab,Kharif,1925,31.67,60972.87
Maize,Tamil Nadu,Kharif,4922,21.78,107212.9
Soybean,Maharashtra,Kharif,4466,25.53,114033.67
Wheat,Maharashtra,Rabi,797,30.26,24121.19
Cotton,Punjab,Rabi,4191,19.69,82524.06
Cotton,Karnataka,Kharif,2307,19.62,45259.98
Cotton,Tamil Nadu,Rabi,4753,25.07,119148.64
Soybean,Punjab,Kharif,3792,32.56,123466.36
Maize,Tamil Nadu,Rabi,4871,23.83,116095.75
Cotton,Maharashtra,Rabi,4426,18.15,80319.63
Maize,Maharashtra,Rabi,747,17.12,12791.85
Rice,Maharashtra,Rabi,539,29.02,15642.28
Wheat,Gujarat,Kharif,3512,17.35,60939.53
Cotton,Maharashtra,Rabi,2787,32.64,90972.59
Wheat,Maharashtra,Rabi,4410,30.11,132783.24
Soybean,Punjab,Kharif,2183,32.43,70797.72
Soybean,Punjab,Rabi,743,16.85,12516.44
Maize,Karnataka,Kharif,2001,28.33,56678.4
Maize,Karnataka,Kharif,3825,20.57,78694.01
Maize,Tamil Nadu,Rabi,3200,18.89,60433.57
Cotton,Maharashtra,Kharif,1502,27.35,41086.67
Maize,Karnataka,Rabi,3567,26.51,94545.9
Cotton,Tamil Nadu,Kharif,2239,23.37,52318.58
Wheat,Punjab,Kharif,551,22.75,12536.72
Rice,Maharashtra,Rabi,4582,33.72,154499.41
Cotton,Karnataka,Kharif,4456,22.49,100235.22
Wheat,Gujarat,Rabi,1579,28.82,45510.61
Soybean,Punjab,Kharif,2642,15.69,41454.0
Soybean,Maharashtra,Rabi,2140,34.3,73402.13
Rice,Punjab,Kharif,4442,16.13,71648.76
Maize,Punjab,Rabi,1766,27.94,49347.25
Cotton,Karnataka,Kharif,2017,21.92,44208.54
Maize,Gujarat,Rabi,2912,31.02,90323.62
Soybean,Maharashtra,Rabi,3788,29.53,111872.07
Cotton,Gujarat,Kharif,1463,23.46,34327.33
Soybean,Punjab,Kharif,3358,24.23,81371.51
Cotton,Gujarat,Rabi,986,30.96,30523.41
Rice,Punjab,Kharif,948,22.26,21098.42
Soybean,Maharashtra,Kharif,588,24.89,14634.11
Soybean,Tamil Nadu,Rabi,4522,21.26,96136.92
Wheat,Tamil Nadu,Kharif,777,26.42,20528.86
Wheat,Gujarat,Rabi,2445,22.12,54088.11
Cotton,Gujarat,Rabi,4477,18.24,81664.81
Soybean,Gujarat,Rabi,2994,33.67,100796.32
Soybean,Karnataka,Rabi,4643,31.14,144600.43
Wheat,Gujarat,Kharif,4764,32.07,152776.94
Cotton,Gujarat,Kharif,2276,32.6,74188.24
Cotton,Gujarat,Kharif,3141,30.34,95305.32
Soybean,Tamil Nadu,Rabi,1147,28.69,32908.63
Wheat,Karnataka,Rabi,3754,33.62,126222.86
Rice,Punjab,Kharif,3246,31.97,103765.39
Wheat,Tamil Nadu,Rabi,2502,20.25,50663.45
Wheat,Karnataka,Kharif,4769,25.68,122480.0
Maize,Maharashtra,Rabi,4381,20.46,89625.46
Rice,Karnataka,Rabi,3377,30.69,103631.62
Wheat,Maharashtra,Kharif,3006,30.4,91392.45
Maize,Gujarat,Rabi,4011,33.24,133325.84
Maize,Maharashtra,Rabi,2538,28.79,73060.66
Rice,Gujarat,Kharif,692,20.41,14126.39
Rice,Tamil Nadu,Rabi,2647,19.98,52886.35
Wheat,Gujarat,Kharif,4978,18.45,91862.28
Soybean,Tamil Nadu,Rabi,2035,24.62,50097.42
Cotton,Maharashtra,Rabi,1554,19.79,30748.1
Soybean,Punjab,Kharif,3705,30.65,113565.89
Soybean,Gujarat,Rabi,4965,32.84,163059.07
Rice,Punjab,Rabi,2011,32.79,65946.39
Wheat,Gujarat,Kharif,1422,18.24,25941.19
Soybean,Tamil Nadu,Kharif,2980,27.6,82239.93
Maize,Tamil Nadu,Kharif,1503,19.9,29914.6
Cotton,Punjab,Rabi,763,21.36,16294.44
Maize,Gujarat,Kharif,1808,15.08,27273.32
Rice,Tamil Nadu,Rabi,3419,26.47,90496.22
Rice,Maharashtra,Rabi,3604,19.73,71105.25
Cotton,Punjab,Kharif,4075,22.55,91897.83
Soybean,Punjab,Rabi,635,17.51,11118.92
Cotton,Tamil Nadu,Rabi,744,32.02,23822.46
Cotton,Tamil Nadu,Kharif,2312,26.95,62306.85
Maize,Punjab,Kharif,1187,19.04,22603.3
Soybean,Punjab,Kharif,3154,32.8,103464.0
Wheat,Punjab,Kharif,2750,23.16,63682.38
Cotton,Maharashtra,Rabi,2652,33.82,89684.4
Maize,Punjab,Kharif,4825,32.21,155406.01
Maize,Maharashtra,Rabi,4230,23.74,100406.73
Wheat,Karnataka,Rabi,3905,33.8,131980.32
Cotton,Tamil Nadu,Kharif,3432,25.22,86541.7
Maize,Maharashtra,Kharif,4939,30.41,150178.64
Maize,Maharashtra,Kharif,536,33.07,17723.76
Cotton,Punjab,Kharif,2483,30.88,76670.26
Maize,Punjab,Rabi,3859,19.65,75833.04
Wheat,Karnataka,Rabi,1104,34.42,38000.84
Maize,Maharashtra,Rabi,2672,29.53,78912.77
Soybean,Karnataka,Rabi,2438,34.42,83906.78
Cotton,Tamil Nadu,Rabi,4559,19.22,87606.77
Soybean,Gujarat,Rabi,1512,24.64,37255.41
Soybean,Tamil Nadu,Rabi,1371,24.85,34072.0
Wheat,Punjab,Kharif,4731,18.41,87092.29
Cotton,Punjab,Kharif,3806,31.78,120941.18
Wheat,Punjab,Kharif,509,22.11,11255.18
Rice,Karnataka,Rabi,4838,25.6,123859.15
Maize,Gujarat,Kharif,3026,31.9,96538.92
Soybean,Punjab,Kharif,4425,32.82,145206.52
Maize,Punjab,Kharif,4561,17.87,81518.08
Soybean,Punjab,Kharif,1136,25.53,29001.8
Maize,Karnataka,Kharif,4718,28.78,135775.4
Rice,Maharashtra,Kharif,3496,34.03,118968.43
Rice,Punjab,Kharif,4827,30.42,146846.05
Wheat,Karnataka,Rabi,2325,31.92,74216.44
Soybean,Maharashtra,Kharif,2249,25.45,57230.03
Maize,Karnataka,Rabi,1701,17.68,30076.89
Cotton,Karnataka,Rabi,3944,15.82,62389.55
Cotton,Punjab,Kharif,2374,16.86,40028.55
Wheat,Punjab,Rabi,1930,19.37,37383.9
Soybean,Karnataka,Kharif,4916,23.58,115907.25
Soybean,Maharashtra,Rabi,1658,24.37,40401.08
Maize,Gujarat,Kharif,4527,30.05,136020.57
Rice,Punjab,Rabi,3071,30.01,92152.98
Cotton,Tamil Nadu,Kharif,3446,30.65,105614.66
Rice,Gujarat,Rabi,1498,23.47,35150.87
Cotton,Karnataka,Kharif,3004,15.08,45286.43
Maize,Gujarat,Rabi,3955,20.94,82814.96
Wheat,Karnataka,Rabi,702,21.27,14929.73
Soybean,Maharashtra,Kharif,3272,33.98,111179.7
Cotton,Gujarat,Rabi,3025,31.49,95266.63
Wheat,Punjab,Rabi,3578,20.15,72092.97
Wheat,Karnataka,Kharif,3985,33.92,135176.03
Rice,Tamil Nadu,Kharif,1173,17.81,20889.96
Cotton,Maharashtra,Rabi,1516,32.31,48979.63
Maize,Punjab,Rabi,2558,30.94,79134.32
Soybean,Tamil Nadu,Rabi,4736,27.86,131952.4
Rice,Gujarat,Rabi,2788,21.02,58593.65
Soybean,Gujarat,Rabi,3456,34.54,119367.7
Soybean,Tamil Nadu,Rabi,4441,24.59,109195.97
Cotton,Karnataka,Kharif,3230,32.23,104104.68
Maize,Tamil Nadu,Kharif,1204,31.07,37406.7
Rice,Tamil Nadu,Kharif,4555,28.6,130265.84
Soybean,Gujarat,Kharif,1525,17.13,26123.39
Soybean,Punjab,Rabi,4978,33.64,167455.88
Wheat,Maharashtra,Kharif,2877,24.25,69764.74
Soybean,Karnataka,Rabi,3562,27.58,98249.24
Maize,Karnataka,Rabi,1448,20.25,29326.57
Rice,Maharashtra,Kharif,3664,16.72,61248.71
Soybean,Gujarat,Kharif,688,33.88,23306.06
Rice,Gujarat,Rabi,2960,22.49,66573.33
Rice,Gujarat,Rabi,1376,19.36,26640.49
Cotton,Punjab,Kharif,2380,22.03,52422.5
Cotton,Maharashtra,Rabi,4556,23.55,107309.37
Rice,Punjab,Kharif,2021,25.8,52132.79
Rice,Karnataka,Rabi,3315,16.18,53620.97
Soybean,Karnataka,Kharif,2339,20.52,48003.08
Soybean,Punjab,Rabi,3602,22.42,80751.02
Soybean,Tamil Nadu,Kharif,526,16.61,8735.0
Rice,Punjab,Rabi,3448,31.06,107104.28
Cotton,Punjab,Rabi,4812,28.35,136424.06
Maize,Tamil Nadu,Rabi,1179,16.17,19061.46
Maize,Karnataka,Rabi,4748,20.11,95481.44
Wheat,Karnataka,Kharif,3649,25.13,91685.6
Rice,Gujarat,Kharif,1371,25.33,34727.49
Maize,Karnataka,Rabi,2268,32.69,74144.75
Soybean,Gujarat,Kharif,2837,28.83,81787.2
Soybean,Karnataka,Kharif,2431,33.5,81427.73
Wheat,Tamil Nadu,Kharif,2195,22.42,49216.57
Soybean,Gujarat,Rabi,3511,21.6,75843.75
Maize,Maharashtra,Rabi,3496,20.18,70544.53
Rice,Punjab,Rabi,2433,20.49,49862.89
Wheat,Gujarat,Kharif,3302,34.31,113280.66
Wheat,Punjab,Kharif,2702,28.28,76406.14
Rice,Gujarat,Rabi,3955,31.79,125729.68
Cotton,Gujarat,Kharif,1370,18.96,25980.87
Rice,Karnataka,Rabi,958,26.06,24966.2
Wheat,Tamil Nadu,Rabi,1939,30.86,59829.16
Soybean,Punjab,Rabi,4816,15.38,74084.58
Wheat,Karnataka,Kharif,1483,18.86,27965.74
Maize,Tamil Nadu,Kharif,4615,19.93,91989.03
Wheat,Punjab,Rabi,3519,21.33,75049.7
Soybean,Karnataka,Kharif,742,23.6,17513.89
Rice,Karnataka,Rabi,2969,22.63,67185.14
Rice,Karnataka,Rabi,2467,28.52,70356.02
Cotton,Punjab,Kharif,2283,20.97,47885.07
Rice,Gujarat,Rabi,1243,19.09,23735.0
Wheat,Punjab,Kharif,3912,31.21,122074.56
Cotton,Tamil Nadu,Kharif,944,27.75,26192.0
Maize,Punjab,Kharif,4682,29.24,136907.0
Cotton,Maharashtra,Kharif,3933,15.2,59767.29
Maize,Tamil Nadu,Kharif,4091,25.36,103766.95
Soybean,Tamil Nadu,Rabi,3317,19.48,64604.23
Maize,Tamil Nadu,Rabi,1955,31.74,62058.14
Cotton,Maharashtra,Kharif,1805,31.92,57615.28
Rice,Punjab,Kharif,2037,30.62,62363.85
Rice,Gujarat,Kharif,925,17.17,15880.36
Soybean,Gujarat,Kharif,2129,34.93,74360.44
Rice,Karnataka,Kharif,1685,33.04,55679.45
Cotton,Gujarat,Rabi,2146,23.98,51467.89
Cotton,Maharashtra,Kharif,4202,26.98,113381.5
Wheat,Karnataka,Kharif,1858,20.37,37843.72
Maize,Tamil Nadu,Kharif,1317,24.29,31984.54
Maize,Karnataka,Kharif,1151,23.35,26878.85
Cotton,Karnataka,Kharif,1309,28.53,37346.85
Wheat,Tamil Nadu,Kharif,3971,17.02,67569.97
Maize,Punjab,Kharif,3852,34.91,134490.79
Cotton,Gujarat,Rabi,2260,24.51,55396.06
Cotton,Punjab,Kharif,2162,29.36,63473.4
Cotton,Maharashtra,Kharif,2556,33.76,86282.51
Wheat,Maharashtra,Rabi,2449,30.57,74863.71
Cotton,Punjab,Kharif,2414,20.96,50601.03
Wheat,Karnataka,Rabi,1551,31.01,48091.22
Soybean,Tamil Nadu,Rabi,1388,23.16,32150.21
Cotton,Gujarat,Kharif,4429,27.64,122430.29
Rice,Tamil Nadu,Rabi,1054,15.25,16074.73
Soybean,Maharashtra,Rabi,2448,30.18,73882.53
Cotton,Maharashtra,Kharif,1260,34.15,43025.6
Wheat,Tamil Nadu,Rabi,2117,19.69,41678.65
Maize,Gujarat,Rabi,824,20.48,16874.66
Rice,Gujarat,Rabi,3909,26.02,101727.79
Rice,Tamil Nadu,Rabi,4195,16.66,69878.17
Rice,Punjab,Kharif,2388,19.89,47501.34
Cotton,Gujarat,Kharif,3868,17.7,68467.45
Soybean,Gujarat,Rabi,4677,20.64,96541.45
Wheat,Punjab,Kharif,747,21.12,15773.79
Soybean,Punjab,Kharif,636,27.76,17658.28
Maize,Gujarat,Kharif,4824,31.25,150737.84
Soybean,Tamil Nadu,Rabi,4551,20.49,93248.66
Soybean,Punjab,Rabi,2660,28.8,76616.46
Soybean,Maharashtra,Kharif,2446,19.88,48630.76
Rice,Karnataka,Rabi,1666,33.47,55768.14
Cotton,Gujarat,Rabi,2908,31.57,91812.05
Maize,Gujarat,Kharif,3652,19.94,72817.97
Rice,Karnataka,Kharif,2781,16.78,46670.37
Rice,Punjab,Kharif,3830,32.56,124714.96
Maize,Gujarat,Kharif,3756,22.28,83669.3
Wheat,Punjab,Rabi,4814,28.31,136293.83
Cotton,Tamil Nadu,Rabi,1777,29.18,51860.13
Rice,Gujarat,Rabi,2983,15.2,45355.1
Rice,Karnataka,Rabi,3554,17.91,63653.25
Maize,Punjab,Kharif,3543,23.8,84317.14
Soybean,Punjab,Rabi,3811,16.58,63178.97
Maize,Gujarat,Kharif,2652,17.42,46187.82
Soybean,Gujarat,Kharif,4158,33.59,139669.46
Cotton,Karnataka,Rabi,2155,19.75,42561.42
Maize,Punjab,Rabi,4038,18.54,74854.53
Soybean,Punjab,Rabi,659,15.49,10211.04
Wheat,Karnataka,Kharif,633,26.24,16608.25
Rice,Maharashtra,Rabi,1883,19.64,36989.54
Wheat,Tamil Nadu,Kharif,4134,34.87,144142.63
Cotton,Maharashtra,Kharif,1217,31.88,38803.21
Soybean,Maharashtra,Kharif,976,21.67,21152.95
Soybean,Punjab,Rabi,3520,31.96,112506.86
Soybean,Tamil Nadu,Rabi,2714,27.79,75424.34
Cotton,Punjab,Rabi,1410,19.08,26902.61
Rice,Gujarat,Kharif,2371,24.79,58774.12
Wheat,Tamil Nadu,Kharif,4322,29.25,126403.87
Cotton,Gujarat,Rabi,1784,25.67,45790.94
Rice,Punjab,Kharif,4957,17.41,86288.65
Rice,Tamil Nadu,Rabi,3666,18.46,67668.76
Rice,Maharashtra,Kharif,2959,15.58,46108.96
Soybean,Tamil Nadu,Kharif,3768,15.4,58008.7
Cotton,Maharashtra,Kharif,1033,29.54,30514.45
Maize,Karnataka,Kharif,2563,27.37,70154.56
Soybean,Tamil Nadu,Kharif,660,33.75,22275.02
Wheat,Maharashtra,Rabi,4092,29.16,119324.57
Cotton,Maharashtra,Kharif,991,18.56,18388.54
Cotton,Tamil Nadu,Kharif,3078,15.57,47918.83
Maize,Karnataka,Rabi,2992,20.87,62435.2
Soybean,Tamil Nadu,Kharif,2447,25.02,61232.71
Soybean,Tamil Nadu,Rabi,4478,23.22,103962.15
Rice,Karnataka,Kharif,3250,17.14,55716.28
Rice,Gujarat,Rabi,1409,18.66,26286.09
Maize,Punjab,Kharif,4418,34.47,152266.83
Soybean,Maharashtra,Rabi,4478,19.21,86025.37
Rice,Gujarat,Rabi,844,29.17,24621.26
Cotton,Tamil Nadu,Rabi,3680,21.01,77322.32
Maize,Gujarat,Rabi,4263,21.44,91385.65
Maize,Punjab,Kharif,534,19.61,10469.87
Wheat,Karnataka,Rabi,2511,27.77,69721.91
Soybean,Maharashtra,Kharif,1001,18.91,18929.77
Maize,Karnataka,Rabi,2831,21.84,61836.42
Soybean,Punjab,Kharif,3702,31.88,118036.12
Wheat,Karnataka,Kharif,2275,31.96,72718.45
Cotton,Karnataka,Kharif,3346,23.13,77404.66
Soybean,Maharashtra,Kharif,2901,20.52,59542.2
Soybean,Maharashtra,Rabi,4510,20.11,90684.87
Soybean,Gujarat,Kharif,3739,23.34,87281.01
Wheat,Tamil Nadu,Kharif,2383,28.07,66890.04
Maize,Maharashtra,Rabi,1198,32.79,39282.62
Cotton,Karnataka,Kharif,1450,24.92,36127.49
Soybean,Maharashtra,Rabi,803,23.67,19003.31
Soybean,Punjab,Kharif,2681,30.77,82501.61
Wheat,Punjab,Rabi,4252,31.33,133214.93
Rice,Maharashtra,Rabi,4082,20.28,82796.46
Rice,Punjab,Kharif,3226,19.18,61886.96
Soybean,Punjab,Rabi,1425,22.69,32336.25
Maize,Maharashtra,Kharif,3057,28.89,88308.32
Maize,Punjab,Kharif,2620,34.33,89955.75
Wheat,Karnataka,Kharif,2182,26.02,56767.85
Soybean,Karnataka,Kharif,2530,16.7,42238.38
Cotton,Maharashtra,Kharif,4263,31.39,133836.8
Cotton,Gujarat,Kharif,3212,22.85,73404.14
Cotton,Punjab,Rabi,1460,28.28,41290.7
Soybean,Tamil Nadu,Kharif,2144,32.55,69780.01
Maize,Gujarat,Kharif,2631,15.4,40529.25
Maize,Karnataka,Kharif,2800,18.23,51038.81
Wheat,Maharashtra,Kharif,2804,26.94,75549.33
Rice,Punjab,Kharif,3698,20.42,75513.61
Maize,Karnataka,Kharif,2952,18.03,53212.07
Soybean,Punjab,Kharif,3370,27.61,93052.75
Maize,Punjab,Rabi,2176,30.52,66418.08
Cotton,Gujarat,Kharif,3718,31.13,115743.95
Cotton,Tamil Nadu,Rabi,864,31.2,26957.07
Soybean,Karnataka,Rabi,3854,19.71,75953.16
Wheat,Punjab,Rabi,4617,29.01,133956.5
Maize,Gujarat,Rabi,1642,27.4,44988.05
Wheat,Punjab,Kharif,2100,23.42,49177.99
Rice,Punjab,Kharif,2474,22.28,55120.01
Maize,Gujarat,Kharif,4310,23.45,101075.17
Cotton,Gujarat,Rabi,768,18.67,14340.03
Soybean,Maharashtra,Rabi,665,34.39,22866.37
Cotton,Karnataka,Rabi,2177,21.45,46696.26
Rice,Karnataka,Rabi,3080,21.2,65282.01
Maize,Karnataka,Rabi,872,33.19,28938.42
Rice,Gujarat,Rabi,2292,20.49,46959.13
Wheat,Maharashtra,Kharif,2938,18.64,54765.67
Soybean,Punjab,Rabi,1121,20.24,22684.19
Maize,Punjab,Rabi,1229,28.82,35421.8
Rice,Punjab,Rabi,1916,18.96,36319.04
Maize,Maharashtra,Rabi,4541,19.33,87760.63
Wheat,Gujarat,Rabi,2178,22.54,49095.97
Rice,Karnataka,Kharif,2779,32.17,89401.86
Cotton,Karnataka,Rabi,4394,19.14,84079.72
Rice,Maharashtra,Kharif,1016,30.98,31478.82
Soybean,Gujarat,Rabi,4020,34.81,139933.1
Rice,Tamil Nadu,Rabi,3158,31.45,99320.65
Cotton,Karnataka,Kharif,694,16.4,11379.14
Cotton,Gujarat,Kharif,3824,32.58,124592.02
Soybean,Gujarat,Rabi,517,18.78,9707.99
Maize,Karnataka,Kharif,4564,16.65,76006.0
Cotton,Maharashtra,Kharif,2580,33.45,86292.96
Cotton,Karnataka,Kharif,2453,18.97,46525.34
Soybean,Maharashtra,Rabi,2211,21.37,47257.24
Soybean,Tamil Nadu,Kharif,4737,31.8,150635.64
Maize,Maharashtra,Rabi,3861,20.71,79967.59
Wheat,Karnataka,Rabi,1395,28.57,39859.36
Rice,Gujarat,Rabi,2373,20.08,47659.87
Cotton,Karnataka,Kharif,3810,34.55,131649.54
Soybean,Tamil Nadu,Kharif,3697,26.35,97430.41
Wheat,Tamil Nadu,Rabi,3333,34.61,115346.91
Rice,Maharashtra,Kharif,3712,16.82,62445.77
Soybean,Maharashtra,Rabi,506,29.8,15078.68
Cotton,Gujarat,Kharif,4356,15.59,67931.4
Wheat,Tamil Nadu,Kharif,1432,20.65,29574.01
Cotton,Tamil Nadu,Rabi,1812,34.29,62130.87
Rice,Punjab,Kharif,2633,17.15,45151.31
Wheat,Punjab,Kharif,3541,28.54,101071.42
Maize,Karnataka,Kharif,4149,26.41,109588.69
Maize,Gujarat,Kharif,4765,26.06,124173.04
Soybean,Gujarat,Rabi,1983,30.53,60537.66
Maize,Karnataka,Kharif,4393,34.98,153670.19
Soybean,Maharashtra,Rabi,3577,34.64,123903.99
Cotton,Maharashtra,Kharif,1965,32.23,63332.03
Wheat,Tamil Nadu,Kharif,1372,21.34,29283.02
Wheat,Maharashtra,Kharif,1511,28.69,43348.51
Wheat,Maharashtra,Kharif,614,33.3,20445.64
Maize,Gujarat,Rabi,4299,18.92,81353.31
Cotton,Punjab,Kharif,687,24.89,17100.32
Soybean,Karnataka,Rabi,731,18.65,13629.66
Cotton,Gujarat,Rabi,3659,27.96,102311.66
Wheat,Tamil Nadu,Kharif,3073,21.83,67093.03
Maize,Tamil Nadu,Kharif,4351,22.26,96839.08
Cotton,Tamil Nadu,Rabi,2831,25.44,72032.17
Rice,Gujarat,Rabi,1811,18.91,34249.77
Wheat,Gujarat,Rabi,3074,16.34,50235.65
Rice,Maharashtra,Rabi,3138,28.02,87934.84
Cotton,Tamil Nadu,Kharif,4605,29.33,135049.0
Rice,Gujarat,Rabi,1187,20.0,23744.44
Wheat,Karnataka,Kharif,842,26.69,22471.67
Rice,Tamil Nadu,Kharif,1187,27.85,33054.39
Soybean,Punjab,Rabi,2044,27.05,55284.32
Rice,Tamil Nadu,Rabi,1581,33.17,52445.93
Rice,Tamil Nadu,Rabi,502,18.53,9300.08
Maize,Punjab,Rabi,3283,15.51,50926.5
Soybean,Tamil Nadu,Kharif,1739,22.77,39595.05
Cotton,Karnataka,Kharif,3800,28.47,108169.2
Wheat,Punjab,Kharif,4364,27.53,120119.62
Rice,Tamil Nadu,Kharif,3383,32.2,108927.49
Soybean,Tamil Nadu,Kharif,3779,24.13,91203.07
Cotton,Punjab,Kharif,4590,24.09,110554.85
Wheat,Tamil Nadu,Kharif,1996,27.47,54829.02
Maize,Tamil Nadu,Rabi,2066,34.11,70463.21
Cotton,Gujarat,Kharif,1996,28.11,56110.46
Cotton,Maharashtra,Kharif,3965,22.56,89449.47
Rice,Punjab,Kharif,4710,15.26,71873.79
Cotton,Punjab,Kharif,1065,19.48,20750.94
Rice,Maharashtra,Kharif,4888,26.99,131945.55
Maize,Punjab,Kharif,1431,23.8,34063.1
Cotton,Punjab,Rabi,4348,18.67,81197.09
Rice,Punjab,Rabi,4212,29.77,125373.23
Wheat,Karnataka,Kharif,1417,26.81,37992.91
Rice,Punjab,Rabi,3299,24.05,79355.99
Maize,Gujarat,Rabi,1201,29.92,35932.34
Wheat,Tamil Nadu,Kharif,4870,20.48,99721.79
Cotton,Karnataka,Kharif,2243,26.35,59100.28
Cotton,Tamil Nadu,Kharif,732,22.66,16587.81
Maize,Maharashtra,Rabi,4227,18.7,79051.11
Cotton,Maharashtra,Rabi,1399,31.3,43794.81
Rice,Karnataka,Kharif,909,21.34,19398.37
Wheat,Maharashtra,Kharif,3714,21.59,80191.97
Wheat,Gujarat,Kharif,2349,16.42,38569.68
Maize,Tamil Nadu,Kharif,3565,21.79,77670.67
Cotton,Tamil Nadu,Rabi,1323,16.34,21621.88
Cotton,Gujarat,Kharif,4926,30.58,150660.86
Soybean,Karnataka,Rabi,2815,23.93,67349.04
Rice,Karnataka,Kharif,4000,32.74,130963.57
Rice,Tamil Nadu,Rabi,1506,28.43,42808.41
Maize,Karnataka,Rabi,1718,28.19,48425.32
Rice,Tamil Nadu,Kharif,3256,32.51,105844.84
Rice,Karnataka,Kharif,4605,21.11,97200.28
Cotton,Maharashtra,Rabi,2586,30.55,79008.22
Wheat,Punjab,Rabi,1154,17.88,20636.83
Soybean,Tamil Nadu,Rabi,2139,26.0,55614.55
Rice,Karnataka,Rabi,3137,28.18,88406.79
Wheat,Punjab,Rabi,2323,22.29,51769.4
Wheat,Maharashtra,Kharif,3503,17.36,60806.73
Soybean,Tamil Nadu,Kharif,3407,26.06,88769.54
Maize,Tamil Nadu,Kharif,703,19.61,13788.25
Soybean,Punjab,Rabi,4620,27.21,125704.95
Cotton,Gujarat,Kharif,2203,24.52,54010.59
Soybean,Karnataka,Kharif,2110,21.86,46124.53
Cotton,Karnataka,Rabi,523,18.08,9456.48
Cotton,Karnataka,Rabi,2309,16.02,36992.83
Soybean,Tamil Nadu,Kharif,1446,34.9,50466.22
Cotton,Punjab,Rabi,3277,28.81,94401.52
Rice,Tamil Nadu,Kharif,1783,34.51,61526.53
Rice,Maharashtra,Kharif,2279,18.8,42853.36
Maize,Gujarat,Kharif,3079,20.78,63967.16
Cotton,Maharashtra,Rabi,2032,22.63,45986.83
Wheat,Punjab,Kharif,1299,25.42,33017.33
Wheat,Karnataka,Rabi,3491,23.92,83490.62
Rice,Gujarat,Kharif,577,27.98,16145.48
Rice,Gujarat,Rabi,4401,24.73,108824.18
Maize,Gujarat,Rabi,866,29.88,25876.35
Soybean,Maharashtra,Kharif,913,16.88,15408.2
Wheat,Punjab,Rabi,1461,32.22,47079.18
Soybean,Tamil Nadu,Kharif,4682,17.66,82703.59
Soybean,Gujarat,Kharif,927,31.06,28790.97
Wheat,Karnataka,Kharif,1787,26.22,46860.87
Cotton,Karnataka,Kharif,4410,15.48,68263.77
Rice,Karnataka,Kharif,4934,32.44,160045.56
Wheat,Punjab,Rabi,4791,17.35,83136.73
Wheat,Punjab,Kharif,4947,15.64,77377.35
Cotton,Maharashtra,Kharif,504,30.07,15154.51
Rice,Karnataka,Rabi,638,32.09,20472.62
Maize,Tamil Nadu,Kharif,1241,28.37,35210.29
Cotton,Tamil Nadu,Kharif,1408,23.27,32757.24
Wheat,Punjab,Kharif,518,21.29,11029.57
Maize,Karnataka,Kharif,4248,32.12,136446.54
Rice,Punjab,Rabi,4144,19.48,80716.44
Soybean,Tamil Nadu,Rabi,4648,28.09,130546.58
Cotton,Tamil Nadu,Rabi,3295,16.44,54171.05
Wheat,Tamil Nadu,Kharif,1182,26.38,31182.36
Soybean,Karnataka,Rabi,2569,28.11,72203.19
Maize,Tamil Nadu,Kharif,2672,15.02,40135.78
Rice,Maharashtra,Kharif,2763,30.28,83651.1
Maize,Punjab,Kharif,4441,33.65,149434.32
Cotton,Tamil Nadu,Kharif,1503,29.63,44526.48
Maize,Gujarat,Kharif,2841,34.71,98607.09
Maize,Tamil Nadu,Kharif,3965,25.79,102271.71
Cotton,Punjab,Rabi,1016,28.5,28954.89
Rice,Punjab,Kharif,758,16.44,12463.12
Maize,Maharashtra,Rabi,1751,18.81,32938.86
Cotton,Punjab,Kharif,1652,30.81,50889.91
Wheat,Gujarat,Kharif,2268,20.27,45981.05
Maize,Maharashtra,Kharif,863,31.17,26902.09
Cotton,Gujarat,Kharif,1877,32.97,61882.44
Rice,Gujarat,Kharif,3726,33.98,126607.88
Wheat,Tamil Nadu,Kharif,647,33.12,21430.83
Maize,Tamil Nadu,Rabi,3631,24.49,88911.04
Rice,Tamil Nadu,Rabi,1490,29.08,43325.39
Maize,Gujarat,Rabi,3754,26.79,100575.48
Wheat,Maharashtra,Kharif,2170,34.18,74169.84
Cotton,Gujarat,Rabi,967,24.66,23843.56
Soybean,Karnataka,Rabi,4635,16.66,77201.88
Cotton,Punjab,Kharif,3717,18.22,67731.09
Cotton,Punjab,Kharif,4380,24.76,108445.27
Cotton,Maharashtra,Rabi,1184,18.19,21535.93
Soybean,Karnataka,Rabi,3528,28.56,100766.18
Wheat,Karnataka,Rabi,4827,31.15,150361.2
Maize,Punjab,Rabi,1430,24.0,34315.26
Soybean,Tamil Nadu,Kharif,762,17.75,13527.81
Cotton,Gujarat,Rabi,1331,20.0,26623.67
Soybean,Punjab,Rabi,3655,30.78,112509.72
Maize,Punjab,Rabi,2965,34.99,103740.82
Maize,Punjab,Kharif,4642,18.02,83662.93
Cotton,Karnataka,Kharif,4014,26.82,107652.14
Rice,Karnataka,Kharif,4308,15.53,66901.5
Soybean,Maharashtra,Rabi,4052,17.93,72648.5
Cotton,Punjab,Rabi,1847,30.32,55995.4
Maize,Maharashtra,Kharif,2100,23.14,48590.34
Maize,Punjab,Kharif,550,21.09,11598.26
Soybean,Tamil Nadu,Rabi,4599,30.88,142031.42
Soybean,Gujarat,Kharif,1821,30.71,55929.01
Maize,Tamil Nadu,Kharif,3632,21.09,76594.25
Rice,Gujarat,Kharif,2880,26.63,76700.67
Maize,Maharashtra,Kharif,1798,29.84,53655.54
Rice,Gujarat,Kharif,3788,16.8,63640.25
Soybean,Karnataka,Kharif,1283,20.81,26696.41
Wheat,Punjab,Kharif,4831,15.07,72790.21
Soybean,Karnataka,Rabi,1870,25.93,48496.78
Wheat,Gujarat,Kharif,2868,19.32,55397.23
Maize,Gujarat,Rabi,1838,27.94,51352.32
Rice,Punjab,Rabi,3986,33.89,135101.55
Rice,Gujarat,Kharif,4188,17.06,71432.98
Soybean,Gujarat,Kharif,4665,22.13,103241.59
Maize,Punjab,Rabi,1377,19.09,26284.24
Maize,Karnataka,Rabi,1072,32.81,35177.67
Soybean,Punjab,Rabi,3133,21.65,67821.42
Rice,Karnataka,Rabi,1482,31.78,47090.95
Rice,Punjab,Kharif,1282,24.11,30905.06
Wheat,Karnataka,Rabi,820,34.47,28264.59
Cotton,Tamil Nadu,Kharif,3569,17.96,64099.97
Soybean,Maharashtra,Rabi,2285,16.22,37061.57
Cotton,Gujarat,Rabi,4771,27.57,131553.93
Soybean,Maharashtra,Rabi,4435,29.01,128644.65
Soybean,Karnataka,Rabi,3112,28.99,90226.63
Maize,Maharashtra,Kharif,3614,26.1,94316.69
Cotton,Gujarat,Rabi,3856,19.16,73890.22
Maize,Maharashtra,Rabi,2382,19.04,45347.42
Rice,Karnataka,Kharif,4237,18.55,78578.44
Soybean,Gujarat,Kharif,2170,31.01,67301.64
Wheat,Karnataka,Rabi,2119,18.53,39265.59
Wheat,Karnataka,Rabi,3724,16.46,61283.67
Rice,Gujarat,Kharif,1024,23.76,24335.29
Maize,Maharashtra,Kharif,1680,18.16,30508.28
Maize,Maharashtra,Kharif,2107,26.39,55605.52
Soybean,Tamil Nadu,Rabi,4368,21.18,92535.51
Maize,Karnataka,Rabi,1261,17.65,22262.69
Maize,Gujarat,Rabi,3795,25.49,96749.88
Maize,Maharashtra,Rabi,4243,28.69,121749.44
Wheat,Tamil Nadu,Rabi,824,27.26,22458.82
Maize,Maharashtra,Rabi,561,19.41,10887.03
Rice,Karnataka,Kharif,780,31.98,24946.97
Wheat,Punjab,Kharif,830,15.59,12939.77
Cotton,Punjab,Rabi,1782,32.98,58772.68
Soybean,Tamil Nadu,Kharif,4662,18.43,85922.96
Maize,Karnataka,Kharif,4246,24.3,103198.82
Cotton,Punjab,Rabi,2060,16.66,34328.36
Soybean,Gujarat,Rabi,1380,34.12,47090.4
Wheat,Gujarat,Rabi,4404,32.57,143460.11
Wheat,Karnataka,Kharif,2578,23.92,61667.66
Cotton,Punjab,Kharif,2959,16.87,49926.29
Wheat,Punjab,Rabi,4965,28.43,141153.12
Maize,Gujarat,Rabi,3950,29.37,116018.11
Wheat,Karnataka,Rabi,2295,20.22,46395.51
Soybean,Gujarat,Kharif,3822,34.45,131660.32
Wheat,Maharashtra,Kharif,2890,15.41,44528.4
Wheat,Karnataka,Rabi,3091,23.96,74059.19
Maize,Tamil Nadu,Rabi,4515,15.19,68562.08
Wheat,Gujarat,Kharif,4236,24.4,103350.41
Rice,Gujarat,Rabi,2055,15.35,31545.67
Soybean,Tamil Nadu,Rabi,3401,26.7,90816.74
Soybean,Gujarat,Rabi,954,32.08,30603.67
Cotton,Karnataka,Rabi,3472,33.04,114714.79
Maize,Punjab,Kharif,4311,24.31,104807.03
Rice,Punjab,Kharif,4202,28.26,118734.99
Cotton,Tamil Nadu,Kharif,3880,19.63,76167.57
Maize,Karnataka,Rabi,705,19.54,13774.45
Maize,Maharashtra,Rabi,4364,28.94,126289.21
Wheat,Gujarat,Kharif,2101,25.22,52989.15
Rice,Tamil Nadu,Rabi,636,18.62,11840.89
Maize,Tamil Nadu,Rabi,4568,29.56,135019.22
Cotton,Tamil Nadu,Rabi,4425,31.64,139986.66
Rice,Tamil Nadu,Rabi,4396,28.13,123660.03
Cotton,Gujarat,Kharif,970,29.2,28321.12
Cotton,Karnataka,Rabi,4635,25.39,117681.37
Maize,Karnataka,Kharif,1492,16.96,25305.48
Wheat,Tamil Nadu,Kharif,2298,33.86,77808.9
Cotton,Tamil Nadu,Kharif,4135,23.81,98442.53
Maize,Tamil Nadu,Rabi,3148,34.7,109228.28
Cotton,Punjab,Rabi,2286,16.89,38612.45
Soybean,Karnataka,Rabi,1387,23.24,32230.32
Wheat,Karnataka,Rabi,1848,15.18,28058.34
Soybean,Gujarat,Kharif,1953,17.23,33659.9
Soybean,Maharashtra,Rabi,4195,28.65,120186.13
Rice,Karnataka,Rabi,1554,32.14,49946.4
Soybean,Karnataka,Rabi,3252,19.86,64578.55
Maize,Karnataka,Rabi,1621,26.58,43080.78
Cotton,Tamil Nadu,Kharif,2172,27.22,59114.82
Soybean,Karnataka,Rabi,1045,31.07,32472.9
Wheat,Tamil Nadu,Kharif,3960,24.44,96783.43
Maize,Gujarat,Rabi,2401,31.27,75075.01
Rice,Punjab,Kharif,669,21.18,14168.09
Maize,Karnataka,Kharif,3235,22.41,72509.37
Soybean,Tamil Nadu,Rabi,525,22.93,12038.32
Cotton,Maharashtra,Kharif,722,32.88,23739.5
Wheat,Gujarat,Rabi,3644,23.77,86622.21
Soybean,Tamil Nadu,Rabi,617,34.89,21529.44
Maize,Gujarat,Kharif,4792,23.91,114559.62
Cotton,Punjab,Rabi,3999,24.27,97060.16
Wheat,Maharashtra,Rabi,792,29.03,22989.45
Soybean,Gujarat,Kharif,1620,16.58,26866.43
Wheat,Karnataka,Rabi,1757,15.15,26620.35
Cotton,Gujarat,Kharif,1068,19.93,21286.21
Wheat,Tamil Nadu,Rabi,1245,32.03,39879.52
Rice,Gujarat,Kharif,3554,17.01,60469.13
Maize,Karnataka,Kharif,4113,18.46,75909.56
Soybean,Maharashtra,Rabi,4102,33.89,139009.89
Cotton,Tamil Nadu,Kharif,2989,15.2,45424.17
Cotton,Karnataka,Rabi,4171,18.92,78904.83
Maize,Tamil Nadu,Rabi,3434,19.6,67306.59
Maize,Karnataka,Rabi,3002,32.92,98822.39
Maize,Tamil Nadu,Kharif,4966,29.12,144589.86
Maize,Punjab,Kharif,2446,28.85,70573.98
Cotton,Karnataka,Rabi,3326,21.48,71442.41
Soybean,Gujarat,Kharif,1533,26.15,40091.91
Rice,Maharashtra,Kharif,1161,16.97,19698.48
Cotton,Karnataka,Kharif,2753,31.82,87601.17
Cotton,Maharashtra,Kharif,2722,30.26,82357.15
Rice,Punjab,Kharif,3697,19.25,71166.62
Cotton,Punjab,Rabi,4155,24.68,102534.66
Soybean,Maharashtra,Rabi,1551,30.93,47972.96
Wheat,Gujarat,Kharif,1962,19.15,37569.15
Cotton,Maharashtra,Rabi,890,15.07,13410.71
Maize,Maharashtra,Rabi,1525,33.83,51588.55
Wheat,Punjab,Rabi,684,25.83,17670.66
Cotton,Punjab,Kharif,4352,31.46,136906.77
Cotton,Karnataka,Kharif,4478,28.51,127658.39
Cotton,Maharashtra,Rabi,1415,24.87,35185.01
Soybean,Punjab,Kharif,2261,23.89,54025.39
Soybean,Punjab,Kharif,4704,18.51,87050.06
Cotton,Gujarat,Rabi,3228,30.52,98530.42
Cotton,Karnataka,Kharif,2262,33.36,75460.76
Soybean,Gujarat,Rabi,2937,25.16,73905.75
Rice,Karnataka,Rabi,1147,27.77,31852.86
Soybean,Punjab,Kharif,1932,28.88,55804.36
Soybean,Punjab,Kharif,4980,31.52,156977.42
Rice,Tamil Nadu,Kharif,1276,29.38,37493.4
Maize,Tamil Nadu,Rabi,2207,19.65,43360.87
Wheat,Karnataka,Rabi,1874,25.92,48565.62
Cotton,Gujarat,Rabi,3045,29.53,89917.46
Rice,Maharashtra,Rabi,1083,27.41,29683.57
Wheat,Karnataka,Kharif,4480,28.02,125522.37
Maize,Punjab,Rabi,3581,30.11,107837.63
Cotton,Karnataka,Kharif,1535,26.06,39995.65
Rice,Karnataka,Kharif,3623,23.84,86359.15
Cotton,Maharashtra,Kharif,964,23.05,22218.56
Rice,Gujarat,Kharif,2933,22.57,66207.08
Wheat,Karnataka,Kharif,929,29.13,27063.99
Soybean,Maharashtra,Rabi,2839,20.32,57694.63
Wheat,Tamil Nadu,Kharif,556,29.74,16537.35
Maize,Punjab,Rabi,2653,15.27,40519.69
Cotton,Tamil Nadu,Kharif,1153,23.14,26684.67
Wheat,Maharashtra,Kharif,3167,20.56,65112.46
Cotton,Gujarat,Kharif,3114,21.96,68373.03
Rice,Tamil Nadu,Rabi,3288,21.83,71760.82
Cotton,Tamil Nadu,Rabi,4997,27.93,139565.32
Wheat,Maharashtra,Rabi,1783,31.87,56822.09
Maize,Maharashtra,Kharif,2177,17.27,37605.41
Rice,Tamil Nadu,Rabi,2227,28.56,63609.28
Maize,Gujarat,Rabi,3787,23.11,87513.83
Rice,Punjab,Kharif,4336,16.36,70944.37
Maize,Gujarat,Rabi,3363,24.69,83025.1
Rice,Maharashtra,Rabi,3638,24.38,88676.7
Cotton,Tamil Nadu,Rabi,634,27.93,17707.17
Soybean,Maharashtra,Kharif,3782,17.82,67376.78
Maize,Maharashtra,Rabi,1688,16.41,27698.77
Cotton,Tamil Nadu,Rabi,4986,23.34,116386.83
Maize,Punjab,Kharif,4360,27.76,121019.84
Rice,Tamil Nadu,Kharif,4332,17.19,74469.09
Wheat,Tamil Nadu,Rabi,1781,21.62,38507.79
Rice,Gujarat,Rabi,3405,18.96,64541.83
Maize,Maharashtra,Rabi,875,16.34,14300.61
Soybean,Maharashtra,Rabi,3693,27.97,103289.3
Soybean,Maharashtra,Kharif,4886,33.38,163082.48
Maize,Tamil Nadu,Kharif,3741,28.95,108299.02
Cotton,Tamil Nadu,Kharif,2825,26.64,75245.14
Soybean,Karnataka,Kharif,2847,20.8,59228.61
Maize,Maharashtra,Rabi,4462,23.39,104369.31
Maize,Gujarat,Rabi,4744,22.39,106216.38
Wheat,Tamil Nadu,Kharif,3635,29.85,108490.06
Cotton,Punjab,Kharif,1670,18.26,30502.14
Wheat,Punjab,Kharif,4456,32.64,145463.76
Soybean,Tamil Nadu,Rabi,4484,17.48,78392.88
Rice,Tamil Nadu,Kharif,3241,19.55,63352.05
Maize,Punjab,Rabi,3682,20.11,74041.9
Maize,Gujarat,Kharif,940,20.25,19033.05
Soybean,Maharashtra,Kharif,3781,18.31,69226.09
Wheat,Karnataka,Kharif,2669,15.69,41874.47
Wheat,Gujarat,Kharif,2732,31.77,86801.94
Soybean,Karnataka,Kharif,3503,18.91,66249.97
Cotton,Maharashtra,Rabi,1667,30.78,51313.21
Maize,Gujarat,Rabi,2747,26.66,73223.0
Rice,Gujarat,Rabi,4474,33.92,151758.89
Soybean,Karnataka,Rabi,4822,23.51,113364.14
Maize,Punjab,Rabi,2418,31.04,75054.62
Rice,Maharashtra,Kharif,1973,18.08,35665.16
Maize,Tamil Nadu,Kharif,2837,32.16,91243.68
Soybean,Karnataka,Rabi,1882,33.74,63505.51
Rice,Karnataka,Rabi,4745,23.88,113299.18
Wheat,Gujarat,Kharif,1216,17.9,21771.51
Soybean,Maharashtra,Kharif,1638,18.11,29669.14
Soybean,Karnataka,Rabi,1183,16.81,19881.81
Wheat,Karnataka,Kharif,3863,16.41,63384.73
Rice,Tamil Nadu,Rabi,1770,21.39,37866.26
Cotton,Maharashtra,Kharif,2022,34.32,69390.54
Rice,Tamil Nadu,Rabi,3987,20.3,80920.92
Rice,Gujarat,Kharif,1390,18.06,25105.53
Rice,Maharashtra,Kharif,1449,25.8,37388.48
Maize,Tamil Nadu,Kharif,910,20.89,19010.47
Cotton,Karnataka,Kharif,861,26.22,22572.09
Rice,Gujarat,Rabi,2527,20.76,52458.12
Maize,Maharashtra,Rabi,3132,31.42,98417.47
Maize,Gujarat,Rabi,4701,18.18,85443.04
Cotton,Punjab,Rabi,1088,29.46,32050.23
Wheat,Punjab,Kharif,1896,24.61,46664.77
Maize,Gujarat,Kharif,2605,20.69,53897.42
Maize,Tamil Nadu,Rabi,631,29.58,18664.88
Wheat,Punjab,Kharif,3016,19.4,58498.57
Cotton,Tamil Nadu,Kharif,3731,19.49,72704.28
Soybean,Punjab,Rabi,4939,27.34,135021.87
Wheat,Tamil Nadu,Kharif,4937,27.25,134522.39
Cotton,Maharashtra,Rabi,2599,23.33,60640.2
Maize,Punjab,Rabi,2576,16.43,42325.89
Rice,Punjab,Rabi,2791,25.19,70315.69
Wheat,Maharashtra,Rabi,3200,26.72,85498.03
Maize,Gujarat,Kharif,2523,23.76,59942.63
Cotton,Karnataka,Kharif,3505,30.8,107971.35
Maize,Karnataka,Rabi,4816,30.59,147313.68
Maize,Tamil Nadu,Rabi,3134,33.07,103637.19
Cotton,Gujarat,Rabi,2040,15.64,31897.31
Cotton,Gujarat,Rabi,3009,29.53,88841.63
Wheat,Punjab,Rabi,4926,30.42,149873.23
Wheat,Karnataka,Kharif,1481,16.47,24396.78
Maize,Maharashtra,Rabi,679,29.17,19807.45
Rice,Karnataka,Rabi,870,20.73,18034.63
Rice,Punjab,Rabi,2013,20.06,40383.33
Soybean,Gujarat,Rabi,2405,15.49,37250.69
Wheat,Karnataka,Kharif,2163,24.79,53617.57
Wheat,Gujarat,Kharif,2026,29.0,58756.6
Soybean,Maharashtra,Rabi,3146,26.49,83346.78
Soybean,Karnataka,Rabi,1067,33.61,35860.49
Maize,Maharashtra,Rabi,1888,20.7,39080.39
Soybean,Gujarat,Rabi,4834,17.98,86937.55
Soybean,Gujarat,Rabi,4768,30.09,143453.97
Cotton,Maharashtra,Rabi,1187,16.15,19166.64
Rice,Punjab,Kharif,4152,19.91,82674.37
Rice,Tamil Nadu,Rabi,4560,24.97,113860.76
Soybean,Karnataka,Rabi,4547,30.27,137623.73
Wheat,Punjab,Rabi,677,28.82,19511.35
Wheat,Tamil Nadu,Kharif,4715,32.16,151649.36
Maize,Karnataka,Kharif,2143,25.46,54568.8
Maize,Punjab,Kharif,830,32.35,26850.2
Soybean,Maharashtra,Kharif,1847,16.26,30035.42
Soybean,Gujarat,Kharif,785,21.83,17135.64
Maize,Karnataka,Rabi,1226,16.36,20060.6
Rice,Maharashtra,Rabi,1026,20.49,21025.44
Soybean,Tamil Nadu,Rabi,3567,29.41,104890.83
Soybean,Gujarat,Rabi,3808,34.28,130554.89
Rice,Karnataka,Rabi,4064,28.4,115400.22
Cotton,Maharashtra,Rabi,3269,17.78,58125.61
Rice,Tamil Nadu,Rabi,3552,24.66,87582.19
Wheat,Punjab,Rabi,4479,32.69,146429.12
Wheat,Tamil Nadu,Rabi,2661,19.3,51355.53
Soybean,Karnataka,Kharif,715,33.21,23747.31
Cotton,Punjab,Kharif,4688,29.08,136334.68
Cotton,Gujarat,Rabi,1814,25.19,45686.25
Maize,Punjab,Rabi,3951,19.17,75756.17
Wheat,Gujarat,Rabi,4836,19.39,93747.91
Soybean,Punjab,Rabi,3840,29.46,113124.81
Soybean,Maharashtra,Kharif,1401,15.38,21546.26
Wheat,Tamil Nadu,Rabi,3381,20.11,68003.35
Soybean,Karnataka,Rabi,1429,29.29,41857.8
Cotton,Maharashtra,Kharif,3758,22.81,85711.38
Wheat,Gujarat,Rabi,1809,29.31,53020.57
Wheat,Karnataka,Kharif,502,19.97,10024.83
Soybean,Gujarat,Kharif,4274,23.01,98326.75
Wheat,Gujarat,Kharif,756,33.68,25461.08
Cotton,Maharashtra,Kharif,984,29.89,29412.51
Soybean,Tamil Nadu,Kharif,3474,29.13,101196.83
Wheat,Gujarat,Rabi,1016,30.82,31312.44
Maize,Maharashtra,Kharif,765,22.82,17456.43
Soybean,Tamil Nadu,Kharif,2332,21.43,49968.24
Cotton,Punjab,Kharif,2936,28.67,84185.15
Soybean,Maharashtra,Kharif,3461,22.62,78297.38
Rice,Gujarat,Rabi,2647,25.47,67428.54
Maize,Gujarat,Rabi,4516,34.0,153525.08
Maize,Punjab,Kharif,3100,28.33,87832.41
Wheat,Gujarat,Kharif,950,29.24,27778.79
Soybean,Gujarat,Kharif,2539,26.27,66695.53
Cotton,Punjab,Kharif,2660,16.79,44648.43
Rice,Tamil Nadu,Kharif,3304,32.57,107604.51
Cotton,Punjab,Rabi,2774,25.9,71857.95
Rice,Tamil Nadu,Kharif,4032,29.33,118239.79
Cotton,Gujarat,Kharif,3085,19.64,60585.71
Wheat,Punjab,Kharif,1553,33.33,51761.94
Soybean,Punjab,Kharif,2018,29.97,60470.37
Wheat,Maharashtra,Kharif,4019,18.69,75105.92
Maize,Punjab,Rabi,1235,17.75,21919.87
Maize,Karnataka,Rabi,2586,15.33,39656.11
Wheat,Karnataka,Rabi,3238,29.93,96928.25
Wheat,Karnataka,Kharif,1054,34.1,35936.88
Maize,Maharashtra,Rabi,2284,23.34,53298.2
Wheat,Tamil Nadu,Kharif,1680,25.68,43148.5
Cotton,Gujarat,Kharif,1587,33.34,52915.83
Rice,Punjab,Rabi,1427,32.82,46830.29
Cotton,Gujarat,Kharif,3026,17.68,53503.21
Wheat,Tamil Nadu,Kharif,1430,29.23,41793.99
Rice,Punjab,Rabi,4957,16.95,84005.17
Rice,Tamil Nadu,Rabi,716,30.32,21712.01
Wheat,Karnataka,Rabi,969,21.67,20995.77
Rice,Maharashtra,Rabi,3576,22.98,82174.38
Maize,Gujarat,Rabi,4264,34.81,148416.34
Maize,Gujarat,Kharif,634,21.28,13492.2
Soybean,Punjab,Kharif,1396,34.74,48494.29
Soybean,Maharashtra,Rabi,2165,32.64,70668.27
Cotton,Maharashtra,Rabi,1608,31.16,50102.61
Soybean,Punjab,Rabi,4211,15.28,64328.28
Soybean,Maharashtra,Kharif,3186,29.63,94405.48
Cotton,Karnataka,Kharif,3668,30.4,111489.25
Rice,Maharashtra,Rabi,2874,23.22,66733.77
Rice,Karnataka,Rabi,4425,15.58,68952.02
Maize,Tamil Nadu,Kharif,1749,15.98,27954.2
Rice,Gujarat,Kharif,3333,23.67,78901.97
Cotton,Maharashtra,Kharif,4000,29.04,116151.56
Cotton,Tamil Nadu,Rabi,1246,30.6,38130.79
Cotton,Tamil Nadu,Rabi,4059,25.26,102510.61
Wheat,Punjab,Kharif,4273,33.27,142154.63
Rice,Punjab,Rabi,2933,23.17,67971.44
Rice,Maharashtra,Kharif,1315,24.48,32189.96
Wheat,Gujarat,Kharif,4106,26.14,107328.21
Wheat,Punjab,Kharif,685,34.91,23911.67
Wheat,Karnataka,Kharif,3874,31.58,122330.99
Wheat,Karnataka,Kharif,1433,28.35,40623.94
Wheat,Gujarat,Kharif,757,15.69,11874.59
Wheat,Karnataka,Kharif,2532,22.48,56914.34
Soybean,Punjab,Rabi,1301,27.88,36275.03
Cotton,Punjab,Rabi,2611,16.98,44327.04
Cotton,Tamil Nadu,Rabi,782,28.33,22156.32
Maize,Maharashtra,Rabi,1847,16.35,30205.67
Cotton,Punjab,Kharif,818,23.54,19252.38
Rice,Gujarat,Kharif,4715,27.48,129560.82
Cotton,Gujarat,Rabi,4398,22.3,98063.1
Cotton,Tamil Nadu,Kharif,4174,19.17,79994.78
Wheat,Gujarat,Rabi,3467,29.71,103020.49
Rice,Tamil Nadu,Rabi,3578,18.8,67271.8
Maize,Punjab,Kharif,4679,17.05,79775.0
Rice,Maharashtra,Kharif,1792,17.6,31536.17
Rice,Gujarat,Rabi,4898,23.25,113890.24
Maize,Maharashtra,Rabi,4089,18.19,74366.12
Cotton,Karnataka,Rabi,2874,29.98,86173.6
Soybean,Karnataka,Kharif,3619,23.89,86471.35
Maize,Maharashtra,Rabi,1156,22.69,26233.58
Maize,Punjab,Rabi,1305,17.55,22902.59
Maize,Tamil Nadu,Kharif,1163,33.93,39457.82
Wheat,Punjab,Rabi,841,20.43,17182.18
Cotton,Karnataka,Kharif,3148,28.57,89942.74
Cotton,Tamil Nadu,Kharif,2417,21.27,51402.52
Cotton,Punjab,Kharif,4696,27.05,127028.61
Maize,Tamil Nadu,Kharif,894,26.26,23480.0
Wheat,Maharashtra,Kharif,3647,15.42,56224.37
Maize,Karnataka,Kharif,4207,28.58,120239.95
Wheat,Gujarat,Rabi,3661,30.45,111473.23
Cotton,Punjab,Rabi,777,23.17,18000.03
Wheat,Maharashtra,Rabi,2400,26.56,63740.36
Maize,Tamil Nadu,Kharif,4623,31.72,146646.45
Wheat,Punjab,Rabi,1799,33.32,59949.39
Wheat,Tamil Nadu,Rabi,4088,22.17,90632.44
Maize,Maharashtra,Rabi,929,29.2,27130.92
Maize,Maharashtra,Kharif,1903,25.57,48660.01
Wheat,Tamil Nadu,Kharif,3666,27.32,100145.49
Cotton,Maharashtra,Kharif,1350,17.11,23103.81
Maize,Punjab,Kharif,3511,22.57,79231.26
Rice,Punjab,Kharif,2499,32.01,79981.17
Maize,Gujarat,Kharif,3904,33.75,131741.24
Maize,Maharashtra,Rabi,830,19.74,16382.38
Wheat,Punjab,Rabi,1274,21.17,26972.79
Wheat,Gujarat,Rabi,2322,29.55,68622.37
Wheat,Tamil Nadu,Rabi,1703,28.35,48274.2
Cotton,Punjab,Rabi,2974,29.3,87147.19
Cotton,Karnataka,Rabi,3944,34.2,134883.14
Rice,Karnataka,Kharif,2068,19.33,39972.21
Cotton,Gujarat,Kharif,2104,22.6,47553.1
Soybean,Gujarat,Rabi,740,22.8,16869.03
Rice,Karnataka,Kharif,3205,31.27,100210.82
Rice,Tamil Nadu,Rabi,4935,17.82,87943.34
Rice,Tamil Nadu,Rabi,4928,23.75,117043.11
Cotton,Gujarat,Kharif,3162,16.62,52568.23
Maize,Gujarat,Rabi,2374,32.25,76567.26
Maize,Karnataka,Kharif,3211,32.45,104207.1
Soybean,Maharashtra,Kharif,2112,25.31,53451.41
Maize,Tamil Nadu,Kharif,4569,31.85,145542.88
Maize,Karnataka,Kharif,1162,29.13,33845.57
Wheat,Gujarat,Rabi,3692,18.54,68452.18
Rice,Maharashtra,Rabi,565,19.92,11256.38
Wheat,Karnataka,Kharif,1752,33.45,58599.86
Maize,Karnataka,Rabi,4446,30.12,133902.85
Rice,Punjab,Kharif,4162,16.35,68059.53
Cotton,Gujarat,Kharif,935,24.07,22506.6
Maize,Maharashtra,Kharif,2337,33.97,79376.25
Rice,Tamil Nadu,Kharif,1519,24.27,36861.35
Cotton,Punjab,Kharif,4072,25.98,105781.89
Wheat,Karnataka,Kharif,1422,31.59,44914.41
Maize,Maharashtra,Rabi,3295,23.3,76776.1
Wheat,Punjab,Kharif,4638,26.14,121235.71
Soybean,Gujarat,Kharif,4929,22.86,112657.47
Wheat,Tamil Nadu,Rabi,601,26.86,16142.28
Soybean,Karnataka,Kharif,3194,17.64,56326.31
Cotton,Maharashtra,Kharif,4902,18.95,92915.49
Wheat,Gujarat,Kharif,3600,32.57,117241.73
Wheat,Punjab,Kharif,3834,21.06,80756.4
Cotton,Punjab,Kharif,3965,34.62,137285.6
Soybean,Punjab,Kharif,1938,32.88,63718.48
Soybean,Maharashtra,Rabi,3050,30.42,92781.88
Maize,Gujarat,Rabi,2358,32.12,75733.17
Rice,Tamil Nadu,Rabi,4853,31.65,153585.78
Wheat,Maharashtra,Kharif,4224,33.93,143326.49
Cotton,Tamil Nadu,Kharif,4563,30.74,140274.5
Maize,Punjab,Kharif,3188,29.45,93895.84
Soybean,Maharashtra,Kharif,1551,28.88,44797.19
Maize,Tamil Nadu,Rabi,3156,19.84,62627.86
Rice,Maharashtra,Kharif,2102,32.79,68917.7
Cotton,Tamil Nadu,Rabi,3780,28.76,108699.33
Rice,Punjab,Kharif,4562,15.29,69759.92
Maize,Karnataka,Kharif,3722,17.41,64785.12
Wheat,Gujarat,Rabi,3269,31.87,104191.51
Maize,Karnataka,Rabi,3695,19.74,72954.95
Cotton,Gujarat,Kharif,1723,32.06,55243.12
Maize,Tamil Nadu,Kharif,4451,18.73,83362.09
Cotton,Karnataka,Rabi,778,28.17,21919.98
Maize,Karnataka,Rabi,3320,15.22,50516.22
Maize,Punjab,Rabi,1158,33.02,38234.5
Soybean,Tamil Nadu,Rabi,4786,16.73,80084.9
Maize,Tamil Nadu,Kharif,1056,17.37,18341.55
Wheat,Tamil Nadu,Kharif,1812,19.43,35203.82
Rice,Punjab,Kharif,3769,31.53,118826.5
Rice,Karnataka,Rabi,3265,15.18,49551.53
Rice,Punjab,Kharif,1898,19.71,37411.21
Cotton,Maharashtra,Kharif,4158,27.66,115000.51
Rice,Tamil Nadu,Rabi,2673,23.64,63200.62
Wheat,Punjab,Kharif,1631,32.92,53692.38
Wheat,Tamil Nadu,Rabi,3630,18.49,67121.45
Rice,Karnataka,Kharif,1513,34.74,52556.89
Maize,Tamil Nadu,Kharif,1871,31.1,58184.08
Maize,Maharashtra,Rabi,996,27.97,27853.78
Cotton,Gujarat,Rabi,654,31.81,20803.18
Cotton,Punjab,Kharif,659,28.6,18846.19
Wheat,Karnataka,Kharif,1660,23.78,39478.47
Maize,Gujarat,Kharif,699,30.66,21432.67
Wheat,Tamil Nadu,Rabi,4354,17.13,74589.7
Maize,Maharashtra,Rabi,4822,29.45,141984.48
Soybean,Tamil Nadu,Rabi,1617,33.12,53549.22
Soybean,Maharashtra,Rabi,2247,33.18,74548.59
Wheat,Karnataka,Rabi,3536,24.52,86704.18
Cotton,Tamil Nadu,Kharif,2428,16.67,40486.01
Maize,Maharashtra,Rabi,2694,33.76,90962.52
Soybean,Maharashtra,Rabi,3803,19.14,72805.86
Maize,Tamil Nadu,Rabi,2822,27.98,78946.83
Soybean,Karnataka,Rabi,1885,15.0,28283.26
Rice,Gujarat,Kharif,3540,30.97,109627.9
Soybean,Gujarat,Rabi,2896,32.5,94132.93
Wheat,Tamil Nadu,Kharif,2655,27.88,74033.35
Maize,Maharashtra,Rabi,4711,31.62,148962.28
Wheat,Karnataka,Rabi,2637,19.21,50654.21
Soybean,Karnataka,Kharif,3142,34.52,108474.91
Soybean,Gujarat,Kharif,4863,33.87,164721.99
Rice,Tamil Nadu,Kharif,3993,29.61,118216.33
Rice,Tamil Nadu,Kharif,4993,31.61,157841.14
Cotton,Maharashtra,Kharif,4510,26.59,119901.21
Soybean,Karnataka,Kharif,500,28.55,14272.55
Maize,Karnataka,Kharif,3356,34.54,115926.31
Maize,Tamil Nadu,Rabi,1412,33.41,47168.59
Maize,Maharashtra,Rabi,2499,30.63,76555.32
Maize,Punjab,Rabi,4841,22.19,107400.16
Rice,Gujarat,Kharif,2424,24.18,58602.72
Maize,Maharashtra,Kharif,2007,32.83,65894.67
Cotton,Gujarat,Rabi,605,26.04,15753.92
Wheat,Gujarat,Rabi,1836,15.91,29203.46
Wheat,Gujarat,Kharif,3519,25.29,88983.83
Soybean,Gujarat,Rabi,3098,31.59,97866.54
Wheat,Punjab,Kharif,4231,34.7,146827.89
Wheat,Gujarat,Rabi,1999,29.13,58240.2
Cotton,Gujarat,Kharif,3558,15.75,56038.08
Rice,Maharashtra,Rabi,2295,18.35,42103.58
Cotton,Punjab,Kharif,3366,21.04,70836.38
Cotton,Punjab,Kharif,3874,15.88,61511.44
Cotton,Maharashtra,Rabi,2822,26.84,75736.54
Wheat,Karnataka,Rabi,3092,31.07,96055.1
Wheat,Tamil Nadu,Kharif,2266,22.31,50545.54
Soybean,Karnataka,Rabi,4809,29.9,143786.67
Cotton,Tamil Nadu,Rabi,4853,17.87,86746.02
Wheat,Maharashtra,Rabi,2734,18.73,51201.18
Rice,Gujarat,Kharif,4744,21.09,100062.65
Maize,Tamil Nadu,Kharif,4810,31.14,149771.91
Wheat,Punjab,Kharif,1344,16.17,21726.73
Wheat,Punjab,Kharif,4436,34.16,151555.03
Wheat,Punjab,Kharif,3686,22.52,83017.22
Rice,Tamil Nadu,Kharif,3872,30.33,117453.57
Cotton,Karnataka,Rabi,1828,27.52,50315.63
Wheat,Punjab,Kharif,4794,23.6,113139.44
Wheat,Punjab,Kharif,4420,24.92,110144.16
Rice,Tamil Nadu,Kharif,3090,20.57,63571.81
Wheat,Maharashtra,Kharif,3451,28.49,98322.29
Soybean,Punjab,Rabi,904,33.62,30395.64
Soybean,Karnataka,Kharif,4655,30.19,140540.76
Wheat,Punjab,Rabi,2997,20.29,60797.21
Maize,Gujarat,Kharif,2794,27.62,77175.28
Cotton,Punjab,Kharif,4944,34.74,171751.47
Wheat,Tamil Nadu,Kharif,4642,25.56,118641.87
Maize,Tamil Nadu,Rabi,2759,32.77,90400.8
Rice,Tamil Nadu,Kharif,574,18.25,10473.84
Maize,Gujarat,Kharif,1041,23.02,23961.11
Maize,Tamil Nadu,Rabi,3839,27.49,105529.06
Soybean,Maharashtra,Rabi,2285,17.59,40202.0
Maize,Karnataka,Kharif,4125,19.69,81237.13
Maize,Tamil Nadu,Kharif,4972,21.86,108690.54
Rice,Maharashtra,Rabi,3806,25.53,97173.98
Rice,Maharashtra,Rabi,1922,29.64,56976.24
Maize,Karnataka,Kharif,1002,29.62,29675.92
Cotton,Tamil Nadu,Kharif,1029,34.6,35602.24
Rice,Karnataka,Kharif,4482,34.26,153554.74
Wheat,Punjab,Kharif,3964,28.97,114822.97
Cotton,Karnataka,Rabi,4155,28.69,119201.05
Wheat,Punjab,Rabi,2445,20.57,50303.79
Maize,Maharashtra,Kharif,959,30.46,29212.53
Cotton,Maharashtra,Rabi,2732,27.71,75699.72
Cotton,Maharashtra,Kharif,935,24.39,22806.92
Cotton,Tamil Nadu,Rabi,3420,31.85,108932.9
Soybean,Maharashtra,Rabi,980,31.66,31026.48
Maize,Karnataka,Rabi,587,31.26,18347.65
Maize,Maharashtra,Rabi,2212,18.7,41357.36
Wheat,Punjab,Rabi,4697,15.04,70635.43
Soybean,Karnataka,Rabi,1014,31.38,31815.52
Maize,Gujarat,Rabi,510,29.52,15054.79
Rice,Gujarat,Rabi,2979,15.32,45633.41
Maize,Punjab,Rabi,2348,21.46,50385.86
Rice,Karnataka,Rabi,2343,24.41,57182.07
Soybean,Maharashtra,Kharif,1853,32.47,60173.84
Maize,Karnataka,Kharif,1619,16.39,26533.59
Rice,Maharashtra,Kharif,4147,15.94,66116.92
Soybean,Tamil Nadu,Kharif,1982,17.18,34054.37
Soybean,Punjab,Kharif,4739,33.4,158282.53
Cotton,Tamil Nadu,Kharif,2178,31.92,69524.9
Soybean,Punjab,Rabi,2946,29.05,85569.08
Rice,Maharashtra,Kharif,4944,21.52,106381.24
Rice,Punjab,Kharif,1408,29.15,41048.69
Wheat,Gujarat,Kharif,1388,24.04,33363.39
Soybean,Maharashtra,Kharif,754,21.43,16159.43
Soybean,Karnataka,Kharif,4751,15.01,71313.12
Cotton,Gujarat,Rabi,1095,15.34,16795.09
Rice,Maharashtra,Kharif,2525,17.69,44678.24
Maize,Gujarat,Rabi,649,24.7,16028.28
Rice,Punjab,Kharif,3251,27.99,90983.22
Wheat,Punjab,Kharif,4565,26.94,122994.92
Cotton,Punjab,Rabi,1853,21.08,39068.4
Soybean,Tamil Nadu,Kharif,4222,29.08,122780.0
Wheat,Gujarat,Rabi,3173,20.21,64128.82
Maize,Punjab,Kharif,4448,33.02,146878.01
Soybean,Punjab,Kharif,921,20.45,18835.48
Rice,Gujarat,Kharif,1129,16.36,18471.64
Cotton,Karnataka,Kharif,2786,20.9,58230.08
Maize,Tamil Nadu,Kharif,2605,21.09,54929.38
Maize,Maharashtra,Kharif,4149,30.32,125801.79
Wheat,Maharashtra,Kharif,1650,17.6,29034.75
Maize,Maharashtra,Rabi,2395,26.86,64319.66
Soybean,Gujarat,Kharif,3464,16.61,57522.24
Maize,Punjab,Kharif,2592,28.78,74608.81
Soybean,Karnataka,Kharif,3577,22.22,79489.82
Maize,Karnataka,Rabi,4177,18.85,78752.39
Maize,Punjab,Rabi,2399,17.37,41680.68
Cotton,Punjab,Rabi,972,17.65,17157.28
Cotton,Karnataka,Rabi,3379,19.16,64736.93
Soybean,Tamil Nadu,Kharif,3352,32.37,108494.52
Soybean,Punjab,Rabi,2898,23.51,68133.65
Maize,Maharashtra,Kharif,4933,23.7,116891.36
Soybean,Gujarat,Kharif,2334,25.42,59326.04
Soybean,Karnataka,Kharif,2074,24.74,51317.29
Soybean,Punjab,Rabi,617,31.65,19525.7
Maize,Punjab,Kharif,768,20.27,15565.23
Maize,Maharashtra,Rabi,651,33.6,21872.36
Cotton,Tamil Nadu,Kharif,739,16.89,12480.28
Maize,Punjab,Rabi,4694,33.32,156400.01
Wheat,Karnataka,Kharif,2718,32.2,87530.1
Rice,Tamil Nadu,Rabi,2266,31.28,70878.48
Wheat,Maharashtra,Rabi,3734,24.4,91122.53
Rice,Tamil Nadu,Kharif,3930,27.99,110011.89
Wheat,Karnataka,Kharif,1396,34.82,48614.91
Maize,Tamil Nadu,Rabi,2200,25.32,55703.83
Wheat,Punjab,Kharif,3944,21.97,86651.62
Cotton,Punjab,Kharif,810,32.11,26007.72
Cotton,Gujarat,Rabi,2749,32.33,88874.16
Maize,Gujarat,Kharif,4217,28.57,120491.28
Wheat,Tamil Nadu,Kharif,4450,34.77,154721.81
Wheat,Tamil Nadu,Rabi,1284,27.32,35072.79
Soybean,Gujarat,Kharif,3994,30.08,120126.96
Wheat,Gujarat,Rabi,878,17.16,15067.9
Cotton,Karnataka,Kharif,2043,27.82,56831.49
Maize,Punjab,Kharif,1224,25.77,31544.89
Soybean,Tamil Nadu,Kharif,2412,32.93,79430.55
Rice,Karnataka,Kharif,3285,24.64,80937.9
Wheat,Gujarat,Rabi,1656,22.82,37787.91
Cotton,Tamil Nadu,Kharif,1268,22.72,28805.56
Maize,Gujarat,Kharif,1502,25.26,37943.72
Cotton,Maharashtra,Kharif,3005,31.56,94847.96
Soybean,Gujarat,Kharif,4793,23.96,114859.99
Cotton,Punjab,Rabi,1910,27.22,51990.02
Rice,Karnataka,Kharif,1822,19.5,35531.53
Maize,Maharashtra,Kharif,1030,24.04,24760.3
Soybean,Karnataka,Kharif,2783,34.37,95664.76
Soybean,Tamil Nadu,Kharif,3178,20.36,64717.16
Soybean,Gujarat,Kharif,4785,15.08,72149.05
Maize,Gujarat,Rabi,3001,30.28,90862.18
Cotton,Karnataka,Kharif,3713,21.63,80293.63
Rice,Tamil Nadu,Kharif,2681,34.99,93807.44
Maize,Karnataka,Kharif,4328,20.03,86706.27
Rice,Karnataka,Rabi,2258,28.71,64829.44
Wheat,Gujarat,Kharif,2884,29.95,86369.37
Maize,Tamil Nadu,Kharif,4637,24.37,112989.87
Cotton,Punjab,Kharif,4771,22.46,107154.96
Rice,Karnataka,Kharif,2904,31.63,91843.76
Soybean,Karnataka,Kharif,2460,22.15,54500.81
Cotton,Gujarat,Kharif,1735,22.01,38194.49
Maize,Maharashtra,Rabi,4557,29.81,135826.88
Maize,Maharashtra,Kharif,2659,24.43,64959.02
Wheat,Karnataka,Rabi,3861,19.8,76447.8
Rice,Punjab,Rabi,1896,23.8,45128.23
Cotton,Gujarat,Rabi,791,21.58,17071.19
Rice,Punjab,Rabi,4661,27.33,127398.77
Rice,Maharashtra,Rabi,4066,19.7,80086.12
Cotton,Tamil Nadu,Rabi,2627,25.58,67207.81
Rice,Punjab,Kharif,2035,21.68,44111.08
Maize,Gujarat,Rabi,1498,24.15,36176.75
Rice,Gujarat,Kharif,1841,17.11,31491.78
Cotton,Karnataka,Rabi,1101,23.51,25880.15
Maize,Maharashtra,Rabi,2963,34.6,102531.11
Maize,Punjab,Kharif,3601,20.46,73684.17
Maize,Karnataka,Rabi,790,28.49,22506.44
Wheat,Karnataka,Kharif,1378,17.84,24581.12
Wheat,Gujarat,Rabi,3973,29.97,119090.3
Wheat,Karnataka,Rabi,1952,32.1,62667.08
Cotton,Maharashtra,Rabi,1108,23.02,25504.24
Soybean,Tamil Nadu,Kharif,2877,26.34,75794.1
Cotton,Tamil Nadu,Rabi,2888,23.06,66584.01
Soybean,Gujarat,Rabi,974,26.85,26148.07
Soybean,Gujarat,Rabi,4725,29.24,138174.21
Wheat,Gujarat,Kharif,3764,32.47,122200.44
Cotton,Gujarat,Kharif,2606,33.03,86066.0
Cotton,Gujarat,Rabi,1948,26.71,52033.13
Wheat,Maharashtra,Kharif,2617,30.15,78912.08
Wheat,Gujarat,Rabi,2726,32.35,88193.43
Rice,Gujarat,Rabi,4600,29.79,137054.65
Wheat,Maharashtra,Kharif,1993,32.96,65695.34
Cotton,Punjab,Rabi,1777,19.14,34015.8
Soybean,Maharashtra,Kharif,3523,26.11,91990.0
Soybean,Maharashtra,Rabi,2447,17.99,44021.7
Soybean,Tamil Nadu,Rabi,3188,16.66,53116.67
Cotton,Maharashtra,Rabi,824,29.77,24532.45
Maize,Maharashtra,Kharif,1388,30.8,42756.39
Cotton,Gujarat,Kharif,1962,32.5,63768.1
Soybean,Gujarat,Rabi,938,16.63,15597.99
Maize,Gujarat,Kharif,3195,16.49,52683.9
Cotton,Karnataka,Rabi,2262,23.78,53784.71
Maize,Maharashtra,Rabi,2012,21.25,42762.29
Rice,Gujarat,Rabi,4868,15.77,76777.5
Rice,Punjab,Rabi,2813,23.37,65742.85
Cotton,Gujarat,Kharif,3902,19.14,74669.64
Maize,Tamil Nadu,Rabi,4962,29.78,147791.4
Rice,Maharashtra,Kharif,3392,18.88,64043.05
Soybean,Maharashtra,Kharif,779,15.55,12115.32
Wheat,Maharashtra,Rabi,3854,29.69,114428.54
Soybean,Punjab,Kharif,1419,20.71,29389.95
Rice,Maharashtra,Kharif,4463,18.13,80894.29
Wheat,Maharashtra,Kharif,965,17.53,16913.71
Rice,Tamil Nadu,Kharif,4864,27.82,135295.51
Rice,Tamil Nadu,Rabi,678,16.99,11521.22
Rice,Karnataka,Kharif,2072,31.2,64640.88
Rice,Karnataka,Rabi,2823,21.02,59330.31
Wheat,Gujarat,Kharif,3200,25.31,80979.09
Maize,Karnataka,Kharif,3989,33.79,134768.94
Rice,Maharashtra,Rabi,2146,24.06,51629.01
Rice,Tamil Nadu,Kharif,1978,22.77,45036.7
Maize,Tamil Nadu,Rabi,784,28.04,21979.46
Soybean,Maharashtra,Rabi,4190,17.42,72976.58
Cotton,Punjab,Kharif,4017,24.26,97435.54
Wheat,Punjab,Rabi,1255,31.23,39195.71
Wheat,Punjab,Rabi,1535,28.3,43433.08
Soybean,Punjab,Kharif,2514,25.04,62951.13
Wheat,Punjab,Kharif,657,25.84,16978.69
Soybean,Maharashtra,Kharif,2275,23.99,54580.98
Cotton,Punjab,Kharif,1753,34.19,59935.99
Rice,Gujarat,Kharif,2193,28.54,62586.1
Rice,Gujarat,Rabi,2277,34.79,79223.6
Cotton,Karnataka,Kharif,1395,21.26,29653.41
Maize,Karnataka,Kharif,4129,26.81,110688.2
Soybean,Gujarat,Kharif,1042,31.83,33162.38
Cotton,Tamil Nadu,Kharif,4314,25.74,111034.65
Wheat,Maharashtra,Kharif,909,24.9,22631.11
Rice,Punjab,Rabi,4202,21.33,89627.88
Soybean,Gujarat,Rabi,879,18.84,16563.35
Soybean,Maharashtra,Kharif,1828,34.58,63210.42
Cotton,Punjab,Rabi,1465,30.22,44266.46
Maize,Punjab,Kharif,1328,17.68,23480.68
Maize,Gujarat,Rabi,2116,34.52,73046.32
Soybean,Punjab,Rabi,1632,28.89,47153.88
Rice,Maharashtra,Kharif,1787,24.38,43574.55
Soybean,Tamil Nadu,Rabi,558,21.76,12144.42
Maize,Maharashtra,Rabi,3334,32.74,109162.46
Cotton,Punjab,Rabi,4697,30.63,143876.85
Maize,Karnataka,Rabi,2755,20.54,56585.8
Maize,Maharashtra,Rabi,1157,24.28,28096.23
Wheat,Tamil Nadu,Rabi,2726,28.24,76979.59
Rice,Gujarat,Rabi,1361,28.54,38849.38
Cotton,Gujarat,Kharif,3325,26.71,88823.86
Cotton,Maharashtra,Rabi,3870,18.97,73403.03
Rice,Maharashtra,Kharif,4120,31.9,131416.94
Soybean,Punjab,Kharif,2140,22.22,47554.06
Maize,Karnataka,Kharif,2275,17.21,39154.19
Maize,Gujarat,Kharif,1313,16.95,22253.79
Maize,Maharashtra,Kharif,2260,18.52,41866.0
Rice,Gujarat,Kharif,967,24.83,24012.21
Maize,Karnataka,Rabi,988,21.5,21237.92
Maize,Gujarat,Rabi,617,18.46,11392.49
Wheat,Gujarat,Kharif,4856,32.16,156148.89
Soybean,Karnataka,Rabi,3539,26.95,95379.06
Rice,Tamil Nadu,Kharif,4996,34.72,173469.36
Rice,Maharashtra,Rabi,4108,18.29,75136.92
Cotton,Punjab,Kharif,3521,26.75,94200.82
Soybean,Gujarat,Kharif,2597,16.63,43182.17
Rice,Karnataka,Rabi,4039,31.68,127938.38
Cotton,Punjab,Rabi,4614,27.21,125541.52
Cotton,Maharashtra,Rabi,4942,19.16,94702.91
Wheat,Gujarat,Kharif,1004,21.18,21262.78
Rice,Maharashtra,Rabi,4840,16.48,79745.15
Rice,Gujarat,Rabi,2523,31.26,78873.4
Maize,Tamil Nadu,Rabi,3069,30.62,93978.98
Wheat,Tamil Nadu,Rabi,2318,29.34,68019.92
Maize,Punjab,Kharif,4085,25.13,102657.48
Soybean,Punjab,Rabi,2812,28.39,79822.42
Maize,Gujarat,Kharif,3435,30.92,106226.83
Maize,Tamil Nadu,Kharif,1826,27.34,49925.11
Rice,Gujarat,Kharif,634,31.5,19971.37
Soybean,Punjab,Kharif,3507,26.85,94173.88
Wheat,Tamil Nadu,Kharif,680,30.67,20855.28
Maize,Punjab,Kharif,585,16.13,9437.82
Wheat,Karnataka,Rabi,2383,17.2,40992.4
Cotton,Maharashtra,Kharif,4488,24.73,110984.59
Soybean,Punjab,Kharif,2276,33.85,77039.46
Wheat,Gujarat,Kharif,3084,33.89,104511.98
Rice,Tamil Nadu,Kharif,3080,17.3,53299.12
Cotton,Gujarat,Rabi,4546,26.48,120380.43
Cotton,Tamil Nadu,Rabi,2653,23.83,63227.28
Cotton,Punjab,Rabi,2131,32.64,69546.99
Rice,Punjab,Kharif,2793,21.97,61348.46
Maize,Karnataka,Kharif,1558,30.23,47098.15
Soybean,Tamil Nadu,Kharif,1371,32.12,44038.09
Cotton,Punjab,Rabi,1185,31.35,37150.3
Rice,Punjab,Kharif,2444,18.49,45196.46
Maize,Karnataka,Kharif,3378,17.67,59694.22
Wheat,Gujarat,Kharif,2264,16.54,37446.11
Maize,Gujarat,Kharif,3870,32.68,126454.42
Soybean,Tamil Nadu,Kharif,3223,31.85,102666.78
Wheat,Tamil Nadu,Kharif,2686,19.25,51705.59
Wheat,Punjab,Kharif,4773,33.32,159024.21
Rice,Tamil Nadu,Rabi,1478,26.84,39672.09
Maize,Tamil Nadu,Rabi,3123,16.57,51762.32
Rice,Punjab,Rabi,3283,20.91,68663.9
Cotton,Karnataka,Rabi,4003,32.93,131811.16
Cotton,Tamil Nadu,Rabi,3011,33.53,100965.44
Wheat,Tamil Nadu,Rabi,1716,26.57,45585.8
Cotton,Punjab,Rabi,1017,28.99,29483.59
Soybean,Punjab,Kharif,3828,31.66,121212.34
Rice,Maharashtra,Kharif,1970,19.23,37883.45
Cotton,Karnataka,Rabi,2867,25.43,72898.52
Cotton,Maharashtra,Kharif,2315,32.41,75022.36
Wheat,Tamil Nadu,Rabi,723,15.74,11381.9
Maize,Karnataka,Kharif,4919,21.53,105929.07
Cotton,Tamil Nadu,Kharif,1708,17.36,29655.84
Cotton,Gujarat,Kharif,3753,18.56,69669.03
Maize,Tamil Nadu,Rabi,2165,33.14,71749.32
Maize,Maharashtra,Rabi,2908,19.43,56511.77
Maize,Maharashtra,Kharif,4658,26.87,125178.81
Rice,Tamil Nadu,Kharif,3751,17.87,67032.0
Maize,Maharashtra,Kharif,735,20.32,14934.79
Wheat,Tamil Nadu,Kharif,1657,22.67,37563.18
Maize,Maharashtra,Kharif,2124,15.97,33915.22
Soybean,Gujarat,Kharif,3510,27.59,96855.31
Wheat,Punjab,Rabi,4130,32.31,133420.65
Soybean,Punjab,Rabi,3329,34.81,115876.54
Wheat,Gujarat,Rabi,2242,33.86,75915.42
Rice,Gujarat,Rabi,1880,15.43,29015.74
Wheat,Tamil Nadu,Rabi,1081,23.71,25631.65
Maize,Maharashtra,Rabi,1920,18.7,35905.25
Wheat,Maharashtra,Rabi,3487,24.89,86801.62
Maize,Punjab,Rabi,3037,23.01,69872.0
Maize,Maharashtra,Kharif,4947,34.03,168352.72
Soybean,Tamil Nadu,Kharif,2655,21.04,55853.86
Soybean,Gujarat,Kharif,4811,31.1,149623.82
Wheat,Tamil Nadu,Rabi,3477,32.77,113943.23
Cotton,Karnataka,Kharif,1221,26.15,31932.52
Soybean,Karnataka,Kharif,3834,27.31,104695.37
Soybean,Karnataka,Rabi,3205,30.61,98099.67
Cotton,Gujarat,Kharif,2715,27.52,74717.78
Cotton,Punjab,Kharif,1211,16.37,19820.56
Cotton,Gujarat,Rabi,2140,31.91,68280.75
Soybean,Tamil Nadu,Rabi,2157,30.15,65037.42
Rice,Karnataka,Rabi,1632,16.84,27477.1
Maize,Karnataka,Rabi,4517,32.47,146648.72
Soybean,Punjab,Rabi,640,26.06,16677.34
Soybean,Maharashtra,Rabi,4503,19.7,88698.57
Rice,Punjab,Kharif,1783,34.16,60915.44
Cotton,Gujarat,Rabi,2609,28.25,73691.21
Rice,Karnataka,Kharif,4760,22.83,108677.04
Maize,Maharashtra,Kharif,2152,21.42,46095.31
Wheat,Karnataka,Kharif,1154,30.91,35668.96
Rice,Punjab,Rabi,4401,22.18,97626.97
Soybean,Maharashtra,Kharif,3213,31.27,100482.33
Cotton,Tamil Nadu,Rabi,2127,17.69,37632.13
Soybean,Karnataka,Rabi,1797,32.97,59245.83
Soybean,Tamil Nadu,Rabi,3847,23.84,91708.5
Soybean,Karnataka,Rabi,2564,29.77,76328.15
Cotton,Karnataka,Kharif,703,23.88,16785.06
Rice,Karnataka,Kharif,2092,17.77,37165.57
Rice,Tamil Nadu,Rabi,2151,27.66,59494.7
Soybean,Maharashtra,Kharif,2952,18.27,53946.26
Cotton,Gujarat,Kharif,3591,34.96,125533.2
Soybean,Punjab,Rabi,4865,22.49,109426.19
Rice,Karnataka,Rabi,4456,20.02,89227.67
Rice,Maharashtra,Rabi,4558,16.1,73368.0
Maize,Tamil Nadu,Rabi,1652,22.74,37571.15
Wheat,Punjab,Rabi,1293,15.97,20654.98
Wheat,Gujarat,Kharif,1726,30.4,52473.98
Wheat,Maharashtra,Kharif,709,34.84,24700.59
Maize,Tamil Nadu,Kharif,1495,31.85,47610.14
Soybean,Gujarat,Kharif,4384,15.26,66901.67
Maize,Maharashtra,Rabi,2470,33.23,82088.47
Soybean,Gujarat,Kharif,2578,23.19,59776.45
Soybean,Tamil Nadu,Kharif,1143,23.63,27003.48
Rice,Karnataka,Kharif,2499,19.03,47547.94
Soybean,Gujarat,Rabi,2866,34.58,99101.75
Wheat,Tamil Nadu,Kharif,3176,29.25,92891.19
Cotton,Gujarat,Kharif,1529,22.31,34114.83
Maize,Punjab,Kharif,2650,29.77,78888.5
Maize,Punjab,Rabi,607,17.99,10918.95
Wheat,Tamil Nadu,Kharif,659,27.43,18076.96
Rice,Karnataka,Kharif,806,33.1,26681.94
Maize,Maharashtra,Rabi,1132,23.34,26419.77
Soybean,Punjab,Kharif,4811,22.18,106688.01
Maize,Tamil Nadu,Kharif,2090,18.14,37904.97
Maize,Tamil Nadu,Kharif,4735,29.32,138813.37
Wheat,Punjab,Kharif,2933,32.96,96684.16
Rice,Karnataka,Kharif,3232,19.22,62112.91
Maize,Karnataka,Rabi,577,29.2,16850.88
Wheat,Maharashtra,Rabi,2387,34.9,83315.97
Rice,Maharashtra,Rabi,1468,26.37,38706.72
Wheat,Gujarat,Kharif,2902,32.17,93369.95
Cotton,Maharashtra,Rabi,2062,25.15,51852.63
Soybean,Punjab,Kharif,3434,18.87,64804.67
Maize,Maharashtra,Kharif,4615,19.7,90897.74
Maize,Gujarat,Rabi,1306,15.13,19760.71
Rice,Karnataka,Rabi,1840,17.33,31887.18
Cotton,Gujarat,Rabi,1924,19.22,36970.24
Soybean,Tamil Nadu,Rabi,2807,32.21,90408.18
Soybean,Maharashtra,Rabi,925,26.22,24249.87
Cotton,Tamil Nadu,Rabi,3121,31.01,96784.22
Maize,Gujarat,Kharif,2316,19.64,45477.9
Wheat,Gujarat,Rabi,1433,29.62,42452.09
Rice,Gujarat,Kharif,3057,31.0,94772.99
Soybean,Tamil Nadu,Kharif,3900,27.59,107591.21
Wheat,Karnataka,Rabi,1240,28.73,35627.38
Maize,Gujarat,Kharif,2096,34.55,72420.39
Maize,Maharashtra,Rabi,2843,34.07,96870.64
Rice,Gujarat,Kharif,2597,33.26,86364.47
Wheat,Gujarat,Kharif,2467,27.35,67465.23
Cotton,Maharashtra,Rabi,1198,29.08,34832.7
Maize,Maharashtra,Kharif,3078,32.13,98905.22
Wheat,Punjab,Rabi,1299,26.5,34417.21
Cotton,Gujarat,Rabi,2365,28.25,66814.29
Soybean,Gujarat,Kharif,1031,19.89,20509.51
Rice,Gujarat,Rabi,2609,18.48,48205.75
Rice,Punjab,Rabi,3485,32.79,114284.02
Rice,Maharashtra,Rabi,1565,21.47,33599.16
Rice,Tamil Nadu,Kharif,1121,15.66,17550.83
Cotton,Karnataka,Rabi,2802,19.08,53474.75
Cotton,Tamil Nadu,Kharif,3294,17.85,58796.85
Maize,Punjab,Rabi,1209,24.72,29886.13
Soybean,Maharashtra,Kharif,685,26.05,17841.5
Soybean,Punjab,Kharif,3219,15.33,49359.89
Rice,Karnataka,Kharif,3941,19.93,78529.37
Maize,Gujarat,Rabi,4968,27.48,136531.73
Wheat,Gujarat,Rabi,3495,30.0,104837.04
Soybean,Tamil Nadu,Rabi,867,34.62,30017.19
Rice,Tamil Nadu,Kharif,1392,29.5,41066.1
Wheat,Gujarat,Kharif,1171,19.39,22700.1
Rice,Tamil Nadu,Rabi,1948,17.75,34585.21
Maize,Karnataka,Kharif,1446,21.51,31102.61
Soybean,Maharashtra,Kharif,1107,27.4,30333.11
Cotton,Gujarat,Kharif,1400,30.0,41996.9
Cotton,Gujarat,Rabi,4245,29.62,125747.41
Soybean,Maharashtra,Kharif,2617,15.99,41850.07
Wheat,Karnataka,Kharif,1378,16.1,22189.37
Maize,Maharashtra,Rabi,743,18.5,13748.55
Wheat,Karnataka,Rabi,2831,34.6,97965.66
Soybean,Tamil Nadu,Kharif,3812,33.79,128819.81
Wheat,Tamil Nadu,Rabi,1361,30.29,41228.26
Rice,Gujarat,Kharif,4445,25.25,112244.14
Cotton,Karnataka,Kharif,2708,29.69,80404.37
Rice,Gujarat,Kharif,2031,15.9,32288.62
Soybean,Karnataka,Kharif,3397,25.88,87917.15
Rice,Tamil Nadu,Kharif,2591,28.05,72677.23
Wheat,Punjab,Kharif,3538,22.31,78924.19
Maize,Tamil Nadu,Rabi,2904,17.1,49650.99
Rice,Tamil Nadu,Rabi,755,29.71,22427.81
Soybean,Punjab,Rabi,3238,23.01,74499.94
Rice,Maharashtra,Kharif,961,23.43,22516.19
Soybean,Karnataka,Rabi,944,19.31,18232.23
Wheat,Karnataka,Kharif,2489,20.97,52205.48
Wheat,Maharashtra,Kharif,3175,29.12,92463.49
Wheat,Tamil Nadu,Rabi,542,21.96,11899.71
Wheat,Karnataka,Kharif,4476,25.25,113035.7
Rice,Punjab,Rabi,2770,33.73,93426.45
Rice,Gujarat,Rabi,3393,33.7,114357.59
Cotton,Punjab,Kharif,4297,21.29,91473.92
Maize,Maharashtra,Kharif,3710,16.18,60015.12
Maize,Karnataka,Kharif,3077,26.89,82731.34
Cotton,Punjab,Kharif,1698,27.41,46546.52
Wheat,Gujarat,Kharif,2039,16.43,33494.72
Maize,Punjab,Kharif,2971,27.16,80704.31
Rice,Tamil Nadu,Rabi,3210,21.73,69737.56
Cotton,Punjab,Kharif,2051,27.53,56469.73
Maize,Tamil Nadu,Rabi,4096,30.8,126138.87
Cotton,Karnataka,Rabi,1569,26.69,41879.6
Cotton,Tamil Nadu,Kharif,2947,16.24,47860.17
Rice,Gujarat,Kharif,4916,34.6,170106.59
Rice,Tamil Nadu,Rabi,1085,18.35,19905.04
Soybean,Tamil Nadu,Rabi,2651,22.1,58591.08
Soybean,Tamil Nadu,Kharif,2067,32.41,66996.35
Wheat,Gujarat,Rabi,4664,15.87,74035.97
Cotton,Punjab,Kharif,3321,17.64,58587.83
Maize,Karnataka,Rabi,2827,22.77,64369.3
Rice,Karnataka,Rabi,2230,28.62,63830.4
Cotton,Tamil Nadu,Rabi,723,27.85,20135.19
Cotton,Gujarat,Kharif,3217,27.4,88136.65
Soybean,Gujarat,Kharif,4292,18.74,80444.71
Rice,Karnataka,Rabi,1566,22.42,35108.0
Rice,Tamil Nadu,Rabi,3113,23.26,72419.74
Cotton,Gujarat,Rabi,3798,25.98,98681.57
Wheat,Karnataka,Rabi,1685,31.28,52704.2
Cotton,Gujarat,Kharif,4224,33.09,139760.18
Soybean,Gujarat,Rabi,2040,33.09,67511.57
Soybean,Maharashtra,Rabi,2502,30.71,76831.49
Soybean,Punjab,Kharif,2341,23.5,55022.16
Rice,Tamil Nadu,Rabi,943,27.79,26209.65
Maize,Punjab,Kharif,4954,18.65,92405.62
Wheat,Karnataka,Kharif,3384,23.98,81158.86
Soybean,Karnataka,Rabi,863,25.44,21952.72
Rice,Punjab,Kharif,4307,29.33,126310.26
Cotton,Punjab,Rabi,4843,30.5,147704.8
Rice,Gujarat,Kharif,4471,30.85,137945.45
Maize,Gujarat,Rabi,1161,29.59,34351.64
Maize,Punjab,Rabi,3233,22.98,74307.25
Maize,Punjab,Kharif,4662,33.72,157214.04
Maize,Tamil Nadu,Rabi,4584,16.89,77437.67
Rice,Tamil Nadu,Kharif,761,19.79,15061.61
Rice,Tamil Nadu,Rabi,1188,20.7,24587.36
Maize,Punjab,Rabi,4973,15.09,75028.16
Maize,Tamil Nadu,Rabi,1950,25.11,48963.34
Wheat,Punjab,Rabi,4314,22.21,95812.95
Wheat,Gujarat,Rabi,3682,18.3,67369.59
Soybean,Punjab,Rabi,4703,26.23,123364.02
Cotton,Gujarat,Kharif,4044,30.71,124180.49
Soybean,Tamil Nadu,Kharif,4234,24.23,102576.34
Soybean,Gujarat,Kharif,2665,32.17,85723.66
Maize,Maharashtra,Rabi,2182,16.59,36196.2
Wheat,Maharashtra,Rabi,913,25.8,23551.98
Cotton,Gujarat,Kharif,3283,28.67,94120.08
Wheat,Punjab,Rabi,930,20.37,18943.71
Maize,Gujarat,Rabi,2473,18.48,45707.93
Cotton,Punjab,Rabi,4081,21.03,85812.2
Cotton,Tamil Nadu,Kharif,3561,31.24,111233.38
Wheat,Punjab,Rabi,876,18.99,16637.57
Wheat,Karnataka,Rabi,749,18.63,13954.19
Wheat,Maharashtra,Kharif,4148,25.67,106462.48
Maize,Karnataka,Rabi,4726,15.09,71312.25
Wheat,Tamil Nadu,Rabi,4964,18.17,90213.69
Maize,Punjab,Rabi,4563,17.56,80140.17
Rice,Maharashtra,Rabi,1458,32.6,47536.45
Rice,Karnataka,Kharif,1425,29.53,42073.32
Wheat,Maharashtra,Kharif,661,28.67,18950.77
Maize,Maharashtra,Rabi,1753,22.44,39345.46
Rice,Tamil Nadu,Kharif,1898,16.31,30964.44
Wheat,Gujarat,Kharif,4692,29.09,136501.99
Maize,Punjab,Rabi,2718,17.59,47819.58
Maize,Tamil Nadu,Kharif,3140,28.03,88025.76
Rice,Maharashtra,Kharif,2174,34.33,74624.86
Maize,Tamil Nadu,Kharif,2483,25.36,62978.83
Cotton,Karnataka,Rabi,2904,27.3,79288.82
Cotton,Karnataka,Kharif,3714,34.11,126669.13
Soybean,Maharashtra,Rabi,1324,23.32,30871.65
Soybean,Tamil Nadu,Rabi,2799,17.84,49926.13
Soybean,Gujarat,Kharif,1125,31.84,35821.64
Wheat,Punjab,Kharif,1136,26.82,30469.77
Cotton,Tamil Nadu,Rabi,3112,24.26,75499.14
Soybean,Tamil Nadu,Kharif,3714,27.46,101977.89
Wheat,Maharashtra,Kharif,4492,32.06,144009.81
Cotton,Gujarat,Rabi,3462,17.69,61228.78
Cotton,Tamil Nadu,Kharif,4530,31.71,143625.18
Rice,Gujarat,Rabi,3569,20.1,71722.87
Cotton,Tamil Nadu,Rabi,1438,34.92,50222.11
Wheat,Maharashtra,Rabi,3306,23.12,76441.18
Cotton,Karnataka,Rabi,1783,20.76,37014.85
Soybean,Punjab,Rabi,4205,21.32,89649.79
Wheat,Maharashtra,Kharif,4163,33.41,139093.27
Maize,Tamil Nadu,Rabi,3329,19.76,65788.45
Cotton,Gujarat,Kharif,2276,32.54,74063.01
Rice,Punjab,Rabi,1446,27.9,40337.93
Maize,Punjab,Kharif,521,26.91,14019.67
Maize,Karnataka,Kharif,2269,26.01,59016.89
Rice,Punjab,Rabi,4377,21.22,92881.48
Rice,Tamil Nadu,Kharif,3045,26.31,80101.35
Rice,Tamil Nadu,Kharif,3049,29.75,90696.54
Maize,Tamil Nadu,Rabi,779,30.45,23722.16
Cotton,Karnataka,Kharif,4929,34.12,168186.17
Soybean,Tamil Nadu,Rabi,1772,25.24,44724.36
Wheat,Tamil Nadu,Rabi,3333,29.25,97492.14
Cotton,Tamil Nadu,Rabi,3946,29.51,116433.68
Maize,Punjab,Rabi,1708,23.6,40309.61
Rice,Maharashtra,Kharif,3025,20.86,63092.5
Cotton,Gujarat,Kharif,3841,31.42,120678.13
Maize,Punjab,Rabi,4051,17.75,71904.1
Wheat,Maharashtra,Kharif,3130,17.84,55841.28
Wheat,Tamil Nadu,Kharif,2892,16.88,48821.72
Maize,Gujarat,Kharif,981,29.5,28939.87
Maize,Karnataka,Kharif,889,33.0,29337.51
Rice,Gujarat,Kharif,4151,22.51,93426.19
Rice,Gujarat,Kharif,3626,26.07,94516.47
Rice,Karnataka,Kharif,4377,29.98,131221.35
Wheat,Tamil Nadu,Rabi,4861,20.25,98456.38
Soybean,Punjab,Kharif,4485,31.68,142097.81
Maize,Karnataka,Rabi,1468,30.08,44160.39
Soybean,Tamil Nadu,Rabi,2773,26.68,73977.91
Maize,Gujarat,Kharif,4394,26.2,115130.57
Rice,Karnataka,Kharif,1046,22.25,23276.6
Rice,Gujarat,Rabi,1431,33.45,47865.8
Maize,Maharashtra,Rabi,2271,20.3,46096.8
Rice,Gujarat,Rabi,1789,30.29,54184.27
Wheat,Gujarat,Rabi,2868,19.8,56792.87
Cotton,Gujarat,Kharif,1675,32.97,55228.73
Wheat,Karnataka,Rabi,1227,18.9,23192.33
Wheat,Gujarat,Kharif,3796,21.87,83007.16
Maize,Gujarat,Kharif,4473,20.38,91177.07
Wheat,Gujarat,Kharif,4370,26.91,117580.31
Rice,Maharashtra,Kharif,2419,26.11,63168.54
Wheat,Karnataka,Kharif,4759,32.27,153577.23
Soybean,Maharashtra,Rabi,2825,16.2,45757.7
Soybean,Gujarat,Kharif,2228,29.3,65281.57
Cotton,Karnataka,Kharif,3228,31.22,100790.03
Maize,Punjab,Kharif,1394,32.38,45137.73
Cotton,Gujarat,Kharif,1002,15.16,15185.78
Rice,Tamil Nadu,Rabi,1548,15.16,23467.83
Rice,Karnataka,Rabi,3782,18.4,69595.13
Cotton,Tamil Nadu,Rabi,846,15.31,12951.92
Rice,Punjab,Rabi,2474,31.11,76959.98
Wheat,Tamil Nadu,Rabi,1950,30.1,58689.02
Wheat,Maharashtra,Kharif,2867,26.77,76756.83
Cotton,Maharashtra,Rabi,1775,34.11,60550.79
Cotton,Gujarat,Rabi,3672,34.04,124986.77
Rice,Punjab,Rabi,3834,27.89,106921.01
Maize,Maharashtra,Kharif,1862,31.22,58124.31
Soybean,Punjab,Kharif,3157,26.16,82588.08
Soybean,Tamil Nadu,Rabi,2640,31.67,83606.75
Rice,Karnataka,Kharif,970,16.07,15587.84
Soybean,Tamil Nadu,Rabi,3401,21.92,74540.2
Maize,Gujarat,Rabi,2276,28.48,64821.22
Wheat,Karnataka,Kharif,1006,27.48,27642.98
Rice,Maharashtra,Kharif,1038,20.19,20954.0
Soybean,Maharashtra,Rabi,4960,16.98,84241.21
Soybean,Maharashtra,Rabi,1449,18.95,27456.02
Soybean,Karnataka,Rabi,1531,15.78,24151.77
Cotton,Maharashtra,Rabi,2431,20.31,49384.79
Wheat,Tamil Nadu,Kharif,1360,25.77,35045.43
Cotton,Gujarat,Rabi,1658,23.87,39580.95
Cotton,Tamil Nadu,Rabi,3974,20.34,80825.39
Maize,Punjab,Kharif,4896,31.33,153379.51
Wheat,Tamil Nadu,Rabi,1147,30.77,35293.84
Cotton,Tamil Nadu,Kharif,3431,15.74,54004.37
Wheat,Karnataka,Kharif,1578,34.04,53721.84
Rice,Maharashtra,Kharif,1432,15.26,21855.41
Cotton,Punjab,Rabi,3653,29.52,107822.55
Rice,Gujarat,Kharif,3198,33.93,108513.99
Maize,Gujarat,Kharif,801,34.4,27556.56
Cotton,Karnataka,Rabi,1560,34.24,53420.28
Cotton,Maharashtra,Rabi,1041,23.94,24922.42
Soybean,Maharashtra,Kharif,4302,23.89,102758.61
Rice,Tamil Nadu,Kharif,2370,31.51,74673.37
Wheat,Punjab,Kharif,831,21.04,17487.58
Soybean,Gujarat,Rabi,3344,21.05,70407.89
Cotton,Maharashtra,Rabi,3582,19.85,71106.08
Rice,Punjab,Kharif,3821,20.15,76993.15
Rice,Maharashtra,Rabi,3061,22.68,69417.87
Cotton,Punjab,Rabi,4698,33.22,156058.59
Rice,Maharashtra,Rabi,1580,26.17,41345.48
Cotton,Gujarat,Kharif,680,31.13,21165.49
Maize,Punjab,Rabi,3539,16.08,56910.95
Rice,Karnataka,Rabi,4687,28.56,133862.88
Rice,Punjab,Rabi,4034,24.28,97959.28
Rice,Punjab,Rabi,911,31.99,29142.8
Rice,Tamil Nadu,Rabi,4250,29.46,125213.87
Wheat,Tamil Nadu,Rabi,2464,32.29,79564.56
Soybean,Tamil Nadu,Kharif,2127,27.39,58250.27
Soybean,Tamil Nadu,Kharif,725,29.29,21231.76
Wheat,Punjab,Kharif,3731,24.53,91532.5
Soybean,Gujarat,Kharif,3173,28.44,90240.65
Cotton,Gujarat,Rabi,3952,34.46,136194.28
Wheat,Karnataka,Rabi,2155,23.73,51128.16
Wheat,Tamil Nadu,Rabi,3448,15.17,52316.9
Soybean,Maharashtra,Rabi,2543,27.67,70363.4
Soybean,Gujarat,Rabi,4998,26.05,130202.92
Maize,Gujarat,Rabi,4652,16.86,78450.0
Soybean,Karnataka,Kharif,3642,34.6,126019.25
Cotton,Gujarat,Rabi,3044,33.26,101249.88
Soybean,Tamil Nadu,Kharif,3294,16.9,55682.66
Cotton,Karnataka,Rabi,1699,20.81,35351.83
Soybean,Maharashtra,Rabi,3117,34.05,106140.0
Rice,Punjab,Kharif,3204,33.22,106436.55
Soybean,Maharashtra,Kharif,1175,23.42,27522.58
Cotton,Punjab,Rabi,2606,29.54,76973.7
Wheat,Karnataka,Rabi,779,15.73,12256.65
Soybean,Punjab,Rabi,3134,33.4,104671.71
Cotton,Tamil Nadu,Kharif,2785,27.41,76349.33
Rice,Maharashtra,Kharif,3039,31.31,95145.28
Rice,Gujarat,Kharif,1302,19.62,25544.19
Rice,Karnataka,Kharif,2788,17.02,47438.05
Wheat,Karnataka,Kharif,4214,33.87,142745.23
Cotton,Karnataka,Rabi,2288,31.9,72994.78
Soybean,Karnataka,Rabi,790,26.56,20978.88
Soybean,Maharashtra,Rabi,4184,19.91,83296.82
Wheat,Punjab,Kharif,615,18.43,11336.29
Maize,Gujarat,Rabi,2962,32.68,96783.73
Soybean,Punjab,Rabi,2293,26.21,60093.08
Maize,Maharashtra,Rabi,3260,16.56,53980.61
Cotton,Gujarat,Rabi,628,23.01,14451.72
Rice,Punjab,Rabi,1189,28.45,33825.41
Soybean,Tamil Nadu,Kharif,4983,23.12,115194.43
Soybean,Tamil Nadu,Kharif,2329,15.55,36221.72
Maize,Karnataka,Kharif,4385,26.03,114161.31
Soybean,Maharashtra,Kharif,3612,25.83,93295.38
Wheat,Tamil Nadu,Kharif,1015,26.75,27156.16
Cotton,Karnataka,Rabi,4378,33.58,147001.38
Rice,Tamil Nadu,Rabi,1975,18.99,37513.71
Maize,Tamil Nadu,Rabi,666,28.12,18728.39
Rice,Tamil Nadu,Rabi,3037,23.42,71127.63
Soybean,Karnataka,Rabi,2897,18.16,52609.31
Cotton,Tamil Nadu,Rabi,1305,19.66,25650.99
Rice,Tamil Nadu,Kharif,906,33.23,30106.86
Rice,Karnataka,Kharif,1275,26.35,33596.24
Soybean,Tamil Nadu,Rabi,3723,24.24,90241.0
Wheat,Tamil Nadu,Rabi,4090,21.21,86730.53
Wheat,Maharashtra,Rabi,2406,23.78,57222.18
Cotton,Karnataka,Rabi,503,15.08,7582.76
Soybean,Maharashtra,Kharif,4568,25.26,115375.9
Cotton,Punjab,Kharif,3070,34.27,105197.98
Soybean,Punjab,Rabi,4244,21.92,93027.13
Rice,Gujarat,Kharif,1015,31.48,31954.48
Rice,Tamil Nadu,Kharif,1238,31.87,39452.78
Wheat,Punjab,Rabi,4659,26.87,125207.77
Maize,Gujarat,Rabi,4164,20.99,87386.52
Cotton,Punjab,Kharif,2411,33.58,80956.91
Maize,Tamil Nadu,Rabi,3136,34.5,108200.03
Maize,Gujarat,Rabi,1703,33.93,57776.88
Soybean,Tamil Nadu,Rabi,1219,16.92,20624.24
Rice,Punjab,Rabi,1605,22.78,36558.89
Maize,Tamil Nadu,Kharif,1241,17.86,22160.46
Maize,Gujarat,Rabi,4810,29.68,142750.46
Soybean,Karnataka,Kharif,2802,23.14,64851.15
Wheat,Tamil Nadu,Kharif,3123,33.89,105837.95
Cotton,Gujarat,Rabi,3784,32.58,123264.23
Soybean,Tamil Nadu,Kharif,3925,15.02,58967.55
Cotton,Tamil Nadu,Rabi,2195,15.96,35028.75
Wheat,Gujarat,Kharif,3794,17.87,67781.4
Wheat,Gujarat,Kharif,831,21.88,18178.74
Wheat,Tamil Nadu,Rabi,2978,28.5,84872.44
Wheat,Maharashtra,Kharif,878,33.93,29793.58
Cotton,Maharashtra,Kharif,1243,29.91,37182.63
Rice,Punjab,Kharif,3816,22.53,85967.1
Cotton,Tamil Nadu,Rabi,3377,20.95,70765.02
Rice,Punjab,Kharif,3739,23.94,89527.22
Wheat,Maharashtra,Rabi,770,24.78,19078.72
Rice,Maharashtra,Kharif,4856,19.09,92685.73
Wheat,Punjab,Kharif,507,28.94,14670.53
Maize,Punjab,Rabi,999,19.5,19476.64
Maize,Gujarat,Kharif,4906,32.54,159652.71
Soybean,Punjab,Kharif,640,16.45,10526.37
Cotton,Punjab,Kharif,2929,25.78,75503.25
Rice,Maharashtra,Kharif,2575,26.76,68898.82
Soybean,Karnataka,Rabi,1018,31.11,31666.17
Maize,Gujarat,Kharif,3378,23.86,80595.12
Maize,Punjab,Rabi,2950,27.82,82067.5
Wheat,Punjab,Rabi,4202,18.12,76135.87
Wheat,Gujarat,Rabi,1299,27.15,35272.27
Rice,Maharashtra,Kharif,4189,15.57,65222.53
Rice,Tamil Nadu,Kharif,2112,29.97,63302.97
Maize,Karnataka,Rabi,2170,20.63,44772.72
Rice,Punjab,Kharif,2182,17.83,38914.74
Wheat,Punjab,Rabi,2299,34.09,78377.11
Wheat,Maharashtra,Kharif,1117,33.24,37128.28
Rice,Karnataka,Kharif,1996,27.27,54432.74
Wheat,Punjab,Rabi,2467,23.85,58831.15
Wheat,Gujarat,Rabi,2082,18.45,38408.04
Soybean,Gujarat,Rabi,4217,25.47,107397.83
Maize,Maharashtra,Kharif,1340,20.43,27381.77
Wheat,Tamil Nadu,Rabi,2925,17.62,51528.05
Wheat,Punjab,Kharif,1962,17.07,33483.25
Cotton,Maharashtra,Kharif,3494,27.53,96181.52
Rice,Karnataka,Kharif,1241,30.13,37395.22
Soybean,Karnataka,Rabi,4793,17.3,82902.58
Rice,Punjab,Kharif,4303,31.86,137092.27
Wheat,Gujarat,Rabi,2242,29.07,65176.21
Soybean,Punjab,Kharif,2042,22.75,46454.29
Cotton,Maharashtra,Rabi,1312,34.19,44859.59
Wheat,Gujarat,Rabi,4465,16.22,72410.95
Wheat,Punjab,Kharif,1474,32.48,47877.94
Maize,Punjab,Kharif,4565,19.61,89515.3
Soybean,Karnataka,Rabi,3957,24.85,98326.36
Rice,Punjab,Rabi,3301,28.87,95289.68
Wheat,Gujarat,Kharif,1837,29.47,54128.01
Maize,Karnataka,Kharif,2409,33.66,81077.51
Soybean,Maharashtra,Kharif,3770,33.56,126532.62
Wheat,Tamil Nadu,Rabi,3962,30.55,121022.09
Cotton,Punjab,Rabi,3265,19.69,64301.8
Cotton,Maharashtra,Kharif,3105,28.95,89876.29
Wheat,Punjab,Rabi,2181,18.48,40302.28
Cotton,Punjab,Kharif,2732,31.03,84778.38
Soybean,Karnataka,Kharif,4038,16.72,67497.51
Cotton,Punjab,Kharif,961,27.19,26125.37
Soybean,Gujarat,Rabi,666,20.16,13427.9
Cotton,Tamil Nadu,Rabi,1542,26.29,40537.27
Rice,Tamil Nadu,Kharif,2770,17.33,48009.94
Soybean,Tamil Nadu,Kharif,2367,16.08,38052.76
Wheat,Karnataka,Rabi,2217,32.64,72353.4
Soybean,Maharashtra,Rabi,696,28.38,19751.98
Maize,Punjab,Rabi,4497,24.05,108158.54
Rice,Maharashtra,Kharif,2038,17.17,34995.39
Cotton,Maharashtra,Rabi,4971,25.77,128091.23
Maize,Tamil Nadu,Rabi,4530,19.76,89503.29
Wheat,Maharashtra,Kharif,3502,22.34,78245.34
Rice,Tamil Nadu,Kharif,1003,27.56,27646.29
Maize,Maharashtra,Rabi,1188,22.12,26282.75
Cotton,Gujarat,Rabi,4495,25.46,114458.31
Wheat,Punjab,Kharif,4596,34.34,157818.45
Cotton,Gujarat,Rabi,2724,31.79,86583.61
Cotton,Maharashtra,Kharif,1161,20.9,24264.84
Soybean,Punjab,Kharif,759,20.53,15584.51
Cotton,Punjab,Kharif,2290,21.63,49525.2
Cotton,Maharashtra,Rabi,4206,26.34,110766.51
Rice,Gujarat,Kharif,4604,17.87,82272.95
Wheat,Tamil Nadu,Rabi,4302,29.0,124748.31
Wheat,Gujarat,Kharif,4606,15.43,71066.0
Soybean,Punjab,Rabi,771,34.02,26227.23
Maize,Punjab,Kharif,1328,19.37,25728.32
Maize,Maharashtra,Rabi,3629,19.88,72156.62
Maize,Tamil Nadu,Rabi,586,18.02,10557.12
Cotton,Maharashtra,Rabi,2101,25.44,53443.12
Rice,Maharashtra,Kharif,3438,19.27,66247.89
Maize,Maharashtra,Kharif,857,31.51,27005.33
Cotton,Punjab,Kharif,1678,22.97,38551.48
Maize,Tamil Nadu,Rabi,3393,33.47,113567.47
Wheat,Gujarat,Kharif,4762,22.51,107201.43
Maize,Gujarat,Kharif,3013,15.08,45438.4
Soybean,Gujarat,Rabi,4280,29.81,127570.06
Soybean,Karnataka,Rabi,661,30.78,20343.54
Maize,Punjab,Kharif,4611,19.63,90504.16
Cotton,Tamil Nadu,Kharif,1580,27.09,42805.14
Cotton,Gujarat,Kharif,4745,15.64,74219.67
Maize,Karnataka,Kharif,1250,20.55,25691.3
Soybean,Karnataka,Rabi,4049,28.67,116071.92
Rice,Karnataka,Rabi,3970,26.3,104405.5
Soybean,Punjab,Kharif,2673,20.89,55845.43
Maize,Karnataka,Kharif,4594,31.89,146506.68
Soybean,Gujarat,Kharif,3772,22.16,83582.82
Soybean,Maharashtra,Rabi,580,33.29,19307.62
Rice,Punjab,Rabi,778,34.21,26617.84
Rice,Punjab,Rabi,3701,18.43,68204.92
Rice,Karnataka,Rabi,3616,29.46,106526.53
Cotton,Karnataka,Kharif,1076,17.47,18798.55
Soybean,Maharashtra,Kharif,4674,24.22,113183.9
Rice,Karnataka,Kharif,1314,33.61,44159.82
Cotton,Gujarat,Rabi,4600,16.98,78119.19
Soybean,Maharashtra,Kharif,2939,26.65,78314.88
Soybean,Punjab,Rabi,2372,32.8,77807.22
Soybean,Karnataka,Kharif,1869,25.25,47197.15
Rice,Gujarat,Rabi,4342,33.71,146358.34
Rice,Maharashtra,Kharif,3173,34.19,108479.38
Rice,Maharashtra,Rabi,2631,29.39,77332.12
Soybean,Tamil Nadu,Rabi,1392,28.58,39777.95
Cotton,Maharashtra,Rabi,928,30.32,28135.88
Rice,Gujarat,Rabi,4335,29.56,128164.13
Maize,Punjab,Kharif,4991,32.91,164266.25
Rice,Punjab,Kharif,3633,18.3,66467.09
Soybean,Punjab,Kharif,1191,16.06,19123.57
Cotton,Maharashtra,Rabi,3249,23.09,75028.57
Maize,Gujarat,Kharif,4459,23.48,104718.25
Maize,Karnataka,Kharif,2364,33.57,79362.08
Cotton,Maharashtra,Kharif,857,30.21,25886.94
Cotton,Tamil Nadu,Kharif,4329,29.88,129339.39
Rice,Punjab,Rabi,1464,20.37,29820.99
Rice,Karnataka,Kharif,3877,32.78,127106.13
Soybean,Tamil Nadu,Kharif,4758,20.19,96058.47
Cotton,Gujarat,Kharif,3566,20.31,72413.81
Wheat,Gujarat,Kharif,2686,30.64,82301.93
Soybean,Karnataka,Rabi,2092,34.66,72513.71
Soybean,Gujarat,Kharif,4620,30.36,140240.24
Maize,Maharashtra,Rabi,4037,20.27,81813.55
Wheat,Tamil Nadu,Kharif,1530,30.15,46135.63
Cotton,Gujarat,Rabi,4311,18.92,81550.7
Maize,Karnataka,Rabi,4281,15.75,67410.14
Soybean,Tamil Nadu,Rabi,4137,24.99,103377.47
Cotton,Gujarat,Kharif,2926,16.82,49219.36
Maize,Punjab,Rabi,3961,15.98,63278.12
Maize,Gujarat,Kharif,3532,15.64,55236.82
Soybean,Maharashtra,Kharif,3472,16.49,57238.91
Maize,Maharashtra,Rabi,3002,30.81,92480.92
Cotton,Karnataka,Rabi,2839,29.65,84164.19
Wheat,Karnataka,Rabi,2755,27.46,75640.55
Soybean,Gujarat,Rabi,1040,32.16,33450.42
Rice,Punjab,Rabi,1425,28.76,40984.65
Soybean,Karnataka,Rabi,4637,29.33,136013.9
Soybean,Karnataka,Rabi,3024,19.76,59743.97
Wheat,Maharashtra,Kharif,3178,34.05,108212.97
Rice,Karnataka,Kharif,1456,21.5,31301.37
Maize,Punjab,Rabi,1950,29.17,56883.69
Rice,Gujarat,Rabi,2432,30.4,73925.53
Cotton,Maharashtra,Rabi,2501,16.87,42187.4
Maize,Tamil Nadu,Rabi,552,32.34,17854.42
Cotton,Maharashtra,Kharif,4832,18.51,89422.74
Maize,Karnataka,Kharif,818,24.03,19655.34
Maize,Maharashtra,Kharif,3751,21.43,80398.58
Rice,Karnataka,Kharif,2704,34.16,92360.65
Soybean,Punjab,Kharif,2808,34.78,97654.29
Rice,Punjab,Kharif,1570,18.68,29330.98
Wheat,Tamil Nadu,Rabi,2430,17.07,41488.27
Rice,Maharashtra,Rabi,2521,30.55,77023.88
Wheat,Tamil Nadu,Rabi,3875,32.12,124451.89
Rice,Punjab,Rabi,2436,31.67,77139.25
Rice,Gujarat,Kharif,2475,29.22,72312.39
Rice,Punjab,Rabi,4612,18.81,86754.26
Rice,Maharashtra,Kharif,3295,18.51,60988.86
Soybean,Tamil Nadu,Rabi,4657,27.43,127762.75
Rice,Punjab,Rabi,918,32.98,30271.9
Cotton,Punjab,Rabi,740,30.05,22239.64
Rice,Karnataka,Rabi,1875,24.38,45710.4
Soybean,Karnataka,Rabi,3951,23.24,91838.26
Cotton,Punjab,Rabi,4737,28.61,135515.28
Rice,Gujarat,Kharif,4909,30.52,149815.73
Wheat,Karnataka,Rabi,4047,29.65,119974.78
Maize,Gujarat,Kharif,1574,16.28,25630.42
Soybean,Gujarat,Rabi,524,30.9,16193.82
Cotton,Gujarat,Kharif,2167,30.55,66212.59
Maize,Punjab,Rabi,1728,16.0,27648.66
Cotton,Punjab,Kharif,1241,26.28,32609.21
Wheat,Punjab,Rabi,4738,21.3,100941.36
Cotton,Maharashtra,Rabi,4902,29.54,144807.39
Wheat,Gujarat,Kharif,4445,16.57,73673.13
Rice,Gujarat,Kharif,1381,26.51,36610.66
Cotton,Tamil Nadu,Kharif,1398,24.71,34540.56
Rice,Maharashtra,Kharif,4903,21.12,103560.29
Rice,Punjab,Kharif,717,23.55,16887.23
Rice,Tamil Nadu,Kharif,2670,25.7,68625.11
Wheat,Punjab,Rabi,4037,26.45,106798.58
Maize,Maharashtra,Rabi,737,28.15,20748.71
Soybean,Maharashtra,Kharif,1715,25.17,43171.15
Rice,Punjab,Rabi,3434,27.51,94481.61
Rice,Punjab,Kharif,1161,31.55,36630.69
Wheat,Karnataka,Rabi,678,21.58,14628.98
Maize,Punjab,Kharif,1857,32.6,60535.41
Soybean,Punjab,Kharif,1233,27.22,33556.29
Rice,Karnataka,Rabi,720,27.61,19882.05
Maize,Maharashtra,Kharif,3967,24.07,95475.02
Soybean,Karnataka,Rabi,2533,22.68,57458.75
Soybean,Gujarat,Kharif,2452,34.09,83599.21
Rice,Tamil Nadu,Kharif,984,32.13,31613.01
Soybean,Gujarat,Kharif,1264,16.51,20866.41
Maize,Punjab,Rabi,2374,31.07,73758.43
Soybean,Karnataka,Kharif,4373,26.12,114227.51
Soybean,Karnataka,Kharif,3076,33.15,101964.48
Soybean,Tamil Nadu,Rabi,1162,23.09,26829.62
Wheat,Maharashtra,Kharif,2783,19.71,54865.79
Wheat,Punjab,Rabi,1128,15.8,17818.69
Rice,Karnataka,Kharif,1373,20.26,27819.39
Soybean,Punjab,Rabi,3668,22.89,83975.13
Soybean,Punjab,Kharif,3838,29.57,113494.41
Rice,Gujarat,Rabi,1024,28.51,29196.39
Maize,Gujarat,Kharif,3087,18.84,58153.87
Maize,Gujarat,Kharif,1863,15.35,28605.08
Rice,Tamil Nadu,Kharif,4310,22.37,96423.98
Soybean,Tamil Nadu,Rabi,4730,23.27,110070.89
Rice,Maharashtra,Kharif,1299,29.42,38215.02
Wheat,Gujarat,Rabi,822,30.99,25470.42
Cotton,Gujarat,Kharif,1868,28.32,52898.97
Rice,Maharashtra,Rabi,1064,17.47,18589.01
Soybean,Karnataka,Rabi,2315,18.3,42368.52
Rice,Gujarat,Kharif,4243,28.73,121887.67
Soybean,Karnataka,Kharif,965,24.75,23888.11
Wheat,Tamil Nadu,Kharif,2889,19.31,55785.88
Rice,Maharashtra,Rabi,4665,24.47,114148.79
Wheat,Karnataka,Kharif,736,23.21,17085.21
Soybean,Gujarat,Kharif,3341,16.49,55092.36
Cotton,Gujarat,Rabi,4126,30.58,126159.57
Soybean,Gujarat,Rabi,2439,18.34,44720.94
Maize,Maharashtra,Kharif,2869,15.5,44480.84
Maize,Tamil Nadu,Kharif,4439,18.45,81914.81
Maize,Gujarat,Rabi,1492,34.99,52202.38
Maize,Gujarat,Kharif,3054,32.2,98332.74
Wheat,Punjab,Rabi,3761,33.63,126478.02
Rice,Punjab,Rabi,2206,32.79,72325.21
Maize,Tamil Nadu,Kharif,2632,24.85,65402.2
Maize,Maharashtra,Rabi,4835,24.34,117667.45
Maize,Karnataka,Kharif,2627,17.14,45029.6
Wheat,Karnataka,Rabi,4609,16.8,77411.83
Rice,Gujarat,Rabi,2928,21.6,63239.7
Wheat,Maharashtra,Rabi,544,18.59,10115.54
Soybean,Gujarat,Rabi,4957,25.43,126052.95
Soybean,Punjab,Rabi,3042,23.2,70576.92
Maize,Punjab,Kharif,1599,25.2,40302.32
Maize,Gujarat,Rabi,1617,17.31,27992.93
Soybean,Karnataka,Kharif,1924,24.35,46852.02
Wheat,Maharashtra,Kharif,789,22.0,17354.54
Rice,Karnataka,Kharif,2455,31.24,76691.02
Wheat,Karnataka,Kharif,1300,29.03,37737.51
Soybean,Punjab,Rabi,3140,26.91,84499.79
Wheat,Karnataka,Kharif,1761,34.06,59974.29
Rice,Karnataka,Rabi,4416,24.36,107583.83
Maize,Punjab,Kharif,3520,33.43,117666.66
Maize,Gujarat,Kharif,3772,32.19,121432.24
Rice,Karnataka,Kharif,3000,32.9,98714.37
Soybean,Maharashtra,Rabi,2328,26.75,62268.56
Wheat,Karnataka,Rabi,1202,32.85,39480.62
Soybean,Maharashtra,Rabi,1504,17.27,25973.48
Cotton,Gujarat,Rabi,4430,28.63,126825.39
Maize,Maharashtra,Kharif,4651,23.94,111324.23
Cotton,Karnataka,Rabi,1107,33.57,37165.28
Soybean,Tamil Nadu,Rabi,4523,30.61,138432.33
Maize,Maharashtra,Kharif,1530,21.31,32603.79
Soybean,Gujarat,Kharif,1624,17.97,29176.33
Cotton,Gujarat,Kharif,2522,29.88,75362.56
Maize,Karnataka,Rabi,2826,25.54,72187.33
Rice,Tamil Nadu,Rabi,504,21.06,10612.81
Cotton,Gujarat,Rabi,1003,17.04,17088.29
Cotton,Tamil Nadu,Kharif,1058,20.05,21213.47
Soybean,Tamil Nadu,Kharif,630,33.23,20934.92
Cotton,Maharashtra,Kharif,3567,32.85,117176.79
Cotton,Punjab,Kharif,709,34.95,24781.19
Maize,Punjab,Kharif,3381,29.45,99578.32
Rice,Maharashtra,Rabi,2400,16.65,39958.35
Cotton,Punjab,Rabi,1369,32.31,44227.76
Maize,Maharashtra,Rabi,2019,34.25,69159.1
Rice,Tamil Nadu,Rabi,1111,23.42,26014.78
Maize,Karnataka,Kharif,2532,23.2,58741.12
Soybean,Karnataka,Rabi,3810,15.74,59953.27
Soybean,Gujarat,Rabi,4491,31.43,141144.06
Maize,Tamil Nadu,Rabi,1164,27.53,32042.03
Maize,Maharashtra,Kharif,2015,17.33,34925.84
Maize,Maharashtra,Rabi,4989,33.66,167905.05
Maize,Maharashtra,Kharif,2248,23.26,52279.91
Cotton,Karnataka,Rabi,2683,16.3,43742.67
Soybean,Maharashtra,Kharif,3350,16.08,53865.78
Wheat,Punjab,Kharif,809,29.71,24037.81
Cotton,Maharashtra,Kharif,3948,26.63,105131.37
Cotton,Tamil Nadu,Kharif,4690,33.02,154885.82
Cotton,Punjab,Kharif,2872,34.74,99780.14
Maize,Maharashtra,Rabi,743,21.61,16058.67
Wheat,Punjab,Rabi,1984,21.53,42717.29
Rice,Karnataka,Kharif,2915,20.88,60876.41
Rice,Punjab,Kharif,800,16.99,13589.69
Maize,Karnataka,Kharif,1056,19.8,20908.11
Cotton,Karnataka,Rabi,2273,27.86,63321.14
Wheat,Tamil Nadu,Rabi,2417,19.31,46676.68
Soybean,Gujarat,Rabi,2489,18.35,45673.56
Maize,Punjab,Kharif,2585,34.7,89711.13
Rice,Punjab,Kharif,3344,34.42,115113.95
Maize,Maharashtra,Rabi,3673,33.5,123060.89
Maize,Karnataka,Kharif,4191,34.63,145114.25
Cotton,Punjab,Kharif,4705,17.22,81035.6
Cotton,Punjab,Kharif,3873,15.18,58799.14
Wheat,Tamil Nadu,Rabi,2842,33.12,94117.77
Rice,Karnataka,Rabi,2332,20.65,48145.76
Wheat,Gujarat,Rabi,3081,31.44,96879.17
Wheat,Karnataka,Kharif,3315,25.39,84183.24
Wheat,Maharashtra,Rabi,4775,27.33,130484.26
Wheat,Tamil Nadu,Kharif,4377,34.61,151498.76
Soybean,Tamil Nadu,Kharif,1527,34.72,53020.79
Cotton,Karnataka,Rabi,2461,19.32,47535.51
Wheat,Gujarat,Rabi,1824,28.62,52201.4
Rice,Tamil Nadu,Kharif,1557,29.66,46182.37
Cotton,Tamil Nadu,Kharif,3066,33.37,102308.96
Cotton,Punjab,Rabi,636,23.08,14681.58
Soybean,Tamil Nadu,Kharif,4468,20.86,93192.4
Wheat,Karnataka,Rabi,3697,29.64,109597.52
Wheat,Maharashtra,Rabi,2227,28.89,64347.9
Wheat,Karnataka,Kharif,1799,33.17,59675.09
Cotton,Tamil Nadu,Rabi,4579,34.57,158304.22
Wheat,Karnataka,Rabi,534,32.78,17504.32
Rice,Gujarat,Rabi,1557,29.51,45940.45
Wheat,Karnataka,Rabi,2016,29.66,59794.79
Soybean,Maharashtra,Rabi,1595,15.06,24013.79
Maize,Gujarat,Rabi,1450,33.47,48538.14
Soybean,Tamil Nadu,Kharif,1436,28.42,40813.74
Rice,Tamil Nadu,Kharif,662,21.01,13909.79
Maize,Tamil Nadu,Rabi,4727,16.73,79094.66
Maize,Gujarat,Kharif,2390,31.67,75699.64
Soybean,Karnataka,Kharif,3614,15.62,56433.98
Rice,Maharashtra,Kharif,1629,33.84,55127.32
Cotton,Gujarat,Kharif,3552,22.83,81109.16
Cotton,Punjab,Rabi,4355,30.78,134063.28
Cotton,Karnataka,Kharif,1936,16.86,32650.21
Cotton,Punjab,Rabi,2184,15.23,33261.42
Rice,Karnataka,Kharif,4231,34.93,147788.92
Cotton,Punjab,Rabi,3435,22.11,75947.53
Wheat,Karnataka,Kharif,2172,31.23,67837.48
Soybean,Gujarat,Kharif,2453,31.07,76207.25
Wheat,Gujarat,Kharif,1237,25.24,31227.87
Maize,Karnataka,Kharif,1553,17.38,26992.24
Cotton,Tamil Nadu,Kharif,1973,28.06,55370.72
Maize,Maharashtra,Kharif,2475,29.18,72219.36
Maize,Karnataka,Rabi,3242,28.7,93037.4
Maize,Karnataka,Kharif,2417,17.19,41550.85
Maize,Karnataka,Rabi,3934,32.34,127209.6
Wheat,Karnataka,Rabi,778,32.96,25639.47
Cotton,Gujarat,Kharif,4104,18.58,76264.79
Rice,Tamil Nadu,Kharif,565,26.28,14849.91
Soybean,Maharashtra,Kharif,2842,21.0,59692.62
Rice,Punjab,Kharif,3817,33.26,126938.69
Maize,Karnataka,Rabi,3351,31.42,105282.77
Maize,Karnataka,Rabi,2421,23.47,56824.55
Maize,Punjab,Rabi,3070,25.23,77458.2
Cotton,Maharashtra,Kharif,1311,17.58,23047.28
Rice,Karnataka,Kharif,2107,31.7,66801.55
Soybean,Maharashtra,Kharif,834,29.5,24604.91
Soybean,Gujarat,Rabi,3056,19.1,58358.7
Maize,Punjab,Kharif,1965,24.92,48968.55
Soybean,Maharashtra,Rabi,1829,17.14,31345.98
Soybean,Karnataka,Rabi,1217,28.29,34428.58
Soybean,Maharashtra,Kharif,4156,32.63,135606.29
Rice,Karnataka,Rabi,3782,34.35,129908.52
Soybean,Tamil Nadu,Kharif,1142,26.31,30040.73
Soybean,Karnataka,Kharif,1320,33.1,43692.7
Wheat,Karnataka,Kharif,531,19.84,10533.78
Soybean,Karnataka,Rabi,2723,28.68,78099.54
Rice,Maharashtra,Kharif,1604,16.58,26596.58
Maize,Punjab,Kharif,984,30.1,29622.86
Soybean,Gujarat,Rabi,2604,24.16,62916.33
Rice,Gujarat,Rabi,1345,32.34,43497.64
Cotton,Maharashtra,Rabi,4863,30.38,147735.38
Wheat,Maharashtra,Kharif,530,22.77,12069.8
Soybean,Tamil Nadu,Rabi,1772,32.83,58182.45
Cotton,Punjab,Kharif,3412,21.56,73548.17
Soybean,Tamil Nadu,Rabi,3341,21.83,72930.46
Wheat,Maharashtra,Kharif,587,33.05,19402.03
Rice,Tamil Nadu,Kharif,2510,34.6,86857.81
Wheat,Tamil Nadu,Rabi,4073,23.53,95819.77
Rice,Punjab,Rabi,2848,23.51,66944.13
Cotton,Tamil Nadu,Rabi,3223,25.57,82408.55
Soybean,Maharashtra,Kharif,2222,26.87,59707.74
Maize,Maharashtra,Rabi,1835,18.23,33460.74
Maize,Punjab,Kharif,2090,20.49,42822.55
Rice,Punjab,Kharif,1813,28.67,51985.28
Wheat,Tamil Nadu,Rabi,3556,24.09,85652.42
Soybean,Tamil Nadu,Rabi,1739,34.74,60405.23
Cotton,Karnataka,Kharif,2592,17.14,44423.05
Soybean,Karnataka,Rabi,814,26.83,21837.35
Maize,Maharashtra,Kharif,4674,23.41,109404.46
Rice,Gujarat,Rabi,1916,23.93,45843.35
Soybean,Gujarat,Rabi,2253,29.39,66218.53
Soybean,Gujarat,Kharif,3589,22.76,81670.05
Maize,Tamil Nadu,Rabi,620,23.07,14303.03
Soybean,Karnataka,Kharif,1150,29.73,34189.25
Wheat,Punjab,Rabi,1840,29.78,54786.24
Cotton,Karnataka,Kharif,1465,32.89,48176.82
Rice,Gujarat,Kharif,4552,21.25,96712.75
Cotton,Karnataka,Kharif,2374,16.06,38135.43
Cotton,Gujarat,Kharif,1053,32.74,34475.33
Maize,Tamil Nadu,Kharif,856,29.43,25191.35
Soybean,Tamil Nadu,Kharif,513,27.07,13886.06
Wheat,Karnataka,Kharif,3162,16.23,51324.99
Maize,Punjab,Kharif,2060,33.49,68997.75
Wheat,Tamil Nadu,Rabi,4208,27.87,117267.8
Rice,Punjab,Kharif,1144,15.81,18090.67
Wheat,Gujarat,Rabi,4378,23.83,104342.39
Cotton,Tamil Nadu,Rabi,2779,22.8,63371.8
Maize,Gujarat,Kharif,3870,25.63,99187.12
Cotton,Tamil Nadu,Kharif,3196,19.64,62761.67
Cotton,Punjab,Kharif,3486,21.4,74591.35
Soybean,Karnataka,Rabi,2840,19.51,55421.01
Rice,Gujarat,Kharif,1895,30.03,56899.81
Maize,Tamil Nadu,Kharif,1553,33.37,51830.63
Rice,Maharashtra,Kharif,2724,23.18,63129.18
Cotton,Gujarat,Rabi,523,25.26,13212.74
Cotton,Gujarat,Rabi,2112,20.75,43828.07
Rice,Tamil Nadu,Kharif,700,15.95,11168.43
Maize,Tamil Nadu,Rabi,2162,34.68,74973.71
Cotton,Gujarat,Rabi,4183,27.48,114962.49
Wheat,Maharashtra,Kharif,1064,29.48,31371.59
Rice,Tamil Nadu,Rabi,2062,21.97,45311.66
Wheat,Karnataka,Kharif,1499,18.79,28166.0
Soybean,Tamil Nadu,Rabi,1290,23.08,29779.06
Rice,Maharashtra,Rabi,4409,28.35,125008.24
Wheat,Karnataka,Rabi,2664,24.14,64320.9
Rice,Maharashtra,Rabi,3265,31.28,102118.26
Soybean,Gujarat,Rabi,2400,26.29,63106.99
Cotton,Maharashtra,Kharif,2063,22.79,47018.52
Maize,Maharashtra,Rabi,3427,30.8,105538.94
Maize,Karnataka,Rabi,2396,17.27,41375.44
Maize,Tamil Nadu,Rabi,4886,29.74,145315.41
Wheat,Maharashtra,Kharif,2282,31.94,72894.29
Wheat,Karnataka,Rabi,4993,16.93,84510.87
Rice,Karnataka,Rabi,1639,15.78,25859.48
Cotton,Karnataka,Rabi,1076,19.57,21052.09
Maize,Punjab,Rabi,1487,26.37,39218.17
Maize,Tamil Nadu,Kharif,2946,16.36,48183.88
Soybean,Gujarat,Rabi,1360,21.02,28588.83
Rice,Punjab,Rabi,3074,28.72,88278.3
Cotton,Maharashtra,Kharif,668,24.42,16315.05
Soybean,Karnataka,Kharif,4172,34.28,143021.44
Soybean,Gujarat,Kharif,2773,19.05,52820.61
Soybean,Karnataka,Rabi,3505,21.47,75268.97
Wheat,Gujarat,Rabi,549,27.92,15326.56
Cotton,Punjab,Rabi,3861,23.94,92450.63
Wheat,Punjab,Rabi,3764,28.71,108076.48
Soybean,Karnataka,Kharif,2551,27.81,70950.15
Wheat,Punjab,Kharif,1681,24.52,41224.05
Wheat,Maharashtra,Rabi,3806,21.06,80166.16
Rice,Gujarat,Rabi,2248,31.54,70908.18
Soybean,Gujarat,Kharif,1128,34.04,38401.94
Cotton,Punjab,Rabi,3195,24.14,77112.36
Cotton,Punjab,Rabi,4489,31.28,140403.46
Wheat,Maharashtra,Rabi,1239,23.4,28996.09
Maize,Tamil Nadu,Rabi,2576,32.39,83431.94
Wheat,Gujarat,Kharif,2977,27.03,80468.8
Wheat,Karnataka,Kharif,3417,19.02,64987.37
Rice,Punjab,Kharif,737,18.87,13904.67
Maize,Karnataka,Rabi,4083,23.67,96643.45
Rice,Tamil Nadu,Kharif,2630,26.15,68777.52
Rice,Gujarat,Kharif,2983,32.74,97654.06
Maize,Maharashtra,Kharif,2346,31.27,73370.09
Soybean,Karnataka,Kharif,4196,22.66,95097.67
Maize,Maharashtra,Kharif,2338,21.24,49670.55
Cotton,Punjab,Kharif,2687,23.79,63917.78
Maize,Tamil Nadu,Rabi,857,30.96,26536.81
Maize,Maharashtra,Rabi,3481,17.03,59288.23
Cotton,Tamil Nadu,Kharif,4212,28.69,120830.03
Maize,Punjab,Kharif,4001,15.6,62401.59
Rice,Karnataka,Rabi,2810,20.98,58959.15
Soybean,Punjab,Kharif,3153,15.04,47420.29
Wheat,Karnataka,Rabi,3505,15.81,55401.09
Soybean,Karnataka,Kharif,1643,16.43,26993.57
Cotton,Tamil Nadu,Rabi,1597,22.96,36671.12
Maize,Maharashtra,Kharif,2519,29.57,74493.87
Cotton,Tamil Nadu,Rabi,4009,28.2,113054.93
Rice,Karnataka,Rabi,4465,27.94,124769.42
Cotton,Maharashtra,Kharif,3885,17.82,69215.43
Rice,Gujarat,Rabi,2851,18.05,51470.25
Soybean,Maharashtra,Rabi,2716,30.74,83477.45
Cotton,Gujarat,Kharif,1342,33.71,45242.56
Rice,Gujarat,Kharif,4025,31.75,127794.28
Rice,Gujarat,Kharif,2755,17.74,48868.33
Cotton,Gujarat,Rabi,1660,34.01,56464.22
Wheat,Maharashtra,Kharif,1933,34.76,67186.64
Rice,Tamil Nadu,Rabi,4104,30.13,123642.26
Maize,Punjab,Rabi,3152,26.92,84855.88
Maize,Gujarat,Kharif,4625,22.96,106181.31
Cotton,Punjab,Rabi,1664,27.24,45321.18
Soybean,Gujarat,Kharif,576,28.08,16176.72
Maize,Punjab,Rabi,819,25.48,20867.31
Soybean,Punjab,Kharif,4350,31.85,138546.25
Wheat,Maharashtra,Kharif,3065,19.84,60811.51
Rice,Tamil Nadu,Rabi,4934,28.76,141879.12
Cotton,Maharashtra,Kharif,2454,20.13,49396.83
Wheat,Karnataka,Kharif,2971,16.76,49801.1
Rice,Maharashtra,Kharif,2704,20.88,56453.97
Wheat,Punjab,Rabi,4407,24.51,108008.88
Soybean,Punjab,Rabi,4558,24.69,112545.55
Rice,Maharashtra,Rabi,2092,15.28,31957.54
Soybean,Punjab,Rabi,4553,17.36,79038.12
Cotton,Tamil Nadu,Kharif,2551,30.95,78954.63
Soybean,Punjab,Kharif,4471,16.96,75821.49
Maize,Maharashtra,Kharif,3835,24.38,93510.64
Maize,Gujarat,Kharif,4414,30.0,132409.6
Wheat,Punjab,Kharif,1905,29.38,55971.6
Wheat,Karnataka,Kharif,3696,30.62,113158.48
Rice,Tamil Nadu,Kharif,2510,31.43,78891.29
Rice,Karnataka,Rabi,1115,34.29,38231.03
Maize,Gujarat,Rabi,4474,34.29,153404.37
Wheat,Gujarat,Rabi,2127,24.65,52433.51
Rice,Tamil Nadu,Rabi,4259,34.68,147721.06
Rice,Maharashtra,Kharif,1890,30.32,57296.47
Cotton,Gujarat,Rabi,3855,23.53,90719.51
Cotton,Punjab,Rabi,4487,21.49,96414.4
Wheat,Punjab,Kharif,4633,24.89,115336.89
Wheat,Tamil Nadu,Rabi,3011,31.58,95087.46
Soybean,Maharashtra,Rabi,1603,31.75,50897.61
Rice,Punjab,Rabi,2039,34.83,71011.23
Cotton,Gujarat,Kharif,1599,25.11,40143.37
Cotton,Tamil Nadu,Rabi,1334,20.58,27460.12
Rice,Maharashtra,Kharif,2066,31.78,65656.92
Rice,Karnataka,Kharif,4110,24.59,101072.0
Wheat,Punjab,Kharif,3878,33.85,131253.39
Wheat,Karnataka,Kharif,2025,17.89,36219.68
Maize,Tamil Nadu,Rabi,4803,16.73,80333.95
Maize,Punjab,Kharif,1973,19.37,38224.37
Maize,Tamil Nadu,Kharif,4728,26.78,126602.55
Soybean,Gujarat,Rabi,1976,18.89,37335.87
Rice,Punjab,Rabi,2467,23.45,57854.52
Wheat,Gujarat,Kharif,2304,27.51,63383.15
Cotton,Gujarat,Rabi,1583,25.13,39782.18
Soybean,Tamil Nadu,Rabi,2484,17.44,43311.95
Rice,Maharashtra,Rabi,4275,21.49,91849.26
Cotton,Punjab,Kharif,2081,34.88,72586.21
Wheat,Gujarat,Kharif,563,31.29,17616.36
Cotton,Maharashtra,Rabi,3363,18.75,63066.53
Soybean,Tamil Nadu,Kharif,2443,31.77,77620.93
Wheat,Karnataka,Rabi,3639,30.05,109347.38
Soybean,Tamil Nadu,Kharif,2605,18.17,47329.34
Rice,Karnataka,Kharif,3824,27.18,103925.99
Cotton,Karnataka,Kharif,1009,24.03,24243.18
Soybean,Gujarat,Rabi,2214,16.07,35571.39
Soybean,Karnataka,Rabi,1408,24.52,34525.97
Wheat,Maharashtra,Kharif,4247,18.39,78122.27
Wheat,Gujarat,Kharif,4076,25.43,103637.68
Cotton,Maharashtra,Kharif,973,19.77,19233.12
Maize,Tamil Nadu,Rabi,4222,19.05,80408.06
Soybean,Punjab,Kharif,4207,20.64,86828.21
Rice,Tamil Nadu,Kharif,1342,19.51,26183.84
Rice,Tamil Nadu,Kharif,1966,30.87,60684.55
Rice,Punjab,Rabi,758,17.15,12996.96
Rice,Karnataka,Rabi,4074,24.84,101213.49
Cotton,Tamil Nadu,Rabi,3592,24.26,87132.82
Maize,Punjab,Kharif,999,25.38,25354.76
Cotton,Punjab,Rabi,2548,25.48,64915.96
Maize,Maharashtra,Rabi,808,16.16,13061.17
Maize,Maharashtra,Rabi,2405,20.93,50329.96
Wheat,Karnataka,Kharif,3547,21.62,76696.54
Cotton,Gujarat,Rabi,4146,30.68,127219.86
Wheat,Maharashtra,Kharif,1164,16.6,19323.65
Soybean,Gujarat,Kharif,1219,34.99,42655.96
Soybean,Tamil Nadu,Kharif,4088,15.52,63443.13
Maize,Karnataka,Rabi,1332,16.47,21937.28
Soybean,Karnataka,Kharif,1055,28.82,30402.53
Rice,Tamil Nadu,Kharif,4362,20.04,87399.56
Rice,Tamil Nadu,Rabi,3176,32.31,102609.72
Cotton,Punjab,Kharif,4418,21.08,93115.29
Cotton,Karnataka,Rabi,3351,19.88,66605.02
Cotton,Karnataka,Rabi,3463,20.88,72295.63
Soybean,Tamil Nadu,Rabi,4681,30.88,144537.43
Soybean,Punjab,Kharif,2208,24.37,53806.59
Soybean,Tamil Nadu,Kharif,2281,23.56,53746.28
Maize,Maharashtra,Kharif,1434,16.41,23538.98
Maize,Gujarat,Kharif,4455,27.62,123066.91
Soybean,Karnataka,Rabi,2439,16.58,40450.39
Soybean,Tamil Nadu,Rabi,1337,25.3,33830.78
Cotton,Maharashtra,Kharif,2199,15.02,33036.87
Wheat,Punjab,Kharif,3043,23.41,71247.57
Soybean,Karnataka,Rabi,1136,17.73,20140.99
Maize,Maharashtra,Rabi,1789,19.43,34762.18
Wheat,Karnataka,Kharif,2741,17.17,47055.02
Soybean,Gujarat,Kharif,4569,31.18,142439.06
Rice,Tamil Nadu,Kharif,3519,21.74,76493.5
Rice,Gujarat,Rabi,4360,23.48,102369.03
Wheat,Tamil Nadu,Kharif,1532,34.23,52446.69
Maize,Tamil Nadu,Rabi,4240,32.65,138457.01
Soybean,Punjab,Rabi,3141,17.3,54343.11
Wheat,Gujarat,Kharif,4729,24.21,114510.0
Rice,Gujarat,Kharif,2139,34.17,73087.16
Wheat,Tamil Nadu,Kharif,4427,16.93,74969.13
Wheat,Gujarat,Rabi,3800,17.34,65882.7
Soybean,Tamil Nadu,Kharif,1182,22.78,26925.62
Wheat,Gujarat,Rabi,1730,23.12,39997.37
Soybean,Punjab,Rabi,3202,24.54,78591.14
Rice,Gujarat,Kharif,1108,25.95,28748.77
Rice,Punjab,Rabi,4317,22.75,98220.84
Rice,Gujarat,Kharif,1486,24.82,36880.62
Soybean,Punjab,Kharif,4146,16.23,67306.0
Maize,Karnataka,Rabi,3213,26.33,84596.88
Cotton,Gujarat,Kharif,3313,33.46,110855.48
Cotton,Gujarat,Rabi,2438,16.74,40804.02
Cotton,Punjab,Rabi,3622,21.47,77780.89
Cotton,Gujarat,Rabi,713,34.32,24466.83
Maize,Tamil Nadu,Rabi,2488,28.03,69729.84
Maize,Punjab,Kharif,923,34.94,32247.05
Rice,Punjab,Kharif,4470,33.37,149143.43
Maize,Tamil Nadu,Kharif,3752,31.77,119198.25
Soybean,Karnataka,Kharif,823,20.71,17042.53
Wheat,Karnataka,Rabi,579,15.97,9245.95
Soybean,Maharashtra,Rabi,3274,26.55,86922.19
Rice,Karnataka,Kharif,4722,21.13,99752.99
Rice,Gujarat,Kharif,3101,31.97,99134.36
Soybean,Karnataka,Kharif,4257,24.98,106338.07
Wheat,Tamil Nadu,Rabi,2205,32.23,71072.22
Rice,Punjab,Kharif,2313,23.41,54142.42
Soybean,Karnataka,Kharif,3687,24.95,91994.75
Cotton,Maharashtra,Kharif,2108,16.23,34204.83
Maize,Karnataka,Kharif,1230,20.32,24994.24
Maize,Maharashtra,Rabi,2618,28.81,75431.21
Soybean,Punjab,Rabi,1011,16.36,16536.7
Soybean,Punjab,Rabi,675,18.12,12233.71
Wheat,Tamil Nadu,Kharif,4996,34.26,171154.69
Rice,Punjab,Rabi,4722,19.39,91571.69
Soybean,Tamil Nadu,Rabi,3364,32.74,110128.09
Rice,Punjab,Rabi,3596,16.42,59046.63
Soybean,Gujarat,Kharif,4915,27.2,133705.33
Rice,Karnataka,Rabi,2912,28.2,82110.04
Soybean,Gujarat,Kharif,579,29.44,17048.26
Cotton,Karnataka,Kharif,2878,32.36,93119.1
Cotton,Punjab,Rabi,4225,21.7,91665.15
Cotton,Gujarat,Rabi,3630,21.04,76363.69
Wheat,Karnataka,Kharif,3645,20.94,76310.4
Soybean,Gujarat,Rabi,606,27.91,16915.51
Soybean,Maharashtra,Kharif,1645,29.29,48175.56
Wheat,Maharashtra,Rabi,564,29.24,16492.13
Rice,Gujarat,Kharif,3517,17.8,62606.36
Wheat,Gujarat,Kharif,4402,28.53,125577.16
Soybean,Karnataka,Kharif,2500,17.67,44169.78
Maize,Tamil Nadu,Kharif,3060,22.13,67731.9
Wheat,Maharashtra,Rabi,1981,25.24,50000.56
Maize,Maharashtra,Rabi,1668,21.8,36357.37
Soybean,Gujarat,Kharif,4126,22.14,91352.4
Maize,Punjab,Kharif,1124,16.79,18872.8
Wheat,Maharashtra,Kharif,1478,33.81,49971.63
Cotton,Punjab,Rabi,2211,20.56,45451.32
Rice,Punjab,Kharif,1593,32.08,51099.43
Maize,Karnataka,Kharif,3714,27.32,101448.08
Rice,Punjab,Rabi,1955,33.49,65469.16
Wheat,Maharashtra,Kharif,4091,19.57,80058.04
Maize,Tamil Nadu,Kharif,3738,27.42,102477.82
Wheat,Gujarat,Rabi,4144,19.16,79404.67
Soybean,Gujarat,Rabi,3314,20.16,66807.31
Rice,Maharashtra,Kharif,4567,28.91,132038.88
Wheat,Karnataka,Rabi,4058,22.22,90151.7
Wheat,Tamil Nadu,Kharif,4721,29.57,139579.04
Wheat,Karnataka,Kharif,914,32.34,29556.44
Cotton,Karnataka,Kharif,2832,21.14,59868.44
Wheat,Gujarat,Rabi,4069,25.51,103808.61
Cotton,Punjab,Kharif,1288,32.08,41314.16
Wheat,Gujarat,Rabi,3812,17.64,67239.9
Wheat,Gujarat,Rabi,1985,17.94,35609.7
Soybean,Karnataka,Kharif,4142,33.57,139033.16
Wheat,Punjab,Rabi,978,18.68,18266.59
Soybean,Karnataka,Rabi,4937,23.8,117495.41
Wheat,Tamil Nadu,Kharif,3373,26.58,89666.45
Wheat,Punjab,Rabi,2156,21.21,45721.61
Maize,Tamil Nadu,Rabi,4698,28.8,135317.05
Maize,Maharashtra,Kharif,1959,29.13,57067.09
Cotton,Tamil Nadu,Rabi,3374,21.88,73839.23
Wheat,Maharashtra,Rabi,4332,24.01,104032.84
Wheat,Maharashtra,Kharif,1303,32.84,42791.08
Maize,Maharashtra,Rabi,2551,19.44,49590.17
Rice,Punjab,Rabi,4250,26.83,114019.41
Cotton,Gujarat,Rabi,1719,18.65,32063.38
Cotton,Karnataka,Rabi,3036,25.14,76311.97
Wheat,Karnataka,Rabi,1501,15.69,23551.32
Wheat,Gujarat,Kharif,572,30.07,17197.36
Wheat,Punjab,Rabi,1516,31.83,48246.71
Rice,Karnataka,Kharif,2159,27.97,60388.63
Rice,Tamil Nadu,Kharif,3225,17.79,57384.87
Maize,Karnataka,Kharif,4382,29.78,130481.33
Wheat,Punjab,Kharif,4396,19.88,87375.53
Soybean,Tamil Nadu,Rabi,3906,21.57,84257.75
Wheat,Maharashtra,Kharif,2099,27.94,58651.92
Wheat,Maharashtra,Kharif,4604,27.63,127229.57
Rice,Gujarat,Kharif,3762,31.65,119074.38
Rice,Punjab,Kharif,2712,32.29,87567.88
Wheat,Punjab,Kharif,1751,18.31,32060.6
Soybean,Tamil Nadu,Kharif,2663,16.61,44227.6
Maize,Punjab,Rabi,2269,20.46,46418.13
Rice,Gujarat,Kharif,4683,30.93,144824.38
Wheat,Tamil Nadu,Rabi,4997,18.86,94261.6
Rice,Karnataka,Rabi,897,19.85,17801.89
Cotton,Gujarat,Rabi,3211,16.38,52597.5
Wheat,Karnataka,Kharif,1167,31.85,37170.38
Soybean,Maharashtra,Kharif,873,24.16,21095.87
Soybean,Punjab,Rabi,1881,32.04,60267.31
Soybean,Tamil Nadu,Kharif,2321,30.22,70138.13
Cotton,Maharashtra,Rabi,3768,20.1,75743.33
Maize,Tamil Nadu,Rabi,4624,19.07,88198.16
Wheat,Karnataka,Rabi,2111,16.53,34888.53
Maize,Gujarat,Kharif,4938,28.47,140596.02
Maize,Karnataka,Kharif,3143,19.57,61503.88
Wheat,Tamil Nadu,Kharif,3300,17.74,58548.33
Wheat,Maharashtra,Kharif,4079,22.2,90545.38
Rice,Gujarat,Kharif,2762,28.28,78120.44
Wheat,Tamil Nadu,Kharif,2497,23.38,58369.01
Cotton,Punjab,Rabi,2419,21.45,51880.82
Cotton,Tamil Nadu,Rabi,3470,15.65,54297.22
Rice,Karnataka,Kharif,837,26.92,22527.86
Rice,Punjab,Kharif,1063,29.35,31201.95
Wheat,Punjab,Rabi,1035,34.76,35974.83
Soybean,Gujarat,Kharif,3002,17.08,51269.79
Wheat,Karnataka,Rabi,1175,15.28,17948.84
Soybean,Maharashtra,Kharif,2813,17.09,48068.94
Soybean,Gujarat,Kharif,1442,17.33,24989.1
Maize,Maharashtra,Rabi,4760,18.63,88690.64
Cotton,Gujarat,Rabi,3190,22.02,70254.02
Wheat,Karnataka,Rabi,2196,25.94,56969.31
Wheat,Maharashtra,Kharif,4336,23.2,100612.97
Cotton,Karnataka,Rabi,3475,18.33,63693.75
Rice,Karnataka,Rabi,1279,18.52,23690.8
Soybean,Punjab,Rabi,3887,17.98,69901.21
Rice,Punjab,Rabi,2997,21.76,65222.85
Maize,Punjab,Kharif,4848,34.86,169008.29
Rice,Gujarat,Kharif,4767,15.82,75398.25
Cotton,Karnataka,Kharif,4550,33.96,154525.08
Cotton,Gujarat,Rabi,3229,18.19,58722.61
Maize,Tamil Nadu,Rabi,1481,16.82,24908.43
Maize,Maharashtra,Kharif,2702,24.0,64853.24
Soybean,Tamil Nadu,Rabi,4976,24.86,123697.06
Wheat,Tamil Nadu,Kharif,1225,15.72,19252.39
Soybean,Tamil Nadu,Rabi,1304,18.27,23825.71
Maize,Tamil Nadu,Rabi,1699,34.19,58094.12
Maize,Gujarat,Kharif,3979,31.4,124942.53
Rice,Tamil Nadu,Rabi,3979,15.58,61984.3
Cotton,Gujarat,Rabi,4052,27.48,111354.54
Rice,Tamil Nadu,Rabi,2133,15.72,33540.86
Wheat,Gujarat,Rabi,4520,29.27,132307.87
Maize,Tamil Nadu,Rabi,1586,31.89,50582.07
Cotton,Maharashtra,Kharif,2892,16.68,48249.21
Maize,Gujarat,Rabi,1055,15.83,16696.89
Wheat,Maharashtra,Rabi,934,33.46,31252.31
Cotton,Punjab,Rabi,2846,28.53,81186.32
Maize,Gujarat,Kharif,769,31.61,24305.68
Wheat,Tamil Nadu,Rabi,1482,30.9,45790.88
Maize,Punjab,Kharif,2533,30.32,76793.59
Wheat,Punjab,Kharif,2214,33.46,74089.66
Rice,Karnataka,Rabi,2052,17.1,35095.94
Wheat,Tamil Nadu,Kharif,1193,16.77,20010.68
Cotton,Karnataka,Rabi,4204,29.36,123411.17
Rice,Maharashtra,Rabi,2327,21.83,50802.7
Rice,Tamil Nadu,Rabi,2508,29.1,72982.71
Cotton,Punjab,Kharif,1463,28.89,42267.95
Rice,Karnataka,Kharif,4991,31.0,154702.52
Soybean,Gujarat,Rabi,3358,28.45,95531.62
Rice,Punjab,Rabi,516,27.3,14086.8
Cotton,Tamil Nadu,Kharif,1397,21.75,30382.25
Wheat,Punjab,Rabi,2133,17.14,36567.93
Maize,Maharashtra,Rabi,1823,27.15,49498.07
Maize,Karnataka,Kharif,2974,16.1,47889.03
Maize,Gujarat,Rabi,2541,20.87,53037.87
Wheat,Karnataka,Kharif,718,20.41,14657.77
Wheat,Gujarat,Kharif,3734,17.37,64844.99
Rice,Karnataka,Kharif,981,30.52,29938.94
Maize,Karnataka,Kharif,2804,25.96,72778.79
Maize,Tamil Nadu,Rabi,1995,22.61,45107.38
Wheat,Gujarat,Kharif,2275,30.17,68629.75
Rice,Punjab,Rabi,3864,15.91,61474.2
Soybean,Maharashtra,Kharif,4715,15.67,73886.51
Rice,Maharashtra,Kharif,863,30.41,26242.33
Soybean,Karnataka,Rabi,2594,28.31,73423.97
Rice,Karnataka,Rabi,1608,16.32,26237.35
Maize,Gujarat,Rabi,4336,18.23,79040.58
Soybean,Gujarat,Kharif,4255,23.02,97947.87
Maize,Karnataka,Rabi,3055,32.42,99054.01
Soybean,Maharashtra,Kharif,4197,22.49,94395.95
Cotton,Karnataka,Kharif,4332,23.13,100198.84
Cotton,Karnataka,Rabi,4507,32.71,147413.4
Maize,Maharashtra,Kharif,3236,31.61,102276.22
Cotton,Maharashtra,Rabi,3006,31.51,94711.62
Maize,Maharashtra,Kharif,2412,27.65,66699.83
Maize,Gujarat,Kharif,2728,29.7,81029.47
Maize,Tamil Nadu,Kharif,2078,25.0,51958.05
Soybean,Punjab,Rabi,830,20.94,17380.88
Rice,Tamil Nadu,Rabi,3569,17.14,61173.97
Soybean,Gujarat,Rabi,3383,23.74,80311.65
Rice,Karnataka,Kharif,3806,34.9,132823.15
Maize,Tamil Nadu,Kharif,1142,22.07,25202.68
Rice,Punjab,Kharif,1240,31.96,39629.46
Soybean,Maharashtra,Kharif,3554,28.26,100449.99
Rice,Gujarat,Rabi,1529,23.81,36408.16
Rice,Punjab,Rabi,540,24.96,13478.11
Soybean,Gujarat,Kharif,3316,28.32,93918.32
Wheat,Maharashtra,Kharif,3762,25.32,95268.61
Maize,Tamil Nadu,Rabi,3694,22.59,83433.91
Rice,Maharashtra,Kharif,4156,28.03,116480.62
Maize,Punjab,Kharif,4691,15.38,72159.03
Maize,Tamil Nadu,Kharif,1531,33.36,51079.52
Maize,Tamil Nadu,Rabi,1692,19.49,32979.14
Rice,Karnataka,Kharif,1516,25.26,38294.68
Soybean,Tamil Nadu,Rabi,3085,20.81,64183.96
Maize,Maharashtra,Kharif,550,33.38,18361.47
Maize,Tamil Nadu,Kharif,4764,24.86,118436.33
Rice,Punjab,Kharif,2639,23.41,61782.32
Soybean,Punjab,Kharif,2174,21.27,46233.91
Wheat,Karnataka,Rabi,2967,22.31,66188.51
Soybean,Karnataka,Rabi,3990,25.91,103381.96
Soybean,Maharashtra,Rabi,3369,21.77,73349.79
Soybean,Maharashtra,Rabi,3887,15.91,61845.91
Cotton,Karnataka,Kharif,2776,18.32,50869.97
Wheat,Karnataka,Rabi,1121,30.24,33904.21
Soybean,Gujarat,Kharif,1440,18.69,26917.95
Wheat,Gujarat,Rabi,4279,21.96,93966.87
Cotton,Punjab,Kharif,4897,28.56,139842.01
Wheat,Gujarat,Rabi,615,32.05,19711.99
Wheat,Maharashtra,Kharif,1600,17.49,27976.31
Soybean,Punjab,Rabi,844,22.15,18693.94
Wheat,Karnataka,Rabi,3351,22.94,76878.47
Wheat,Maharashtra,Rabi,4526,15.99,72386.53
Soybean,Karnataka,Rabi,2404,23.01,55317.97
Wheat,Tamil Nadu,Kharif,1653,22.94,37927.15
Soybean,Karnataka,Kharif,2164,24.55,53133.85
Rice,Punjab,Rabi,2400,21.88,52506.0
Cotton,Tamil Nadu,Kharif,3848,33.4,128531.25
Rice,Gujarat,Kharif,4718,20.91,98638.89
Maize,Maharashtra,Kharif,528,32.9,17373.07
Soybean,Karnataka,Rabi,4220,24.78,104576.07
Maize,Punjab,Kharif,4688,16.9,79230.89
Maize,Punjab,Kharif,982,29.84,29306.5
Wheat,Gujarat,Rabi,2236,31.93,71393.35
Wheat,Karnataka,Kharif,4067,27.0,109796.17
Cotton,Tamil Nadu,Rabi,1467,23.18,34006.43
Cotton,Tamil Nadu,Rabi,3670,20.33,74606.64
Soybean,Tamil Nadu,Kharif,810,28.07,22738.45
Cotton,Tamil Nadu,Kharif,3601,22.67,81618.76
Cotton,Karnataka,Rabi,3291,32.79,107906.96
Rice,Karnataka,Rabi,1272,27.22,34626.89
Cotton,Punjab,Rabi,3132,29.65,92876.17
Soybean,Karnataka,Rabi,3715,17.48,64939.15
Wheat,Maharashtra,Rabi,1619,33.36,54015.42
Cotton,Punjab,Rabi,859,29.91,25688.47
Cotton,Tamil Nadu,Kharif,4169,27.81,115948.57
Wheat,Karnataka,Kharif,4007,19.87,79608.52
Soybean,Tamil Nadu,Kharif,2774,24.38,67626.52
Rice,Punjab,Kharif,4748,33.16,157456.67
Wheat,Karnataka,Rabi,4910,18.46,90633.7
Soybean,Karnataka,Kharif,2905,26.15,75979.53
Maize,Karnataka,Kharif,1999,22.18,44331.94
Cotton,Gujarat,Kharif,3253,34.63,112660.96
Soybean,Karnataka,Rabi,990,26.11,25851.92
Cotton,Maharashtra,Kharif,3876,30.55,118421.94
Rice,Maharashtra,Kharif,3791,28.45,107844.74
Wheat,Maharashtra,Kharif,1962,21.08,41358.58
Rice,Gujarat,Kharif,995,25.34,25215.05
Soybean,Karnataka,Kharif,3608,22.03,79479.04
Cotton,Maharashtra,Kharif,4666,26.67,124420.74
Rice,Gujarat,Rabi,3857,23.03,88845.61
Maize,Maharashtra,Kharif,1358,25.11,34097.72
Rice,Punjab,Kharif,3919,30.97,121378.86
Soybean,Tamil Nadu,Kharif,3737,33.0,123317.99
Soybean,Gujarat,Kharif,2388,17.53,41861.05
Soybean,Gujarat,Rabi,4405,30.41,133937.59
Cotton,Gujarat,Kharif,1309,27.0,35340.4
Maize,Maharashtra,Kharif,4037,29.81,120341.8
Wheat,Gujarat,Kharif,1924,17.91,34463.03
Wheat,Tamil Nadu,Kharif,1278,33.08,42280.24
Cotton,Maharashtra,Rabi,2694,28.28,76182.98
Rice,Karnataka,Rabi,1018,18.51,18841.03
Wheat,Punjab,Kharif,3878,19.07,73949.41
Soybean,Punjab,Kharif,1724,33.85,58364.36
Rice,Karnataka,Rabi,2048,26.41,54081.78
Rice,Maharashtra,Rabi,826,17.46,14418.09
Soybean,Karnataka,Rabi,1509,34.39,51899.03
Wheat,Punjab,Kharif,3655,33.02,120702.35
Cotton,Gujarat,Rabi,3578,16.67,59636.76
Cotton,Tamil Nadu,Rabi,673,21.14,14227.49
Wheat,Maharashtra,Kharif,1466,20.34,29823.69
Maize,Punjab,Kharif,4428,26.71,118266.26
Maize,Gujarat,Rabi,4161,16.88,70243.3
Cotton,Tamil Nadu,Rabi,2400,33.17,79600.65
Maize,Maharashtra,Rabi,1187,28.75,34121.54
Rice,Punjab,Kharif,2358,33.61,79257.37
Wheat,Gujarat,Kharif,2320,16.87,39139.03
Wheat,Punjab,Rabi,3094,15.25,47181.18
Soybean,Maharashtra,Kharif,547,15.14,8283.92
Cotton,Tamil Nadu,Kharif,1163,29.56,34373.31
Wheat,Gujarat,Rabi,2973,31.11,92491.53
Soybean,Punjab,Kharif,737,22.45,16544.15
Soybean,Karnataka,Kharif,1406,18.82,26458.06
Wheat,Tamil Nadu,Kharif,815,15.72,12808.79
Maize,Gujarat,Rabi,1188,18.42,21881.52
Wheat,Gujarat,Rabi,2808,18.6,52230.68
Maize,Punjab,Kharif,3868,31.12,120370.75
Wheat,Tamil Nadu,Rabi,3382,27.34,92454.66
Rice,Karnataka,Kharif,2810,27.66,77734.22
Maize,Tamil Nadu,Rabi,1981,25.98,51459.17
Wheat,Maharashtra,Kharif,4249,23.82,101221.17
Cotton,Tamil Nadu,Rabi,1912,21.34,40810.98
Soybean,Tamil Nadu,Kharif,4085,19.47,79554.88
Soybean,Punjab,Kharif,581,31.03,18030.11
Rice,Punjab,Rabi,3263,21.82,71211.87
Wheat,Karnataka,Rabi,1846,16.36,30208.95
Maize,Gujarat,Kharif,4346,24.43,106154.61
Maize,Maharashtra,Kharif,3734,21.78,81324.04
Wheat,Tamil Nadu,Rabi,3837,23.01,88279.36
Rice,Karnataka,Rabi,4019,33.67,135325.61
Rice,Maharashtra,Rabi,968,27.13,26257.28
Wheat,Maharashtra,Rabi,3240,27.8,90075.46
Wheat,Gujarat,Kharif,1720,15.26,26254.94
Cotton,Punjab,Kharif,4365,16.87,73619.79
Soybean,Maharashtra,Kharif,3355,20.93,70208.0
Wheat,Gujarat,Kharif,3213,26.55,85320.01
Rice,Tamil Nadu,Kharif,3151,34.97,110190.46
Wheat,Punjab,Rabi,2795,19.18,53621.29
Rice,Karnataka,Rabi,4345,15.06,65442.26
Maize,Gujarat,Kharif,3259,22.82,74373.5
Soybean,Punjab,Kharif,667,24.79,16532.22
Soybean,Gujarat,Kharif,1619,34.75,56261.6
Cotton,Gujarat,Kharif,4937,23.58,116413.1
Maize,Punjab,Rabi,2275,18.01,40966.77
Cotton,Gujarat,Rabi,4852,22.94,111291.9
Cotton,Punjab,Rabi,1475,30.49,44977.99
Soybean,Gujarat,Rabi,1028,25.82,26539.03
Rice,Gujarat,Kharif,2659,15.3,40687.53
Rice,Gujarat,Kharif,927,16.98,15742.05
Cotton,Maharashtra,Kharif,2371,31.28,74156.37
Cotton,Karnataka,Kharif,2263,31.71,71755.88
Rice,Gujarat,Kharif,4219,17.13,72269.66
Wheat,Gujarat,Rabi,1885,17.95,33839.9
Rice,Karnataka,Rabi,3818,15.99,61049.95
Cotton,Tamil Nadu,Kharif,2218,21.72,48165.47
Wheat,Tamil Nadu,Rabi,1509,17.72,26743.25
Cotton,Tamil Nadu,Rabi,2658,21.09,56054.61
Wheat,Punjab,Rabi,2816,23.23,65405.33
Soybean,Tamil Nadu,Kharif,2997,24.29,72790.2
Maize,Gujarat,Kharif,1355,25.18,34112.37
Soybean,Punjab,Rabi,2583,21.41,55290.76
Maize,Gujarat,Kharif,4440,28.27,125505.66
Soybean,Punjab,Kharif,2836,19.97,56637.89
Rice,Maharashtra,Rabi,3746,24.65,92325.99
Cotton,Maharashtra,Kharif,4168,21.57,89912.05
Rice,Tamil Nadu,Rabi,4196,20.24,84922.55
Wheat,Tamil Nadu,Rabi,1191,29.24,34829.68
Maize,Karnataka,Rabi,4185,15.64,65472.71
Rice,Punjab,Rabi,1180,20.94,24714.69
Cotton,Gujarat,Rabi,4641,32.39,150319.36
Wheat,Maharashtra,Kharif,1235,22.66,27979.77
Soybean,Karnataka,Kharif,4593,34.86,160113.29
Maize,Punjab,Rabi,665,33.92,22558.93
Cotton,Gujarat,Kharif,1365,25.03,34162.74
Rice,Punjab,Kharif,2826,15.05,42529.47
Wheat,Punjab,Kharif,4010,25.55,102438.42
Cotton,Maharashtra,Rabi,2677,25.16,67348.88
Cotton,Karnataka,Rabi,3630,32.7,118711.53
Cotton,Punjab,Kharif,571,19.44,11099.56
Soybean,Karnataka,Kharif,2231,28.73,64092.73
Cotton,Karnataka,Kharif,4192,33.34,139753.78
Cotton,Maharashtra,Rabi,2993,19.87,59471.83
Maize,Punjab,Kharif,1036,24.41,25291.24
Soybean,Karnataka,Rabi,4350,33.44,145461.09
Cotton,Maharashtra,Rabi,2905,15.14,43977.23
Wheat,Maharashtra,Kharif,685,22.79,15608.96
Maize,Tamil Nadu,Rabi,3169,29.42,93244.34
Wheat,Karnataka,Rabi,4720,23.0,108575.58
Maize,Punjab,Kharif,3187,15.1,48126.79
Wheat,Karnataka,Kharif,3820,34.59,132134.53
Soybean,Maharashtra,Kharif,4442,32.37,143780.59
Wheat,Tamil Nadu,Kharif,2597,34.97,90804.79
Cotton,Gujarat,Kharif,3786,29.81,112859.5
Maize,Tamil Nadu,Kharif,2475,33.78,83600.94
Maize,Karnataka,Rabi,4090,18.09,74004.56
Soybean,Karnataka,Rabi,3470,33.3,115564.92
Cotton,Maharashtra,Rabi,2487,23.06,57361.4
Maize,Tamil Nadu,Kharif,3310,34.13,112959.22
Maize,Gujarat,Rabi,1142,34.27,39140.25
Rice,Karnataka,Kharif,3166,17.18,54387.69
Rice,Maharashtra,Rabi,1077,34.07,36695.5
Maize,Punjab,Rabi,598,30.64,18323.9
Maize,Gujarat,Kharif,4337,18.95,82203.09
Rice,Maharashtra,Kharif,2410,20.1,48440.73
Maize,Gujarat,Rabi,3397,27.01,91739.08
Rice,Gujarat,Rabi,3131,26.14,81854.77
Rice,Gujarat,Rabi,1912,27.72,52992.79
Maize,Tamil Nadu,Kharif,3772,28.61,107915.95
Maize,Maharashtra,Rabi,4653,32.84,152792.42
Rice,Maharashtra,Kharif,1942,16.67,32377.5
Wheat,Tamil Nadu,Kharif,2112,27.02,57067.33
Wheat,Gujarat,Kharif,1540,32.71,50373.02
Rice,Punjab,Kharif,2686,29.25,78554.55
Soybean,Karnataka,Kharif,2826,19.99,56500.22
Soybean,Gujarat,Rabi,1296,27.91,36168.37
Rice,Tamil Nadu,Kharif,3080,15.71,48376.76
Wheat,Karnataka,Kharif,4225,17.34,73256.37
Cotton,Maharashtra,Kharif,3261,16.52,53859.83
Cotton,Maharashtra,Rabi,3515,32.84,115445.6
Rice,Maharashtra,Kharif,885,27.63,24456.84
Cotton,Gujarat,Rabi,3101,20.4,63253.02
Wheat,Tamil Nadu,Kharif,2430,20.8,50548.85
Wheat,Tamil Nadu,Rabi,3666,19.43,71240.38
Soybean,Karnataka,Rabi,721,32.12,23155.75
Soybean,Maharashtra,Kharif,1570,26.1,40973.56
Rice,Punjab,Kharif,1494,28.29,42261.75
Maize,Maharashtra,Rabi,4361,21.29,92829.03
Rice,Tamil Nadu,Kharif,4454,31.71,141221.65
Rice,Karnataka,Kharif,2550,29.4,74975.91
Maize,Maharashtra,Rabi,4589,27.67,126986.53
Cotton,Karnataka,Kharif,3380,29.88,100985.27
Cotton,Punjab,Rabi,927,18.22,16892.77
Maize,Karnataka,Kharif,1688,22.23,37517.49
Maize,Punjab,Kharif,4626,31.49,145692.0
Maize,Tamil Nadu,Rabi,1331,21.88,29115.89
Rice,Maharashtra,Rabi,3022,24.15,72983.88
Wheat,Tamil Nadu,Kharif,4362,19.41,84685.85
Wheat,Maharashtra,Kharif,1635,27.04,44203.42
Wheat,Maharashtra,Kharif,3477,19.75,68672.41
Maize,Gujarat,Kharif,3793,30.99,117532.11
Rice,Maharashtra,Rabi,816,18.73,15283.32
Rice,Gujarat,Rabi,1278,22.25,28434.51
Maize,Maharashtra,Rabi,1991,28.52,56775.87
Maize,Punjab,Rabi,2857,23.96,68440.43
Maize,Karnataka,Kharif,3353,21.48,72008.2
Soybean,Punjab,Kharif,3596,26.67,95893.96
Wheat,Maharashtra,Rabi,3073,30.28,93056.64
Maize,Maharashtra,Kharif,2451,28.01,68656.33
Wheat,Maharashtra,Rabi,4706,34.28,161343.51
Rice,Maharashtra,Kharif,917,25.48,23368.83
Cotton,Karnataka,Rabi,1897,20.26,38424.42
Maize,Punjab,Kharif,841,24.99,21016.81
Rice,Gujarat,Rabi,3982,16.62,66199.46
Wheat,Punjab,Rabi,2060,27.91,57490.27
Maize,Maharashtra,Rabi,4882,23.38,114121.26
Maize,Tamil Nadu,Rabi,3213,21.71,69767.68
Cotton,Tamil Nadu,Kharif,3728,25.58,95355.44
Cotton,Maharashtra,Kharif,956,18.04,17241.99
Cotton,Karnataka,Rabi,4725,34.41,162593.46
Cotton,Gujarat,Kharif,4784,27.67,132357.24
Soybean,Karnataka,Kharif,3905,33.16,129487.99
Maize,Tamil Nadu,Kharif,4867,28.43,138382.27
Rice,Karnataka,Kharif,4476,31.82,142446.63
Soybean,Punjab,Rabi,4817,22.95,110549.68
Wheat,Maharashtra,Rabi,2313,24.02,55563.2
Rice,Tamil Nadu,Rabi,3938,27.78,109379.03
Cotton,Tamil Nadu,Rabi,1532,31.87,48826.83
Cotton,Tamil Nadu,Rabi,1048,32.83,34408.72
Maize,Karnataka,Rabi,1636,24.96,40834.96
Maize,Maharashtra,Kharif,1845,26.07,48096.52
Soybean,Gujarat,Kharif,1550,22.22,34442.61
Rice,Karnataka,Rabi,1870,32.08,59995.39
Cotton,Karnataka,Kharif,3793,19.61,74368.54
Soybean,Maharashtra,Kharif,898,31.12,27943.53
Cotton,Punjab,Rabi,1612,20.23,32608.47
Rice,Karnataka,Kharif,4912,19.51,95836.02
Cotton,Punjab,Kharif,1898,15.37,29179.23
Maize,Karnataka,Kharif,1098,16.29,17889.63
Cotton,Tamil Nadu,Rabi,3526,21.03,74167.62
Cotton,Punjab,Kharif,612,19.42,11886.35
Wheat,Maharashtra,Rabi,3451,32.37,111704.56
Cotton,Maharashtra,Rabi,3984,24.18,96326.58
Rice,Karnataka,Rabi,1620,26.82,43442.64
Wheat,Gujarat,Kharif,4136,30.56,126387.31
Maize,Tamil Nadu,Kharif,4430,26.71,118344.87
Maize,Gujarat,Rabi,1899,30.58,58077.87
Rice,Gujarat,Kharif,2805,16.56,46458.14
Soybean,Punjab,Kharif,1533,31.32,48013.35
Maize,Maharashtra,Kharif,4908,23.54,115548.88
Soybean,Gujarat,Kharif,3190,25.38,80966.12
Soybean,Tamil Nadu,Kharif,3455,21.27,73491.59
Soybean,Punjab,Rabi,4957,28.21,139855.41
Soybean,Punjab,Kharif,2509,15.99,40107.49
Soybean,Karnataka,Rabi,791,29.21,23101.89
Wheat,Karnataka,Rabi,3321,21.69,72020.92
Rice,Maharashtra,Rabi,2550,27.06,69000.09
Cotton,Gujarat,Kharif,4274,21.67,92623.23
Cotton,Punjab,Kharif,2739,30.91,84659.26
Soybean,Karnataka,Rabi,1027,19.95,20488.07
Soybean,Punjab,Kharif,3366,31.76,106894.3
Rice,Maharashtra,Kharif,3540,33.0,116811.52
Wheat,Maharashtra,Rabi,4553,20.84,94902.05
Rice,Maharashtra,Kharif,3581,21.49,76956.39
Maize,Gujarat,Kharif,4665,32.02,149352.95
Wheat,Tamil Nadu,Kharif,4070,29.46,119905.11
Wheat,Punjab,Rabi,740,20.58,15227.72
Maize,Karnataka,Rabi,2709,21.34,57800.97
Soybean,Karnataka,Kharif,2797,26.85,75102.5
Wheat,Karnataka,Kharif,3385,28.64,96949.5
Soybean,Punjab,Rabi,1875,24.92,46731.62
Maize,Punjab,Kharif,1106,21.88,24200.57
Soybean,Maharashtra,Rabi,4573,20.3,92833.65
Wheat,Tamil Nadu,Kharif,2053,19.36,39754.47
Wheat,Karnataka,Rabi,2031,20.54,41725.93
Wheat,Tamil Nadu,Rabi,3122,16.54,51646.95
Maize,Maharashtra,Rabi,1116,18.46,20597.42
Maize,Karnataka,Rabi,3502,30.32,106175.14
Maize,Punjab,Kharif,2060,24.81,51102.73
Cotton,Gujarat,Rabi,2016,32.1,64713.68
Soybean,Karnataka,Rabi,1822,32.75,59676.3
Cotton,Punjab,Kharif,1219,22.1,26936.44
Rice,Tamil Nadu,Kharif,4081,32.12,131084.99
Cotton,Maharashtra,Rabi,1355,31.43,42586.7
Wheat,Karnataka,Rabi,4202,24.05,101065.26
Wheat,Tamil Nadu,Kharif,1523,19.13,29133.4
Soybean,Punjab,Rabi,4077,18.04,73561.69
Rice,Tamil Nadu,Kharif,3849,34.56,133021.98
Cotton,Tamil Nadu,Kharif,2749,21.12,58071.87
Maize,Gujarat,Rabi,3891,21.67,84318.5
Cotton,Punjab,Rabi,2476,23.48,58124.75
Wheat,Tamil Nadu,Kharif,3291,21.87,71979.01
Rice,Gujarat,Kharif,1581,22.81,36069.02
Maize,Tamil Nadu,Kharif,847,28.23,23907.69
Cotton,Gujarat,Rabi,3667,24.76,90808.8
Wheat,Punjab,Rabi,3807,15.24,58035.14
Wheat,Punjab,Kharif,1127,30.08,33898.3
Soybean,Karnataka,Kharif,1560,29.5,46013.47
Wheat,Gujarat,Kharif,3857,24.67,95161.02
Soybean,Tamil Nadu,Kharif,2192,29.51,64686.55
Cotton,Tamil Nadu,Kharif,3471,31.68,109976.86
Cotton,Gujarat,Rabi,4148,23.46,97305.47
Wheat,Maharashtra,Rabi,3939,28.32,111563.12
Maize,Punjab,Rabi,3872,31.16,120669.08
Maize,Punjab,Rabi,1689,16.54,27934.25
Wheat,Punjab,Rabi,4200,27.28,114578.63
Cotton,Tamil Nadu,Kharif,4518,33.48,151284.64
Soybean,Punjab,Kharif,3936,32.72,128782.13
Wheat,Punjab,Kharif,2525,31.15,78652.98
Rice,Punjab,Kharif,3418,17.21,58828.05
Soybean,Karnataka,Kharif,1265,16.29,20607.13
Soybean,Gujarat,Kharif,3471,31.43,109106.42
Cotton,Gujarat,Kharif,1977,26.48,52342.1
Soybean,Karnataka,Kharif,4277,18.99,81200.88
Cotton,Maharashtra,Rabi,2768,17.84,49381.73
Cotton,Punjab,Rabi,2789,15.24,42514.26
Cotton,Maharashtra,Kharif,4664,22.65,105643.85
Rice,Punjab,Kharif,2097,30.11,63133.37
Rice,Karnataka,Rabi,2147,29.85,64093.04
Rice,Punjab,Kharif,3390,23.85,80853.65
Soybean,Karnataka,Kharif,2464,16.88,41584.53
Maize,Gujarat,Kharif,1777,34.77,61783.86
Maize,Maharashtra,Rabi,4379,18.15,79459.89
Rice,Gujarat,Kharif,2839,15.21,43170.4
Rice,Maharashtra,Rabi,854,22.96,19606.85
Cotton,Punjab,Kharif,4685,26.93,126186.82
Soybean,Punjab,Kharif,3659,16.6,60749.35
Soybean,Maharashtra,Rabi,3608,34.95,126094.34
Wheat,Gujarat,Rabi,1127,16.42,18505.57
Rice,Gujarat,Rabi,2075,29.15,60483.85
Maize,Punjab,Kharif,3175,15.43,48987.84
Rice,Maharashtra,Kharif,624,15.03,9377.75
Wheat,Maharashtra,Rabi,1515,16.66,25241.18
Cotton,Punjab,Rabi,2362,30.93,73054.79
Wheat,Maharashtra,Kharif,2935,21.04,61754.66
Wheat,Gujarat,Kharif,2206,15.78,34815.3
Maize,Gujarat,Kharif,531,24.91,13227.47
Cotton,Gujarat,Kharif,2852,28.92,82469.32
Maize,Gujarat,Kharif,908,15.15,13755.03
Soybean,Gujarat,Kharif,3743,19.58,73292.6
Cotton,Tamil Nadu,Rabi,1239,32.4,40143.53
Soybean,Maharashtra,Kharif,2831,16.17,45767.82
Wheat,Gujarat,Kharif,988,29.24,28889.34
Maize,Punjab,Rabi,1932,31.26,60389.46
Cotton,Maharashtra,Kharif,3712,21.91,81329.58
Wheat,Gujarat,Kharif,3881,17.37,67399.22
Cotton,Tamil Nadu,Kharif,817,17.8,14541.36
Maize,Maharashtra,Rabi,2222,24.79,55084.61
Cotton,Maharashtra,Kharif,3386,32.25,109212.42
Rice,Tamil Nadu,Rabi,4598,25.04,115117.79
Soybean,Tamil Nadu,Rabi,3679,34.53,127034.41
Cotton,Tamil Nadu,Kharif,3205,22.76,72950.41
Maize,Maharashtra,Rabi,955,30.52,29151.05
Rice,Punjab,Kharif,1340,28.72,38485.6
Rice,Gujarat,Rabi,2159,31.62,68277.17
Maize,Gujarat,Rabi,2829,32.35,91508.04
Wheat,Punjab,Kharif,2535,21.15,53609.46
Maize,Karnataka,Rabi,2246,23.62,53041.72
Rice,Karnataka,Rabi,1522,33.85,51515.28
Cotton,Tamil Nadu,Rabi,582,19.1,11116.62
Soybean,Tamil Nadu,Kharif,2629,20.93,55019.11
Rice,Karnataka,Rabi,2434,20.71,50412.06
Cotton,Karnataka,Rabi,2963,15.83,46916.88
Soybean,Karnataka,Rabi,1266,34.57,43764.09
Maize,Karnataka,Rabi,4736,23.05,109150.81
Soybean,Maharashtra,Rabi,886,23.63,20936.29
Maize,Gujarat,Kharif,2568,27.38,70324.04
Maize,Tamil Nadu,Rabi,610,28.67,17487.17
Maize,Punjab,Kharif,4199,22.48,94398.59
Soybean,Gujarat,Kharif,4231,33.68,142489.88
Soybean,Karnataka,Kharif,2284,23.99,54791.85
Maize,Punjab,Rabi,1253,21.24,26614.57
Soybean,Gujarat,Rabi,2890,17.4,50294.07
Rice,Maharashtra,Kharif,4132,16.91,69876.84
Cotton,Karnataka,Rabi,3262,26.93,87854.15
Cotton,Karnataka,Kharif,839,16.3,13677.36
Wheat,Gujarat,Kharif,1622,33.57,54454.67
Rice,Gujarat,Rabi,1501,20.93,31415.5
Soybean,Karnataka,Kharif,2340,24.4,57086.41
Maize,Gujarat,Rabi,4773,29.11,138925.65
Maize,Karnataka,Rabi,3667,28.75,105413.83
Cotton,Maharashtra,Rabi,2027,29.7,60211.37
Maize,Gujarat,Kharif,2076,20.74,43053.52
Cotton,Maharashtra,Rabi,4555,24.59,112005.72
Cotton,Punjab,Rabi,1587,18.81,29847.19
Wheat,Karnataka,Rabi,3477,28.62,99516.92
Rice,Karnataka,Kharif,3151,32.06,101033.49
Soybean,Punjab,Kharif,1406,18.7,26294.41
Cotton,Tamil Nadu,Rabi,1964,16.28,31964.65
Rice,Gujarat,Rabi,3069,30.13,92467.24
Maize,Tamil Nadu,Kharif,4792,33.84,162173.24
Maize,Tamil Nadu,Kharif,4074,20.66,84155.84
Cotton,Gujarat,Kharif,2319,20.08,46566.71
Maize,Tamil Nadu,Rabi,2917,20.65,60236.18
Soybean,Punjab,Kharif,2591,19.59,50759.8
Maize,Gujarat,Kharif,4740,29.83,141384.19
Wheat,Karnataka,Kharif,1747,22.38,39095.16
Wheat,Punjab,Rabi,1088,15.49,16854.56
Rice,Karnataka,Rabi,3088,34.54,106669.91
Cotton,Gujarat,Rabi,4767,17.19,81938.6
Cotton,Karnataka,Kharif,4815,22.39,107796.21
Rice,Gujarat,Kharif,2357,26.03,61361.35
Cotton,Gujarat,Rabi,743,16.35,12150.55
Cotton,Tamil Nadu,Rabi,3435,29.27,100556.93
Soybean,Tamil Nadu,Kharif,2520,27.93,70385.53
Rice,Tamil Nadu,Kharif,3282,23.15,75969.53
Cotton,Tamil Nadu,Rabi,2057,20.49,42154.41
Maize,Karnataka,Kharif,4190,26.5,111036.78
Soybean,Punjab,Rabi,772,24.29,18752.81
Maize,Punjab,Kharif,1488,33.12,49285.73
Soybean,Tamil Nadu,Kharif,963,28.01,26974.7
Cotton,Gujarat,Kharif,3838,16.55,63524.75
Rice,Gujarat,Kharif,2956,34.19,101066.5
Rice,Tamil Nadu,Kharif,789,23.41,18468.77
Wheat,Gujarat,Rabi,1242,18.49,22969.05
Rice,Punjab,Rabi,4793,30.0,143794.56
Cotton,Gujarat,Kharif,2716,17.65,47938.89
Rice,Maharashtra,Kharif,1632,20.71,33795.71
Cotton,Punjab,Kharif,4048,29.54,119593.4
Cotton,Tamil Nadu,Rabi,3481,19.81,68953.34
Cotton,Karnataka,Rabi,2018,19.9,40164.93
Cotton,Tamil Nadu,Kharif,3131,15.53,48614.23
Rice,Gujarat,Kharif,641,15.63,10016.34
Maize,Tamil Nadu,Rabi,4790,17.68,84698.5
Maize,Gujarat,Rabi,1448,21.62,31305.85
Wheat,Maharashtra,Rabi,525,25.61,13444.21
Maize,Maharashtra,Rabi,1278,28.76,36750.89
Wheat,Karnataka,Kharif,3806,31.72,120712.38
Cotton,Karnataka,Rabi,4292,22.99,98690.71
Maize,Tamil Nadu,Kharif,2018,29.51,59554.7
Wheat,Punjab,Rabi,3887,21.35,82980.69
Wheat,Gujarat,Rabi,3555,21.0,74647.68
Cotton,Maharashtra,Rabi,3855,23.66,91213.08
Maize,Tamil Nadu,Rabi,593,16.16,9584.33
Cotton,Punjab,Kharif,2771,18.68,51767.51
Wheat,Gujarat,Kharif,4229,15.69,66341.27
Soybean,Tamil Nadu,Rabi,2813,15.04,42316.37
Maize,Punjab,Rabi,3926,16.75,65765.11
Soybean,Punjab,Kharif,1885,29.41,55429.88
Rice,Karnataka,Rabi,1471,17.58,25853.75
Cotton,Gujarat,Kharif,2897,20.32,58880.38
Maize,Punjab,Kharif,1029,29.73,30592.96
Maize,Maharashtra,Rabi,1380,29.27,40390.9
Soybean,Maharashtra,Kharif,2594,27.33,70888.15
Soybean,Punjab,Kharif,2519,19.49,49093.07
Maize,Maharashtra,Kharif,1628,24.74,40278.67
Soybean,Tamil Nadu,Rabi,1694,30.82,52203.83
Cotton,Maharashtra,Kharif,4799,29.9,143497.42
Cotton,Gujarat,Rabi,1122,18.35,20590.5
Rice,Tamil Nadu,Kharif,3560,30.21,107546.37
Cotton,Karnataka,Rabi,2488,22.71,56491.08
Soybean,Karnataka,Kharif,3731,21.21,79150.75
Maize,Punjab,Kharif,1349,26.01,35081.26
Soybean,Punjab,Kharif,3432,28.34,97253.49
Maize,Punjab,Kharif,2235,19.66,43948.09
Wheat,Maharashtra,Rabi,3643,29.43,107212.28
Rice,Karnataka,Kharif,2146,31.43,67451.07
Rice,Karnataka,Rabi,2668,34.9,93109.44
Cotton,Punjab,Rabi,651,31.39,20437.44
Cotton,Gujarat,Rabi,3725,24.52,91340.88
Maize,Tamil Nadu,Rabi,2926,28.17,82415.28
Rice,Gujarat,Kharif,676,26.96,18224.79
Cotton,Gujarat,Rabi,2582,24.65,63639.09
Wheat,Punjab,Rabi,4669,17.7,82626.89
Rice,Karnataka,Rabi,3842,23.48,90195.86
Maize,Maharashtra,Rabi,2178,32.72,71266.12
Maize,Gujarat,Rabi,2342,24.82,58138.64
Cotton,Tamil Nadu,Kharif,572,16.11,9213.37
Wheat,Maharashtra,Kharif,2379,26.26,62462.36
Wheat,Maharashtra,Rabi,2151,15.68,33732.22
Rice,Gujarat,Rabi,3081,21.49,66225.55
Soybean,Maharashtra,Rabi,2923,32.03,93632.38
Wheat,Karnataka,Rabi,567,19.63,11130.78
Wheat,Karnataka,Rabi,2089,34.67,72418.35
Rice,Karnataka,Kharif,3309,30.05,99442.72
Maize,Punjab,Kharif,3383,17.56,59388.65
Cotton,Karnataka,Rabi,1898,26.87,50998.23
Rice,Maharashtra,Rabi,4329,30.22,130827.84
Cotton,Maharashtra,Kharif,4388,25.03,109847.08
Wheat,Punjab,Kharif,3821,26.7,102026.84
Soybean,Punjab,Kharif,3823,33.27,127180.07
Soybean,Gujarat,Rabi,4846,31.85,154350.63
Soybean,Tamil Nadu,Kharif,997,22.73,22664.7
Rice,Gujarat,Kharif,2850,29.65,84511.05
Rice,Punjab,Kharif,2468,26.02,64228.66
Rice,Maharashtra,Kharif,3302,30.64,101179.31
Rice,Maharashtra,Kharif,2508,26.5,66465.89
Wheat,Karnataka,Kharif,4255,33.51,142578.82
Rice,Tamil Nadu,Kharif,841,17.34,14580.91
Cotton,Punjab,Kharif,4073,30.39,123764.2
Cotton,Gujarat,Rabi,1508,26.36,39744.82
Wheat,Karnataka,Kharif,4811,15.94,76674.87
Maize,Tamil Nadu,Rabi,4226,32.24,136247.49
Cotton,Punjab,Kharif,3422,17.62,60285.5
Maize,Punjab,Kharif,2996,21.71,65049.9
Maize,Karnataka,Kharif,1184,15.03,17790.87
Cotton,Gujarat,Rabi,3084,33.47,103218.93
Rice,Tamil Nadu,Rabi,2611,17.31,45187.7
Rice,Maharashtra,Rabi,1871,20.97,39229.05
Cotton,Gujarat,Kharif,4688,18.18,85244.27
Cotton,Tamil Nadu,Rabi,2125,18.74,39814.64
Maize,Punjab,Kharif,3626,26.56,96311.09
Soybean,Gujarat,Kharif,4180,24.06,100581.4
Rice,Gujarat,Rabi,4193,19.69,82575.41
Soybean,Maharashtra,Kharif,2603,18.68,48626.45
Soybean,Karnataka,Kharif,1446,34.63,50073.8
Rice,Gujarat,Rabi,2328,28.57,66521.35
Cotton,Tamil Nadu,Kharif,771,29.36,22637.68
Cotton,Maharashtra,Rabi,4149,29.79,123606.75
Wheat,Punjab,Rabi,3881,18.55,72001.67
Maize,Karnataka,Kharif,2947,34.55,101816.17
Rice,Maharashtra,Kharif,1513,23.91,36182.59
Cotton,Gujarat,Rabi,2847,25.99,73985.88
Cotton,Tamil Nadu,Rabi,4640,27.76,128819.27
Wheat,Maharashtra,Kharif,1711,30.54,52247.68
Soybean,Tamil Nadu,Kharif,1890,24.22,45769.58
Rice,Maharashtra,Rabi,2941,30.58,89946.89
Cotton,Tamil Nadu,Kharif,2460,23.13,56890.37
Wheat,Tamil Nadu,Kharif,3926,24.19,94977.74
Maize,Punjab,Rabi,2879,19.63,56520.98
Wheat,Punjab,Rabi,3084,30.33,93537.98
Soybean,Karnataka,Kharif,3927,28.28,111068.71
Soybean,Gujarat,Kharif,3299,16.53,54516.39
Wheat,Tamil Nadu,Kharif,818,29.35,24011.38
Wheat,Maharashtra,Rabi,4941,33.88,167418.45
Cotton,Karnataka,Rabi,2026,19.6,39709.22
Cotton,Maharashtra,Rabi,4202,31.04,130412.32
Wheat,Tamil Nadu,Kharif,680,16.0,10882.07
Cotton,Punjab,Rabi,3617,32.3,116834.89
Wheat,Punjab,Kharif,4398,17.93,78847.04
Cotton,Karnataka,Kharif,3644,31.26,113913.41
Soybean,Gujarat,Kharif,4151,31.28,129823.06
Rice,Karnataka,Rabi,3947,27.28,107664.57
Rice,Punjab,Kharif,2258,34.65,78239.37
Maize,Gujarat,Rabi,4856,20.15,97854.53
Cotton,Maharashtra,Rabi,3515,32.31,113573.43
Soybean,Karnataka,Kharif,3608,25.5,92020.08
Soybean,Karnataka,Kharif,1878,30.6,57458.03
Wheat,Maharashtra,Rabi,518,19.29,9994.64
Soybean,Gujarat,Rabi,2461,16.99,41816.45
Soybean,Maharashtra,Kharif,4437,28.79,127751.53
Wheat,Tamil Nadu,Kharif,4016,21.81,87586.14
Cotton,Tamil Nadu,Rabi,1984,21.39,42442.23
Soybean,Maharashtra,Kharif,1978,26.85,53114.1
Maize,Maharashtra,Rabi,1366,34.19,46703.43
Rice,Gujarat,Rabi,4622,20.38,94213.68
Maize,Tamil Nadu,Kharif,1099,33.39,36690.87
Cotton,Gujarat,Kharif,4250,34.64,147199.0
Wheat,Gujarat,Kharif,3228,26.37,85128.82
Soybean,Karnataka,Kharif,3567,31.32,111721.7
Maize,Punjab,Kharif,1782,25.06,44659.08
Soybean,Tamil Nadu,Rabi,793,26.21,20783.28
Cotton,Tamil Nadu,Rabi,3405,31.38,106863.12
Rice,Tamil Nadu,Rabi,568,27.99,15899.37
Rice,Tamil Nadu,Rabi,896,32.99,29558.32
Cotton,Karnataka,Rabi,1888,33.53,63310.69
Rice,Karnataka,Rabi,3245,34.57,112175.31
Maize,Karnataka,Kharif,1603,33.68,53989.13
Wheat,Maharashtra,Rabi,1527,17.5,26718.96
Cotton,Tamil Nadu,Rabi,4426,19.05,84317.75
Cotton,Punjab,Kharif,2944,18.55,54609.71
Rice,Maharashtra,Kharif,1746,15.55,27158.67
Soybean,Gujarat,Rabi,2476,28.56,70703.89
Wheat,Tamil Nadu,Kharif,1482,30.78,45620.0
Cotton,Punjab,Rabi,1388,18.02,25007.11
Maize,Maharashtra,Kharif,4778,32.07,153215.03
Soybean,Tamil Nadu,Kharif,4735,21.65,102501.15
Cotton,Gujarat,Rabi,4197,17.93,75242.64
Soybean,Karnataka,Kharif,2860,22.73,65021.12
Cotton,Maharashtra,Kharif,2090,32.37,67655.77
Rice,Maharashtra,Rabi,1067,16.38,17477.53
Rice,Maharashtra,Rabi,697,24.34,16964.8
Cotton,Tamil Nadu,Kharif,2996,27.74,83104.74
Cotton,Maharashtra,Rabi,3563,27.45,97795.21
Wheat,Maharashtra,Rabi,3089,18.63,57558.17
Cotton,Maharashtra,Kharif,4056,26.32,106754.83
Wheat,Tamil Nadu,Rabi,3394,31.24,106040.2
Rice,Maharashtra,Kharif,2776,24.03,66708.66
Rice,Gujarat,Rabi,3470,22.64,78571.39
Wheat,Maharashtra,Kharif,2970,32.69,97101.55
Soybean,Punjab,Rabi,942,31.35,29528.86
Cotton,Karnataka,Kharif,4890,32.29,157916.11
Maize,Tamil Nadu,Kharif,4064,28.06,114034.6
Wheat,Punjab,Rabi,1000,24.5,24503.54
Soybean,Karnataka,Kharif,4057,16.35,66323.49
Maize,Punjab,Rabi,1767,22.42,39612.14
Rice,Punjab,Kharif,4887,34.06,166438.31
Rice,Karnataka,Rabi,1995,29.7,59242.91
Wheat,Maharashtra,Kharif,4059,22.15,89896.16
Wheat,Gujarat,Rabi,4289,16.94,72662.62
Maize,Gujarat,Kharif,1660,18.8,31205.08
Wheat,Gujarat,Kharif,3208,16.11,51693.17
Soybean,Punjab,Rabi,1869,24.39,45588.71
Cotton,Tamil Nadu,Kharif,2573,15.85,40769.27
Maize,Tamil Nadu,Kharif,890,27.84,24780.8
Soybean,Tamil Nadu,Rabi,583,21.91,12771.9
Rice,Gujarat,Rabi,1002,31.66,31722.36
Maize,Punjab,Rabi,2713,16.84,45677.96
Maize,Karnataka,Rabi,2180,25.59,55783.73
Maize,Maharashtra,Rabi,2167,19.57,42410.81
Maize,Punjab,Rabi,1774,18.88,33490.55
Soybean,Punjab,Rabi,2568,31.74,81500.41
Cotton,Karnataka,Rabi,2391,19.21,45924.1
Wheat,Maharashtra,Kharif,1211,25.38,30736.99
Maize,Tamil Nadu,Kharif,3925,21.35,83808.31
Cotton,Tamil Nadu,Rabi,559,28.74,16066.53
Maize,Punjab,Rabi,2645,29.58,78244.41
Cotton,Tamil Nadu,Kharif,4589,29.82,136864.9
Soybean,Karnataka,Kharif,4273,28.18,120415.28
Maize,Maharashtra,Rabi,1149,22.27,25586.68
Cotton,Gujarat,Kharif,2186,31.81,69547.25
Rice,Maharashtra,Kharif,699,17.52,12244.48
Wheat,Maharashtra,Kharif,3124,18.65,58274.44
Rice,Maharashtra,Kharif,534,23.38,12486.59
Wheat,Gujarat,Rabi,3492,32.4,113139.37
Soybean,Maharashtra,Kharif,3546,25.54,90562.5
Rice,Karnataka,Kharif,3460,21.83,75543.64
Rice,Karnataka,Kharif,4114,16.06,66090.47
Cotton,Punjab,Rabi,4088,18.66,76280.46
Rice,Punjab,Rabi,1921,28.5,54748.54
Rice,Gujarat,Kharif,3379,31.42,106177.04
Soybean,Gujarat,Rabi,4875,20.49,99880.31
Rice,Gujarat,Rabi,4831,32.86,158764.95
Soybean,Gujarat,Kharif,3607,29.94,107982.0
Soybean,Punjab,Kharif,3552,33.69,119652.67
Soybean,Maharashtra,Rabi,1426,31.54,44973.63
Rice,Maharashtra,Rabi,4557,29.92,136361.4
Soybean,Karnataka,Kharif,3945,17.78,70151.7
Wheat,Punjab,Rabi,4105,27.35,112266.66
Wheat,Gujarat,Rabi,2594,24.74,64172.6
Rice,Karnataka,Rabi,4770,30.9,147372.26
Cotton,Maharashtra,Kharif,2050,28.73,58900.55
Soybean,Gujarat,Rabi,4357,17.05,74279.24
Maize,Gujarat,Kharif,2955,15.81,46716.84
Cotton,Karnataka,Rabi,741,19.87,14722.2
Maize,Gujarat,Rabi,2251,29.36,66088.61
Maize,Karnataka,Kharif,4197,28.13,118076.68
Wheat,Punjab,Rabi,2844,27.74,78879.32
Wheat,Karnataka,Kharif,1158,28.44,32933.45
Rice,Tamil Nadu,Rabi,2198,15.26,33533.34
Wheat,Punjab,Rabi,4075,18.98,77339.55
Rice,Maharashtra,Kharif,4211,22.62,95259.86
Wheat,Karnataka,Kharif,552,21.79,12030.71
Cotton,Maharashtra,Kharif,4327,20.79,89958.82
Wheat,Gujarat,Kharif,4286,21.15,90670.11
Soybean,Maharashtra,Rabi,1551,34.14,52953.83
Soybean,Punjab,Kharif,1038,29.19,30296.39
Cotton,Maharashtra,Kharif,3464,28.11,97363.34
Rice,Karnataka,Rabi,1878,34.39,64585.76
Rice,Karnataka,Kharif,518,15.68,8122.76
Soybean,Gujarat,Kharif,4052,31.13,126135.48
Rice,Gujarat,Rabi,3547,22.27,79003.27
Rice,Gujarat,Rabi,2559,16.56,42365.58
Soybean,Gujarat,Rabi,4180,31.45,131475.39
Soybean,Tamil Nadu,Kharif,3555,29.59,105207.34
Rice,Tamil Nadu,Kharif,4587,17.98,82457.69
Soybean,Gujarat,Kharif,3642,20.45,74466.76
Wheat,Tamil Nadu,Kharif,1316,30.71,40416.06
Maize,Gujarat,Kharif,1417,29.73,42122.12
Wheat,Gujarat,Kharif,1276,23.29,29714.62
Soybean,Gujarat,Kharif,4684,19.81,92799.9
Wheat,Punjab,Rabi,4546,18.35,83398.92
Rice,Gujarat,Kharif,3886,25.58,99394.67
Maize,Punjab,Rabi,4368,22.61,98773.75
Cotton,Gujarat,Rabi,2260,17.78,40179.58
Maize,Gujarat,Kharif,3006,21.16,63593.61
Soybean,Punjab,Rabi,3580,18.85,67472.2
Soybean,Gujarat,Kharif,3472,22.33,77535.72
Rice,Tamil Nadu,Rabi,4506,29.93,134879.75
Maize,Tamil Nadu,Rabi,1590,19.77,31434.69
Soybean,Punjab,Rabi,4985,31.44,156706.9
Wheat,Punjab,Kharif,1606,32.64,52416.87
Wheat,Tamil Nadu,Rabi,4344,19.65,85380.91
Soybean,Maharashtra,Rabi,808,32.3,26100.93
Maize,Punjab,Rabi,1076,25.31,27237.05
Cotton,Gujarat,Rabi,4019,28.66,115174.04
Rice,Gujarat,Rabi,4556,32.18,146606.46
Rice,Karnataka,Rabi,3482,31.27,108870.9
Rice,Gujarat,Rabi,1428,34.64,49468.77
Wheat,Gujarat,Kharif,2116,27.41,57996.98
Wheat,Gujarat,Rabi,4676,26.53,124048.66
Rice,Tamil Nadu,Rabi,3254,27.51,89524.53
Cotton,Gujarat,Kharif,4296,21.09,90589.63
Wheat,Gujarat,Kharif,709,32.61,23119.13
Wheat,Tamil Nadu,Rabi,2161,20.76,44854.06
Wheat,Maharashtra,Kharif,1433,15.12,21670.26
Soybean,Punjab,Rabi,2795,25.84,72209.87
Soybean,Tamil Nadu,Kharif,1438,28.25,40626.68
Soybean,Karnataka,Kharif,882,30.72,27095.2
Wheat,Tamil Nadu,Rabi,1775,22.78,40434.08
Maize,Gujarat,Kharif,2646,34.56,91456.74
Soybean,Gujarat,Kharif,1267,33.44,42373.62
Cotton,Gujarat,Kharif,670,26.78,17945.54
Rice,Karnataka,Rabi,3552,22.83,81076.16
Wheat,Karnataka,Kharif,4792,17.27,82735.58
Cotton,Maharashtra,Kharif,1662,20.12,33447.22
Soybean,Punjab,Kharif,726,25.24,18323.91
Soybean,Gujarat,Kharif,3084,16.69,51477.45
Cotton,Punjab,Rabi,952,28.09,26746.21
Soybean,Punjab,Rabi,3749,22.55,84536.48
Soybean,Punjab,Rabi,920,18.89,17381.04
Soybean,Karnataka,Kharif,4742,18.81,89203.77
Wheat,Maharashtra,Kharif,4342,21.35,92717.53
Rice,Tamil Nadu,Kharif,1419,16.75,23769.8
Soybean,Karnataka,Rabi,1777,24.63,43764.64
Maize,Maharashtra,Rabi,2680,26.75,71681.17
Cotton,Tamil Nadu,Rabi,1446,15.86,22926.49
Cotton,Maharashtra,Kharif,1108,17.62,19526.38
Maize,Tamil Nadu,Kharif,4178,27.24,113813.27
Soybean,Punjab,Kharif,1645,19.03,31304.38
Wheat,Karnataka,Kharif,1053,15.63,16456.52
Rice,Karnataka,Rabi,4093,24.16,98885.35
Soybean,Tamil Nadu,Kharif,1929,25.46,49105.77
Rice,Punjab,Kharif,4784,29.4,140644.75
Wheat,Gujarat,Kharif,2409,33.3,80221.03
Rice,Karnataka,Kharif,3612,33.6,121347.41
Soybean,Tamil Nadu,Rabi,1122,29.13,32682.43
Rice,Punjab,Rabi,3676,26.59,97736.13
Soybean,Karnataka,Rabi,2071,26.62,55120.11
Cotton,Tamil Nadu,Kharif,2710,30.95,83871.12
Wheat,Tamil Nadu,Kharif,2637,33.53,88416.22
Maize,Punjab,Rabi,3875,25.32,98117.39
Soybean,Punjab,Rabi,4166,34.1,142063.36
Maize,Punjab,Rabi,4003,18.41,73696.85
Wheat,Gujarat,Kharif,3864,27.49,106227.99
Rice,Karnataka,Kharif,1915,15.07,28863.48
Soybean,Punjab,Rabi,3733,34.82,129988.78
Wheat,Gujarat,Kharif,4697,27.47,129043.9
Maize,Maharashtra,Kharif,4839,33.73,163199.42
Rice,Tamil Nadu,Rabi,1569,16.06,25194.87
Rice,Maharashtra,Rabi,1556,22.53,35053.33
Soybean,Maharashtra,Rabi,3056,23.31,71247.93
Soybean,Punjab,Rabi,1207,19.96,24095.73
Maize,Tamil Nadu,Kharif,669,24.94,16681.99
Rice,Tamil Nadu,Kharif,1582,16.5,26098.5
Rice,Tamil Nadu,Rabi,3028,15.81,47882.59
Soybean,Tamil Nadu,Kharif,3920,16.43,64397.58
Rice,Maharashtra,Rabi,2008,16.44,33016.74
Wheat,Tamil Nadu,Kharif,4329,18.45,79848.57
Rice,Tamil Nadu,Kharif,3396,21.46,72874.41
Cotton,Tamil Nadu,Kharif,2205,32.96,72675.8
Wheat,Karnataka,Rabi,3032,16.71,50678.99
Maize,Karnataka,Rabi,1529,27.14,41495.92
Wheat,Gujarat,Kharif,1337,33.72,45084.11
Rice,Punjab,Rabi,3891,15.01,58391.9
Maize,Punjab,Kharif,1055,27.77,29301.05
Wheat,Punjab,Rabi,2657,26.23,69701.04
Rice,Maharashtra,Rabi,745,18.15,13519.27
Soybean,Maharashtra,Rabi,3463,20.41,70679.48
Maize,Tamil Nadu,Kharif,1241,17.06,21177.1
Wheat,Punjab,Rabi,3082,20.23,62345.29
Rice,Karnataka,Rabi,4472,24.4,109130.18
Wheat,Karnataka,Rabi,3016,25.66,77376.74
Rice,Gujarat,Rabi,1882,25.96,48859.08
Soybean,Punjab,Rabi,2461,16.77,41264.97
Cotton,Tamil Nadu,Kharif,1580,18.76,29644.03
Rice,Punjab,Rabi,3933,21.85,85924.01
Maize,Karnataka,Kharif,2420,33.76,81691.81
Maize,Karnataka,Kharif,1547,21.05,32558.04
Wheat,Punjab,Rabi,1215,31.63,38427.11
Maize,Karnataka,Rabi,3945,29.73,117272.24
Maize,Maharashtra,Kharif,2274,23.08,52480.63
Wheat,Karnataka,Rabi,3738,23.32,87154.19
Maize,Punjab,Kharif,829,32.17,26668.8
Soybean,Punjab,Kharif,4041,24.88,100539.34
Soybean,Karnataka,Kharif,4591,19.5,89501.57
Maize,Karnataka,Rabi,1669,16.48,27508.36
Rice,Gujarat,Rabi,4112,24.09,99055.66
Cotton,Gujarat,Kharif,2786,27.31,76093.86
Wheat,Karnataka,Rabi,1195,21.39,25564.25
Cotton,Karnataka,Rabi,2327,18.49,43031.88
Maize,Tamil Nadu,Kharif,612,34.59,21166.7
Maize,Punjab,Rabi,2690,33.45,89967.11
Cotton,Tamil Nadu,Rabi,1632,23.48,38319.72
Maize,Maharashtra,Kharif,3809,21.05,80189.1
Rice,Tamil Nadu,Rabi,1675,18.82,31525.01
Soybean,Maharashtra,Rabi,3736,26.2,97876.21
Cotton,Maharashtra,Rabi,2068,16.03,33156.3
Soybean,Tamil Nadu,Rabi,4756,28.32,134700.83
Soybean,Maharashtra,Kharif,3272,31.52,103118.83
Soybean,Punjab,Kharif,1364,24.1,32867.88
Rice,Tamil Nadu,Rabi,2281,19.86,45309.74
Rice,Karnataka,Kharif,2364,25.29,59792.98
Soybean,Punjab,Rabi,613,31.61,19375.52
Wheat,Karnataka,Kharif,1301,24.07,31309.72
Maize,Punjab,Rabi,2661,23.45,62406.42
Wheat,Maharashtra,Rabi,1826,22.63,41327.81
Cotton,Punjab,Kharif,2570,31.08,79879.3
Rice,Karnataka,Kharif,1073,28.36,30428.99
Maize,Maharashtra,Kharif,976,22.85,22303.07
Cotton,Karnataka,Kharif,1415,24.0,33963.29
Maize,Maharashtra,Rabi,751,28.16,21149.15
Soybean,Karnataka,Rabi,1660,21.95,36443.52
Rice,Karnataka,Kharif,4761,24.13,114898.36
Rice,Punjab,Kharif,4980,32.29,160782.45
Cotton,Gujarat,Kharif,3120,34.94,109010.13
Wheat,Gujarat,Kharif,4066,26.83,109085.79
Rice,Maharashtra,Rabi,2086,15.66,32665.68
Wheat,Punjab,Kharif,1378,25.77,35517.12
Cotton,Punjab,Rabi,1266,29.63,37506.94
Maize,Punjab,Kharif,2350,25.86,60771.89
Soybean,Tamil Nadu,Kharif,4587,26.72,122553.86
Rice,Gujarat,Rabi,3799,16.24,61707.13
Wheat,Punjab,Rabi,3645,17.58,64089.92
Cotton,Karnataka,Rabi,513,18.32,9397.3
Maize,Tamil Nadu,Kharif,2350,27.93,65632.34
Cotton,Gujarat,Rabi,2602,33.9,88204.81
Soybean,Karnataka,Rabi,4972,28.63,142341.76
Rice,Tamil Nadu,Rabi,1614,16.29,26296.22
Rice,Karnataka,Kharif,1275,33.13,42242.84
Rice,Karnataka,Kharif,4020,32.98,132579.91
Cotton,Tamil Nadu,Rabi,1788,19.17,34275.29
Wheat,Karnataka,Rabi,3980,34.33,136632.62
Wheat,Karnataka,Rabi,1811,34.67,62784.1
Soybean,Tamil Nadu,Kharif,3367,25.07,84399.14
Rice,Maharashtra,Rabi,3583,31.06,111297.48
Wheat,Maharashtra,Kharif,610,34.84,21250.57
Soybean,Punjab,Kharif,2639,16.17,42683.93
Wheat,Karnataka,Rabi,4316,18.96,81840.5
Maize,Punjab,Kharif,2205,28.45,62736.38
Rice,Punjab,Kharif,4765,15.58,74246.06
Rice,Gujarat,Kharif,3275,27.88,91315.08
Maize,Punjab,Rabi,4167,23.53,98062.47
Rice,Tamil Nadu,Kharif,3917,23.17,90758.33
Rice,Gujarat,Kharif,4272,17.86,76276.69
Wheat,Tamil Nadu,Rabi,569,24.74,14074.71
Rice,Tamil Nadu,Kharif,4330,31.89,138086.42
Cotton,Maharashtra,Rabi,2748,26.01,71464.62
Cotton,Maharashtra,Kharif,1499,21.93,32869.96
Cotton,Gujarat,Rabi,4730,16.47,77910.7
Wheat,Tamil Nadu,Kharif,1983,22.35,44317.42
Maize,Karnataka,Rabi,548,34.37,18833.64
Rice,Punjab,Kharif,1961,24.4,47853.52
Rice,Karnataka,Kharif,727,24.28,17651.8
Maize,Maharashtra,Rabi,4544,21.2,96344.98
Maize,Punjab,Kharif,2125,15.35,32628.75
Rice,Gujarat,Kharif,4767,33.54,159895.88
Rice,Maharashtra,Rabi,553,21.96,12145.75
Rice,Punjab,Rabi,992,16.78,16647.21
Rice,Punjab,Kharif,2593,17.19,44580.62
Rice,Punjab,Kharif,4393,23.15,101697.44
Wheat,Karnataka,Kharif,1109,24.58,27262.1
Cotton,Maharashtra,Rabi,4572,32.35,147908.68
Soybean,Tamil Nadu,Kharif,4147,34.1,141424.34
Soybean,Gujarat,Rabi,3696,18.25,67448.28
Soybean,Gujarat,Rabi,1804,17.74,31997.77
Rice,Punjab,Rabi,2011,32.61,65583.58
Rice,Karnataka,Rabi,4875,17.12,83455.73
Soybean,Tamil Nadu,Kharif,2710,32.78,88830.85
Wheat,Tamil Nadu,Kharif,2945,17.94,52823.15
Soybean,Tamil Nadu,Kharif,4036,26.2,105730.12
Soybean,Karnataka,Kharif,684,33.96,23225.56
Cotton,Maharashtra,Kharif,3928,31.26,122802.73
Wheat,Gujarat,Rabi,1130,17.86,20183.3
Rice,Punjab,Rabi,4793,25.96,124442.37
Wheat,Gujarat,Kharif,2553,25.45,64979.11
Wheat,Gujarat,Kharif,4315,34.05,146939.67
Maize,Maharashtra,Rabi,3444,27.65,95214.68
Cotton,Tamil Nadu,Rabi,700,24.06,16843.63
Maize,Tamil Nadu,Kharif,1763,21.48,37875.51
Rice,Maharashtra,Rabi,1647,29.61,48770.37
Maize,Tamil Nadu,Rabi,3968,30.8,122215.01
Cotton,Tamil Nadu,Rabi,1652,30.47,50329.24
Maize,Punjab,Rabi,759,16.84,12780.84
Wheat,Karnataka,Rabi,4588,18.34,84162.78
Cotton,Tamil Nadu,Kharif,4507,33.57,151289.44
Rice,Tamil Nadu,Kharif,4292,19.28,82767.9
Wheat,Tamil Nadu,Kharif,1627,31.46,51183.25
Maize,Maharashtra,Rabi,655,17.88,11711.26
Maize,Maharashtra,Rabi,2689,30.49,81984.06
Wheat,Punjab,Rabi,665,21.9,14560.84
Cotton,Karnataka,Kharif,3900,34.38,134100.36
Rice,Gujarat,Kharif,1411,17.13,24168.4
Rice,Maharashtra,Kharif,2456,23.99,58918.0
Soybean,Gujarat,Rabi,1589,16.12,25609.45
Rice,Maharashtra,Rabi,3674,27.51,101071.44
Rice,Maharashtra,Kharif,4058,18.04,73225.7
Maize,Tamil Nadu,Kharif,643,32.65,20994.09
Rice,Punjab,Rabi,3839,30.09,115509.77
Rice,Tamil Nadu,Kharif,3917,16.17,63333.96
Cotton,Tamil Nadu,Rabi,2272,33.8,76804.83
Soybean,Gujarat,Kharif,3901,28.48,111089.09
Cotton,Tamil Nadu,Kharif,4295,34.68,148948.83
Wheat,Punjab,Rabi,884,29.93,26460.76
Maize,Karnataka,Rabi,3353,34.46,115543.84
Soybean,Punjab,Kharif,833,24.74,20611.46
Soybean,Gujarat,Rabi,2452,23.34,57218.41
Wheat,Tamil Nadu,Kharif,611,15.89,9706.96
Cotton,Tamil Nadu,Rabi,866,33.02,28594.55
Soybean,Karnataka,Rabi,2033,22.53,45797.41
Cotton,Tamil Nadu,Rabi,4286,20.13,86256.22
Wheat,Maharashtra,Rabi,4522,30.41,137508.38
Wheat,Karnataka,Kharif,3878,32.29,125214.26
Soybean,Tamil Nadu,Rabi,4337,20.04,86901.71
Rice,Punjab,Rabi,1716,22.68,38917.25
Wheat,Punjab,Kharif,3254,15.11,49159.98
Wheat,Karnataka,Rabi,3002,32.91,98795.61
Soybean,Punjab,Rabi,842,15.68,13202.3
Wheat,Punjab,Rabi,4888,28.75,140518.77
Rice,Gujarat,Kharif,3344,17.53,58635.87
Rice,Karnataka,Kharif,3207,16.98,54465.67
Maize,Punjab,Kharif,2299,29.83,68571.07
Soybean,Karnataka,Rabi,3328,16.0,53239.92
Cotton,Punjab,Kharif,1670,20.79,34717.15
Rice,Karnataka,Rabi,2017,18.82,37955.12
Maize,Tamil Nadu,Rabi,3629,34.72,125983.85
Rice,Karnataka,Kharif,2474,32.96,81538.23
Cotton,Karnataka,Rabi,1120,28.64,32073.28
Rice,Karnataka,Kharif,2197,21.46,47156.14
Wheat,Karnataka,Rabi,1272,32.25,41028.1
Maize,Karnataka,Rabi,3647,18.68,68140.49
Cotton,Maharashtra,Rabi,2937,31.88,93643.91
Maize,Karnataka,Rabi,1486,26.32,39109.58
Maize,Gujarat,Rabi,2225,26.8,59627.21
Wheat,Punjab,Kharif,3003,22.8,68471.36
Cotton,Gujarat,Rabi,1045,27.76,29013.07
Rice,Tamil Nadu,Rabi,3610,18.28,65999.36
Wheat,Maharashtra,Kharif,4435,33.16,147062.17
Soybean,Gujarat,Rabi,3642,33.92,123538.15
Cotton,Punjab,Kharif,2453,28.48,69861.57
Rice,Gujarat,Rabi,4304,26.36,113450.2
Cotton,Gujarat,Rabi,2666,27.51,73339.54
Rice,Gujarat,Rabi,995,16.46,16381.35
Wheat,Punjab,Kharif,521,22.87,11915.94
Maize,Punjab,Rabi,2333,31.05,72448.36
Soybean,Punjab,Rabi,2778,29.27,81300.22
Maize,Punjab,Rabi,3413,34.32,117129.98
Soybean,Gujarat,Rabi,3293,15.98,52630.65
Maize,Karnataka,Kharif,2390,33.05,78994.82
Cotton,Gujarat,Kharif,2706,26.02,70400.05
Cotton,Tamil Nadu,Kharif,2039,34.39,70122.6
Cotton,Gujarat,Kharif,2336,28.56,66706.85
Soybean,Karnataka,Kharif,1013,27.14,27495.11
Soybean,Punjab,Kharif,4903,16.43,80567.73
Maize,Tamil Nadu,Rabi,2436,23.75,57866.05
Rice,Karnataka,Rabi,2157,29.97,64639.92
Soybean,Punjab,Rabi,4538,16.08,72993.38
Rice,Karnataka,Kharif,1121,18.33,20551.8
Cotton,Karnataka,Kharif,4829,26.31,127056.33
Maize,Tamil Nadu,Rabi,1674,25.74,43093.91
Rice,Maharashtra,Rabi,1904,32.66,62177.56
Soybean,Punjab,Rabi,3237,31.15,100817.77
Maize,Karnataka,Kharif,3937,32.04,126152.7
Maize,Maharashtra,Kharif,4809,30.99,149012.87
Soybean,Punjab,Kharif,4115,27.88,114721.97
Cotton,Karnataka,Rabi,3365,26.84,90320.85
Soybean,Tamil Nadu,Rabi,3791,29.08,110244.62
Rice,Gujarat,Kharif,4779,21.52,102855.88
Wheat,Karnataka,Rabi,3033,17.84,54111.41
Wheat,Tamil Nadu,Rabi,3852,18.33,70589.04
Wheat,Punjab,Kharif,2451,33.52,82165.4
Wheat,Punjab,Kharif,4873,24.41,118971.62
Rice,Tamil Nadu,Kharif,1984,32.04,63576.59
Rice,Punjab,Rabi,2791,34.62,96635.03
Rice,Gujarat,Rabi,2494,25.63,63925.84
Cotton,Gujarat,Rabi,723,18.78,13576.86
Rice,Gujarat,Rabi,1866,24.16,45075.75
Cotton,Karnataka,Kharif,2013,26.91,54169.72
Maize,Punjab,Rabi,3353,33.9,113650.91
Rice,Gujarat,Rabi,2172,25.69,55794.43
Maize,Gujarat,Kharif,2491,21.65,53934.22
Rice,Maharashtra,Kharif,1672,21.27,35564.35
Soybean,Tamil Nadu,Rabi,2452,21.6,52967.19
Cotton,Gujarat,Rabi,1824,31.12,56756.49
Maize,Maharashtra,Rabi,1691,17.9,30267.53
Maize,Tamil Nadu,Rabi,3671,16.09,59058.2
Soybean,Gujarat,Kharif,786,31.22,24538.23
Wheat,Karnataka,Kharif,860,17.33,14907.05
Maize,Punjab,Rabi,2456,15.08,37045.68
Soybean,Karnataka,Kharif,2369,27.0,63965.1
Wheat,Punjab,Rabi,1508,32.78,49438.99
Maize,Tamil Nadu,Kharif,1659,34.22,56777.45
Cotton,Tamil Nadu,Kharif,4421,20.02,88495.74
Soybean,Tamil Nadu,Rabi,2832,15.91,45051.78
Soybean,Maharashtra,Rabi,3872,18.25,70655.55
Maize,Gujarat,Kharif,3572,19.51,69673.03
Rice,Punjab,Rabi,4182,22.34,93410.36
Soybean,Tamil Nadu,Rabi,4746,20.93,99330.86
Rice,Karnataka,Rabi,920,22.09,20318.75
Rice,Maharashtra,Kharif,1065,21.3,22680.89
Soybean,Tamil Nadu,Rabi,3730,26.62,99301.43
Maize,Tamil Nadu,Kharif,501,27.61,13834.52
Maize,Tamil Nadu,Rabi,536,32.75,17551.34
Wheat,Tamil Nadu,Kharif,4510,30.43,137237.6
Wheat,Punjab,Kharif,1019,19.18,19544.87
Cotton,Tamil Nadu,Kharif,1023,29.97,30657.44
Rice,Karnataka,Kharif,4145,16.5,68388.03
Wheat,Punjab,Rabi,4378,34.5,151049.62
Maize,Tamil Nadu,Kharif,4346,21.71,94368.01
Wheat,Tamil Nadu,Kharif,949,19.27,18289.47
Wheat,Punjab,Kharif,974,28.0,27267.61
Soybean,Punjab,Rabi,2953,34.26,101174.42
Rice,Maharashtra,Rabi,3415,23.08,78827.33
Soybean,Gujarat,Kharif,1284,27.28,35031.35
Soybean,Maharashtra,Kharif,2170,28.96,62832.78
Wheat,Gujarat,Kharif,623,26.54,16531.66
Maize,Tamil Nadu,Kharif,2216,20.57,45587.3
Soybean,Maharashtra,Rabi,3862,22.71,87705.47
Wheat,Gujarat,Rabi,1057,30.33,32058.57
Maize,Gujarat,Rabi,680,28.73,19534.21
Soybean,Tamil Nadu,Rabi,4466,15.22,67951.71
Soybean,Gujarat,Kharif,3856,32.5,125320.97
Soybean,Karnataka,Rabi,1658,27.89,46246.78
Rice,Maharashtra,Kharif,4990,26.54,132451.48
Maize,Maharashtra,Rabi,3531,31.61,111618.54
Wheat,Maharashtra,Kharif,3984,19.8,78893.43
Maize,Tamil Nadu,Rabi,2892,34.54,99899.9
Rice,Maharashtra,Kharif,2896,21.32,61737.15
Soybean,Karnataka,Rabi,3858,24.93,96193.79
Soybean,Punjab,Rabi,3266,15.99,52225.96
Cotton,Karnataka,Rabi,2263,28.37,64190.6
Maize,Tamil Nadu,Kharif,1666,20.34,33880.16
Cotton,Gujarat,Rabi,4533,33.35,151166.7
Soybean,Karnataka,Kharif,1698,15.41,26159.02
Rice,Maharashtra,Rabi,1724,30.69,52902.14
Rice,Karnataka,Rabi,1386,15.89,22022.79
Soybean,Karnataka,Rabi,1603,32.15,51540.03
Rice,Tamil Nadu,Kharif,712,19.98,14227.64
Maize,Tamil Nadu,Rabi,4257,32.56,138628.79
Cotton,Gujarat,Kharif,1747,16.75,29258.5
Rice,Karnataka,Rabi,1151,19.16,22052.32
Rice,Karnataka,Kharif,3406,23.71,80746.99
Wheat,Maharashtra,Rabi,2436,24.05,58576.98
Rice,Karnataka,Rabi,948,20.94,19853.51
Soybean,Maharashtra,Rabi,2836,20.07,56912.31
Cotton,Gujarat,Kharif,3034,29.48,89457.37
Cotton,Karnataka,Rabi,4333,26.79,116102.51
Wheat,Maharashtra,Rabi,718,18.05,12962.77
Wheat,Gujarat,Kharif,2386,28.17,67201.69
Rice,Maharashtra,Rabi,1800,33.6,60478.61
Soybean,Maharashtra,Rabi,972,32.15,31247.5
Soybean,Gujarat,Kharif,1625,25.39,41264.93
Maize,Karnataka,Rabi,2924,30.54,89299.95
Wheat,Tamil Nadu,Kharif,730,16.91,12342.67
Maize,Punjab,Rabi,1450,23.16,33579.05
Cotton,Punjab,Rabi,2642,34.42,90949.22
Soybean,Tamil Nadu,Kharif,1901,21.72,41296.06
Cotton,Punjab,Rabi,2756,28.18,77670.77
Wheat,Gujarat,Kharif,911,17.15,15626.0
Rice,Punjab,Kharif,4737,15.95,75533.21
Cotton,Maharashtra,Rabi,668,20.67,13810.48
Soybean,Punjab,Rabi,2113,33.86,71548.67
Soybean,Karnataka,Kharif,1878,32.93,61834.29
Wheat,Karnataka,Rabi,3786,29.33,111029.51
Wheat,Karnataka,Kharif,3143,29.2,91762.47
Soybean,Punjab,Rabi,3243,25.83,83755.83
Rice,Tamil Nadu,Rabi,1341,21.1,28289.38
Wheat,Punjab,Kharif,3852,24.75,95328.84
Rice,Gujarat,Rabi,3485,15.11,52666.57
Maize,Karnataka,Kharif,3481,21.3,74151.85
Rice,Punjab,Kharif,852,24.22,20633.66
Maize,Karnataka,Rabi,2509,15.41,38665.52
Wheat,Tamil Nadu,Rabi,1082,21.42,23175.27
Rice,Karnataka,Kharif,4977,21.24,105728.61
Wheat,Karnataka,Kharif,1925,20.41,39294.79
Cotton,Karnataka,Kharif,2278,15.91,36240.28
Wheat,Punjab,Rabi,3635,27.94,101565.17
Wheat,Punjab,Rabi,4960,19.87,98553.29
Cotton,Gujarat,Kharif,3580,25.99,93053.64
Soybean,Karnataka,Kharif,4346,31.94,138826.36
Maize,Gujarat,Rabi,4226,27.75,117282.63
Cotton,Punjab,Kharif,782,21.7,16969.86
Soybean,Gujarat,Rabi,2557,25.37,64871.24
Cotton,Maharashtra,Rabi,1431,34.22,48969.25
Cotton,Maharashtra,Kharif,4246,23.72,100699.48
Rice,Tamil Nadu,Kharif,911,19.67,17916.65
Rice,Gujarat,Kharif,567,15.27,8657.82
Cotton,Karnataka,Rabi,2540,18.14,46085.95
Cotton,Tamil Nadu,Kharif,4332,29.49,127750.3
Maize,Maharashtra,Rabi,2881,24.39,70273.2
Wheat,Maharashtra,Kharif,1160,24.64,28580.58
Cotton,Karnataka,Kharif,4614,24.73,114121.44
Cotton,Tamil Nadu,Rabi,1485,28.36,42121.3
Maize,Punjab,Rabi,2714,31.19,84656.4
Rice,Punjab,Kharif,1991,19.96,39734.87
Rice,Tamil Nadu,Kharif,3384,28.02,94833.35
Maize,Gujarat,Rabi,4946,16.69,82552.47
Maize,Tamil Nadu,Kharif,3310,25.91,85764.94
Wheat,Gujarat,Rabi,2778,21.53,59813.91
Rice,Karnataka,Rabi,657,30.01,19714.63
Soybean,Punjab,Kharif,1594,23.46,37396.42
Maize,Gujarat,Kharif,3914,21.87,85614.71
Maize,Punjab,Rabi,4239,30.05,127388.45
Maize,Tamil Nadu,Rabi,4660,19.67,91667.02
Cotton,Maharashtra,Kharif,2447,26.19,64078.88
Wheat,Punjab,Rabi,2772,24.21,67097.61
Rice,Gujarat,Kharif,3355,32.81,110091.01
Cotton,Tamil Nadu,Kharif,3858,31.92,123162.45
Maize,Punjab,Rabi,752,21.71,16324.61
Soybean,Karnataka,Kharif,4933,19.2,94704.4
Maize,Karnataka,Kharif,829,33.96,28155.87
Wheat,Punjab,Kharif,1286,31.75,40826.08
Maize,Punjab,Kharif,3911,16.87,65967.22
Rice,Maharashtra,Rabi,3516,30.71,107970.06
Cotton,Gujarat,Rabi,1564,25.01,39115.25
Cotton,Gujarat,Kharif,2348,32.68,76735.45
Cotton,Gujarat,Rabi,3064,17.69,54197.57
Cotton,Maharashtra,Kharif,3219,15.39,49551.94
Soybean,Tamil Nadu,Rabi,2402,32.18,77293.62
Rice,Tamil Nadu,Kharif,2930,31.54,92406.89
Soybean,Karnataka,Rabi,2108,18.62,39250.04
Wheat,Karnataka,Rabi,4852,32.97,159991.46
Wheat,Punjab,Rabi,617,29.6,18262.74
Cotton,Karnataka,Rabi,3356,16.96,56909.43
Wheat,Maharashtra,Kharif,809,33.56,27149.14
Maize,Tamil Nadu,Kharif,3839,19.06,73187.62
Rice,Punjab,Kharif,4359,25.21,109872.01
Wheat,Tamil Nadu,Kharif,3819,33.68,128611.27
Soybean,Tamil Nadu,Kharif,4164,19.34,80535.06
Maize,Punjab,Kharif,2920,29.16,85135.08
Cotton,Tamil Nadu,Rabi,4991,18.49,92305.51
Rice,Karnataka,Rabi,3141,18.89,59331.38
Soybean,Karnataka,Kharif,2077,15.56,32314.38
Cotton,Gujarat,Rabi,1386,25.2,34929.35
Maize,Gujarat,Rabi,3585,31.53,113034.38
Wheat,Karnataka,Kharif,4205,26.46,111248.58
Cotton,Tamil Nadu,Kharif,2639,15.31,40390.96
Rice,Tamil Nadu,Rabi,1171,29.23,34230.82
Soybean,Maharashtra,Rabi,3325,21.14,70285.24
Rice,Maharashtra,Rabi,4749,20.27,96264.29
Wheat,Maharashtra,Rabi,3344,34.97,116925.59
Maize,Punjab,Rabi,1095,16.67,18256.86
Wheat,Karnataka,Rabi,1613,15.65,25236.8
Maize,Tamil Nadu,Kharif,2494,22.65,56496.51
Soybean,Punjab,Rabi,4582,27.77,127263.74
Soybean,Punjab,Kharif,3128,33.72,105461.44
Soybean,Punjab,Rabi,1040,25.05,26049.95
Wheat,Tamil Nadu,Rabi,2631,20.59,54172.91
Wheat,Gujarat,Rabi,2874,21.83,62738.22
Wheat,Maharashtra,Kharif,3878,15.15,58766.94
Maize,Maharashtra,Rabi,4696,23.34,109601.94
Soybean,Tamil Nadu,Kharif,4706,19.08,89810.35
Cotton,Tamil Nadu,Kharif,1455,30.67,44622.89
Soybean,Gujarat,Kharif,1479,31.04,45906.53
Maize,Gujarat,Rabi,724,30.32,21952.56
Rice,Gujarat,Rabi,782,34.21,26752.57
Rice,Maharashtra,Rabi,3139,18.38,57698.17
Cotton,Tamil Nadu,Kharif,1950,22.45,43773.58
Rice,Punjab,Rabi,3502,32.99,115516.44
Cotton,Gujarat,Rabi,1364,29.77,40609.22
Rice,Maharashtra,Kharif,1153,15.22,17549.78
Wheat,Tamil Nadu,Rabi,2738,21.48,58802.43
Wheat,Punjab,Kharif,3337,30.68,102389.75
Rice,Karnataka,Kharif,3576,16.4,58655.77
Maize,Karnataka,Rabi,4407,26.57,117089.9
Soybean,Punjab,Rabi,3519,22.07,77647.52
Wheat,Punjab,Rabi,4953,24.98,123715.73
Wheat,Punjab,Kharif,4953,21.05,104239.82
Cotton,Gujarat,Rabi,3884,26.05,101164.73
Wheat,Karnataka,Kharif,3868,26.35,101930.73
Cotton,Karnataka,Rabi,517,19.84,10259.45
Wheat,Tamil Nadu,Kharif,1747,31.6,55205.97
Cotton,Karnataka,Rabi,1731,26.12,45217.62
Cotton,Gujarat,Rabi,818,18.51,15139.98
Maize,Karnataka,Rabi,4282,18.53,79329.94
Maize,Maharashtra,Rabi,4223,21.41,90397.1
Soybean,Gujarat,Rabi,3975,34.42,136806.1
Rice,Punjab,Kharif,3654,16.28,59472.97
Soybean,Karnataka,Rabi,556,23.57,13104.08
Soybean,Punjab,Kharif,2137,15.43,32968.3
Cotton,Punjab,Kharif,2549,30.28,77177.24
Soybean,Punjab,Rabi,4515,16.53,74637.9
Rice,Karnataka,Kharif,4448,31.35,139456.8
Wheat,Tamil Nadu,Kharif,2382,28.19,67142.85
Soybean,Punjab,Rabi,1146,29.98,34353.58
Cotton,Punjab,Rabi,1698,28.0,47541.96
Maize,Karnataka,Rabi,1130,27.13,30655.49
Maize,Karnataka,Rabi,4504,17.25,77673.89
Soybean,Karnataka,Rabi,4059,16.06,65175.0
Cotton,Tamil Nadu,Kharif,2418,15.63,37796.3
Cotton,Tamil Nadu,Kharif,4479,30.09,134784.49
Maize,Punjab,Rabi,563,17.38,9787.07
Wheat,Karnataka,Rabi,4600,34.4,158228.02
Cotton,Gujarat,Kharif,2628,19.01,49969.96
Soybean,Tamil Nadu,Kharif,1549,33.28,51549.15
Maize,Maharashtra,Kharif,4259,29.92,127408.66
Wheat,Gujarat,Kharif,711,16.57,11783.04
Cotton,Karnataka,Kharif,4345,27.53,119616.26
Wheat,Gujarat,Kharif,4723,15.77,74474.44
Rice,Maharashtra,Kharif,2029,31.39,63698.85
Rice,Tamil Nadu,Rabi,3273,30.11,98549.27
Soybean,Maharashtra,Kharif,4821,19.19,92503.3
Soybean,Gujarat,Kharif,4625,15.38,71118.99
Maize,Karnataka,Kharif,2883,22.35,64428.87
Soybean,Punjab,Kharif,3732,18.6,69416.73
Soybean,Tamil Nadu,Rabi,1484,30.89,45842.37
Maize,Tamil Nadu,Kharif,4378,34.66,151750.59
Wheat,Gujarat,Kharif,2622,32.72,85791.63
Wheat,Punjab,Rabi,2182,33.02,72052.17
Maize,Punjab,Kharif,999,26.51,26488.45
Wheat,Karnataka,Rabi,2429,26.39,64112.84
Cotton,Gujarat,Rabi,969,22.68,21973.68
Rice,Karnataka,Rabi,3288,34.76,114296.46
Wheat,Karnataka,Rabi,1776,28.37,50388.13
Cotton,Maharashtra,Kharif,2907,16.01,46545.25
Rice,Punjab,Rabi,2780,31.22,86790.44
Rice,Maharashtra,Rabi,590,24.63,14531.75
Wheat,Maharashtra,Rabi,2060,28.04,57756.17
Rice,Punjab,Kharif,3316,31.21,103476.99
Soybean,Gujarat,Kharif,1812,17.59,31868.31
Cotton,Gujarat,Kharif,3966,15.9,63059.45
Maize,Punjab,Rabi,3877,33.49,129852.79
Wheat,Karnataka,Kharif,4989,32.87,163978.89
Rice,Punjab,Rabi,1311,34.9,45749.77
Wheat,Punjab,Rabi,2769,25.93,71801.55
Wheat,Tamil Nadu,Rabi,1882,25.17,47369.05
Wheat,Karnataka,Kharif,3718,15.62,58072.57
Rice,Maharashtra,Rabi,4714,29.93,141082.78
Soybean,Punjab,Kharif,897,16.69,14968.8
Maize,Tamil Nadu,Kharif,1021,31.71,32376.81
Maize,Gujarat,Kharif,4009,23.91,95837.23
Wheat,Gujarat,Kharif,1741,31.65,55095.88
Cotton,Karnataka,Kharif,1252,22.49,28155.28
Soybean,Gujarat,Kharif,4694,28.67,134559.05
Wheat,Gujarat,Rabi,2028,24.92,50541.77
Maize,Gujarat,Kharif,4653,15.17,70591.53
Soybean,Tamil Nadu,Kharif,1829,28.95,52950.84
Rice,Tamil Nadu,Rabi,1462,18.65,27261.67
Cotton,Tamil Nadu,Rabi,1164,27.6,32122.6
Wheat,Punjab,Kharif,4254,27.86,118527.64
Wheat,Gujarat,Kharif,4758,33.67,160182.93
Soybean,Karnataka,Rabi,2340,29.41,68811.98
Wheat,Maharashtra,Rabi,2389,16.94,40460.23
Maize,Karnataka,Rabi,1238,19.11,23661.6
Soybean,Punjab,Kharif,4820,17.16,82709.76
Maize,Punjab,Rabi,2446,17.46,42710.39
Cotton,Punjab,Kharif,1272,30.58,38893.94
Wheat,Karnataka,Kharif,4040,32.44,131050.81
Cotton,Karnataka,Rabi,4737,25.34,120035.4
Wheat,Maharashtra,Rabi,3923,28.0,109856.97
Maize,Gujarat,Rabi,1172,34.23,40120.32
Cotton,Karnataka,Rabi,2865,28.84,82612.28
Cotton,Maharashtra,Rabi,4870,27.32,133060.13
Wheat,Punjab,Kharif,1390,34.53,47999.05
Soybean,Punjab,Kharif,4418,21.79,96271.66
Wheat,Maharashtra,Kharif,2912,15.32,44601.43
Wheat,Gujarat,Kharif,3312,21.59,71494.5
Cotton,Tamil Nadu,Kharif,4615,15.66,72250.91
Rice,Punjab,Kharif,2102,22.06,46373.15
Soybean,Karnataka,Rabi,1345,35.0,47069.0
Cotton,Gujarat,Kharif,3054,25.62,78241.31
Wheat,Gujarat,Kharif,1239,19.64,24336.96
Cotton,Gujarat,Rabi,3109,21.0,65279.29
Maize,Gujarat,Kharif,2611,17.04,44501.41
Rice,Karnataka,Kharif,2888,31.14,89946.51
Wheat,Karnataka,Rabi,829,25.4,21054.5
Cotton,Gujarat,Rabi,516,30.96,15974.7
Cotton,Maharashtra,Rabi,1987,31.13,61851.46
Maize,Punjab,Kharif,2890,31.84,92008.7
Rice,Punjab,Rabi,4831,32.64,157672.07
Cotton,Tamil Nadu,Rabi,1520,16.07,24420.07
Cotton,Gujarat,Rabi,2905,34.03,98859.65
Wheat,Punjab,Rabi,1158,30.35,35144.88
Cotton,Tamil Nadu,Rabi,4770,23.52,112197.33
Rice,Gujarat,Rabi,3102,23.58,73156.49
Wheat,Gujarat,Rabi,911,23.29,21213.69
Wheat,Tamil Nadu,Kharif,3057,23.04,70446.93
Rice,Maharashtra,Kharif,3309,16.26,53814.51
Rice,Gujarat,Kharif,4804,33.49,160868.17
Soybean,Gujarat,Kharif,3947,22.24,87784.4
Soybean,Gujarat,Kharif,2129,18.74,39903.9
Maize,Maharashtra,Rabi,2777,25.01,69463.31
Wheat,Tamil Nadu,Rabi,3060,34.29,104914.78
Wheat,Maharashtra,Kharif,2506,26.37,66088.27
Rice,Punjab,Rabi,2062,25.22,52008.39
Rice,Punjab,Kharif,1231,19.0,23390.26
Wheat,Karnataka,Rabi,1231,17.62,21684.42
Maize,Karnataka,Kharif,1913,18.01,34450.19
Wheat,Gujarat,Rabi,1864,30.74,57299.66
Soybean,Punjab,Rabi,1148,20.78,23858.54
Maize,Tamil Nadu,Kharif,2690,16.17,43507.98
Soybean,Punjab,Kharif,1764,19.07,33647.25
Rice,Maharashtra,Kharif,3034,33.23,100828.45
Soybean,Maharashtra,Kharif,1377,22.36,30793.72
Wheat,Karnataka,Rabi,4700,23.92,112438.15
Maize,Tamil Nadu,Rabi,733,29.92,21934.4
Maize,Gujarat,Kharif,633,24.11,15258.58
Cotton,Maharashtra,Kharif,813,21.88,17786.73
Wheat,Tamil Nadu,Kharif,3335,16.05,53542.9
Soybean,Punjab,Rabi,1380,19.5,26907.28
Soybean,Gujarat,Rabi,4138,20.72,85727.2
Rice,Karnataka,Rabi,3763,24.54,92351.66
Rice,Maharashtra,Kharif,1013,24.75,25069.87
Maize,Gujarat,Kharif,668,22.02,14711.92
Cotton,Punjab,Kharif,1014,31.92,32370.58
Cotton,Tamil Nadu,Rabi,2024,28.62,57933.24
Rice,Maharashtra,Rabi,4167,15.49,64547.88
Wheat,Punjab,Kharif,4548,24.0,109166.38
Cotton,Gujarat,Rabi,2208,24.65,54430.33
Maize,Punjab,Kharif,1141,17.96,20495.93
Cotton,Gujarat,Kharif,829,32.57,27003.79
Cotton,Gujarat,Rabi,3122,18.47,57653.63
Soybean,Maharashtra,Kharif,3764,21.27,80075.82
Wheat,Punjab,Rabi,2830,15.48,43820.36
Rice,Karnataka,Kharif,1483,15.69,23263.73
Cotton,Punjab,Kharif,1391,17.65,24554.61
Wheat,Punjab,Kharif,2953,22.43,66236.08
Soybean,Maharashtra,Rabi,924,24.55,22683.09
Soybean,Tamil Nadu,Rabi,3017,19.43,58618.9
Rice,Punjab,Rabi,4937,15.76,77799.32
Rice,Gujarat,Kharif,4842,27.57,133508.21
Wheat,Karnataka,Kharif,2484,23.47,58307.59
Maize,Gujarat,Rabi,4111,27.86,114513.31
Soybean,Tamil Nadu,Kharif,2439,29.82,72726.63
Maize,Karnataka,Rabi,3605,18.14,65383.28
Rice,Gujarat,Kharif,2134,16.17,34509.52
Cotton,Gujarat,Kharif,1993,30.87,61524.88
Wheat,Gujarat,Rabi,3856,27.22,104972.31
Rice,Tamil Nadu,Kharif,2305,22.56,51990.91
Maize,Karnataka,Rabi,2679,26.58,71201.95
Maize,Tamil Nadu,Rabi,787,24.4,19203.0
Rice,Karnataka,Kharif,1620,32.17,52114.62
Maize,Tamil Nadu,Rabi,2621,29.99,78610.17
Soybean,Gujarat,Kharif,1050,22.7,23834.57
Soybean,Tamil Nadu,Rabi,3091,26.54,82046.27
Maize,Gujarat,Rabi,2517,31.96,80433.94
Wheat,Karnataka,Rabi,1233,17.41,21461.83
Maize,Maharashtra,Kharif,2078,20.4,42396.08
Wheat,Tamil Nadu,Rabi,2124,31.75,67436.21
Cotton,Tamil Nadu,Kharif,4550,18.09,82311.35
Soybean,Punjab,Rabi,2272,25.53,58007.76
Maize,Gujarat,Rabi,4893,20.24,99018.31
Cotton,Tamil Nadu,Kharif,3490,26.16,91293.08
Rice,Tamil Nadu,Kharif,1730,19.43,33615.25
Soybean,Karnataka,Rabi,4367,26.28,114755.62
Rice,Punjab,Rabi,507,18.66,9462.46
Rice,Tamil Nadu,Rabi,2243,34.23,76783.77
Rice,Karnataka,Rabi,916,16.9,15479.05
Maize,Karnataka,Kharif,2231,31.91,71192.03
Maize,Maharashtra,Kharif,784,26.23,20560.64
Rice,Gujarat,Rabi,2284,22.39,51142.84
Maize,Maharashtra,Rabi,995,30.58,30427.28
Maize,Punjab,Kharif,2855,19.98,57049.32
Wheat,Karnataka,Kharif,3867,18.99,73447.16
Soybean,Tamil Nadu,Rabi,2226,15.65,34843.95
Soybean,Tamil Nadu,Kharif,888,33.7,29928.37
Maize,Karnataka,Rabi,4259,25.29,107726.87
Soybean,Gujarat,Rabi,1584,33.5,53064.83
Soybean,Gujarat,Rabi,1141,21.54,24573.93
Cotton,Tamil Nadu,Rabi,4089,32.17,131549.38
Wheat,Tamil Nadu,Kharif,2304,31.72,73077.53
Rice,Punjab,Rabi,597,33.74,20141.74
Rice,Karnataka,Rabi,3259,33.5,109181.13
Cotton,Tamil Nadu,Rabi,1200,28.43,34117.76
Rice,Tamil Nadu,Kharif,4140,24.34,100758.84
Maize,Gujarat,Kharif,3535,31.1,109940.36
Wheat,Karnataka,Rabi,2611,17.79,46447.12
Wheat,Gujarat,Kharif,1553,30.42,47249.48
Rice,Punjab,Rabi,2273,28.23,64164.42
Maize,Tamil Nadu,Kharif,1427,19.17,27358.61
Maize,Karnataka,Kharif,2038,34.46,70232.85
Soybean,Karnataka,Rabi,4937,18.18,89745.42
Cotton,Karnataka,Rabi,1776,21.67,38487.12
Maize,Karnataka,Rabi,1058,25.58,27064.81
Soybean,Maharashtra,Rabi,3972,19.11,75901.19
Maize,Karnataka,Rabi,3749,18.41,69034.85
Cotton,Tamil Nadu,Rabi,3593,31.68,113841.6
Cotton,Tamil Nadu,Kharif,1627,18.2,29613.67
Soybean,Gujarat,Rabi,3136,17.18,53884.35
Cotton,Gujarat,Kharif,2959,23.58,69787.24
Wheat,Tamil Nadu,Rabi,1904,30.18,57466.87
Cotton,Tamil Nadu,Rabi,1214,15.77,19144.96
Wheat,Punjab,Rabi,3417,16.21,55405.93
Rice,Maharashtra,Rabi,515,22.6,11639.24
Rice,Tamil Nadu,Rabi,4728,16.6,78479.67
Rice,Tamil Nadu,Rabi,2427,19.01,46130.16
Rice,Gujarat,Rabi,2220,29.41,65284.54
Soybean,Tamil Nadu,Rabi,4451,20.36,90633.1
Cotton,Karnataka,Rabi,3706,24.76,91763.09
Soybean,Punjab,Kharif,2813,34.93,98267.46
Wheat,Punjab,Rabi,4201,17.54,73688.89
Soybean,Gujarat,Kharif,2109,24.66,52005.62
Wheat,Karnataka,Rabi,4888,30.12,147244.7
Cotton,Maharashtra,Rabi,2460,16.98,41781.29
Maize,Gujarat,Kharif,3382,20.02,67702.95
Rice,Maharashtra,Kharif,3278,20.28,66480.5
Cotton,Gujarat,Kharif,4699,27.71,130195.85
Rice,Gujarat,Kharif,4319,20.86,90090.08
Wheat,Punjab,Kharif,1172,20.47,23986.52
Maize,Punjab,Rabi,4535,25.63,116231.51
Cotton,Karnataka,Rabi,4875,26.23,127854.8
Soybean,Punjab,Rabi,2457,20.43,50203.51
Soybean,Punjab,Kharif,1265,20.14,25474.82
Wheat,Tamil Nadu,Kharif,2180,32.29,70388.57
Wheat,Punjab,Rabi,4201,30.63,128667.69
Cotton,Karnataka,Rabi,1413,22.04,31146.21
Wheat,Maharashtra,Kharif,2411,25.57,61658.58
Maize,Karnataka,Rabi,657,18.12,11904.87
Wheat,Karnataka,Rabi,3316,20.35,67495.71
Soybean,Gujarat,Kharif,3571,20.58,73486.16
Maize,Punjab,Kharif,3381,16.58,56065.88
Maize,Maharashtra,Kharif,2590,28.83,74662.08
Soybean,Tamil Nadu,Kharif,2525,30.55,77143.02
Cotton,Karnataka,Rabi,4001,31.45,125811.96
Wheat,Punjab,Rabi,4950,30.38,150398.26
Maize,Gujarat,Rabi,2610,23.81,62141.91
Soybean,Tamil Nadu,Rabi,4364,16.36,71389.89
Wheat,Tamil Nadu,Rabi,1914,34.17,65409.27
Cotton,Karnataka,Kharif,1873,32.84,61514.52
Maize,Gujarat,Kharif,4005,25.65,102734.14
Cotton,Punjab,Rabi,3905,25.98,101440.59
Cotton,Gujarat,Rabi,4934,32.68,161251.15
Maize,Karnataka,Kharif,4868,22.84,111181.27
Wheat,Tamil Nadu,Rabi,1553,15.19,23596.51
Rice,Gujarat,Kharif,2823,21.94,61942.39
Maize,Karnataka,Kharif,1332,30.24,40281.64
Cotton,Maharashtra,Rabi,1304,25.68,33481.68
Rice,Tamil Nadu,Rabi,4828,26.49,127871.12
Cotton,Karnataka,Kharif,522,28.08,14658.38
Soybean,Punjab,Rabi,2957,23.5,69500.63
Wheat,Tamil Nadu,Rabi,3299,23.12,76275.46
Cotton,Maharashtra,Kharif,800,18.02,14413.88
Rice,Tamil Nadu,Kharif,2696,19.81,53400.43
Maize,Punjab,Rabi,953,34.3,32683.44
Wheat,Punjab,Kharif,2616,21.35,55858.46
Maize,Karnataka,Rabi,2818,33.65,94821.48
Maize,Karnataka,Rabi,2088,29.69,61993.41
Maize,Punjab,Rabi,2094,28.29,59233.38
Rice,Tamil Nadu,Kharif,3508,30.28,106207.93
Cotton,Maharashtra,Kharif,2526,18.83,47555.07
Soybean,Tamil Nadu,Rabi,1362,22.31,30388.85
Soybean,Gujarat,Kharif,3354,29.32,98340.2
Cotton,Tamil Nadu,Kharif,3549,17.02,60395.93
Soybean,Punjab,Rabi,4020,33.86,136113.87
Rice,Karnataka,Rabi,1904,16.49,31389.72
Wheat,Tamil Nadu,Rabi,1767,19.52,34488.05
Rice,Karnataka,Kharif,1736,22.12,38403.66
Wheat,Punjab,Rabi,2755,15.68,43207.63
Maize,Tamil Nadu,Rabi,2506,16.32,40901.14
Cotton,Gujarat,Kharif,1408,22.2,31262.26
Soybean,Punjab,Kharif,3080,16.04,49400.49
Cotton,Maharashtra,Rabi,1963,15.84,31092.39
Cotton,Maharashtra,Kharif,3707,27.91,103447.27
Rice,Karnataka,Rabi,4619,30.97,143070.92
Soybean,Maharashtra,Kharif,2035,23.09,46981.73
Cotton,Punjab,Kharif,4405,29.75,131069.04
Maize,Karnataka,Rabi,4452,27.93,124362.68
Soybean,Punjab,Rabi,867,20.7,17942.89
Maize,Punjab,Rabi,4021,16.26,65378.15
Cotton,Gujarat,Kharif,4911,15.76,77377.49
Soybean,Gujarat,Kharif,2992,22.26,66590.41
Rice,Gujarat,Kharif,747,31.94,23861.85
Wheat,Tamil Nadu,Kharif,2152,21.9,47138.48
Soybean,Punjab,Kharif,3885,20.62,80095.82
Soybean,Maharashtra,Rabi,1711,18.46,31584.13
Soybean,Tamil Nadu,Kharif,4430,16.02,70983.37
Cotton,Punjab,Kharif,4331,32.07,138878.41
Soybean,Karnataka,Rabi,1427,32.53,46413.87
Soybean,Karnataka,Kharif,3735,22.85,85352.56
Cotton,Maharashtra,Kharif,4316,22.37,96528.47
Maize,Karnataka,Rabi,1946,16.94,32957.45
Soybean,Gujarat,Rabi,3931,30.16,118545.29
Maize,Gujarat,Rabi,1806,19.97,36062.79
Rice,Gujarat,Kharif,1885,34.23,64516.02
Wheat,Karnataka,Rabi,983,22.54,22154.47
Rice,Maharashtra,Kharif,3137,24.28,76153.09
Cotton,Karnataka,Kharif,2357,26.71,62957.68
Wheat,Tamil Nadu,Kharif,1295,30.96,40096.17
Soybean,Karnataka,Rabi,2167,22.9,49625.81
Maize,Karnataka,Rabi,882,32.73,28868.74
Maize,Tamil Nadu,Rabi,811,26.12,21186.5
Maize,Karnataka,Rabi,2098,29.97,62875.24
Maize,Maharashtra,Kharif,2116,31.91,67525.11
Rice,Karnataka,Kharif,1573,32.72,51468.82
Wheat,Maharashtra,Kharif,1755,25.36,44501.71
Cotton,Karnataka,Kharif,2149,24.36,52342.1
Wheat,Tamil Nadu,Rabi,946,15.57,14731.41
Rice,Maharashtra,Rabi,2214,23.14,51231.36
Rice,Maharashtra,Kharif,1182,19.78,23383.31
Maize,Tamil Nadu,Rabi,2109,22.36,47166.56
Soybean,Karnataka,Rabi,4598,18.82,86530.67
Cotton,Punjab,Rabi,1403,33.38,46827.16
Soybean,Maharashtra,Rabi,3681,30.46,112112.05
Soybean,Tamil Nadu,Kharif,4396,20.95,92099.99
Maize,Maharashtra,Kharif,3525,16.35,57636.39
Wheat,Punjab,Rabi,1597,32.11,51272.09
Maize,Maharashtra,Kharif,4864,31.38,152645.16
Rice,Punjab,Rabi,1448,34.81,50407.83
Maize,Punjab,Kharif,4009,31.02,124351.46
Soybean,Tamil Nadu,Rabi,4455,30.49,135813.27
Soybean,Punjab,Kharif,4434,15.32,67946.43
Cotton,Gujarat,Rabi,3632,30.41,110452.85
Wheat,Karnataka,Kharif,2841,30.93,87860.83
Rice,Maharashtra,Rabi,882,26.78,23622.68
Cotton,Punjab,Rabi,649,21.88,14197.61
Soybean,Tamil Nadu,Kharif,3304,19.51,64451.57
Wheat,Maharashtra,Kharif,2826,22.46,63457.9
Soybean,Punjab,Kharif,3324,30.09,100022.16
Maize,Gujarat,Kharif,3296,28.7,94585.68
Soybean,Gujarat,Rabi,691,27.4,18935.77
Soybean,Karnataka,Kharif,855,29.33,25077.21
Maize,Punjab,Rabi,3027,31.84,96369.06
Maize,Maharashtra,Rabi,4383,24.09,105588.88
Cotton,Punjab,Kharif,2904,16.91,49118.9
Maize,Gujarat,Kharif,4016,15.91,63895.34
Wheat,Gujarat,Rabi,4269,20.05,85576.59
Maize,Gujarat,Rabi,990,22.92,22695.42
Maize,Punjab,Kharif,1366,31.37,42856.85
Maize,Maharashtra,Rabi,2905,18.76,54508.57
Rice,Maharashtra,Rabi,1018,17.73,18053.35
Rice,Tamil Nadu,Kharif,4749,31.2,148181.95
Cotton,Maharashtra,Kharif,4923,34.93,171977.95
Cotton,Punjab,Rabi,3961,24.73,97966.61
Rice,Punjab,Rabi,3069,23.15,71046.45
Wheat,Karnataka,Kharif,4660,29.89,139299.73
Maize,Tamil Nadu,Kharif,4648,31.66,147145.71
Rice,Tamil Nadu,Kharif,3785,34.4,130205.96
Soybean,Punjab,Rabi,3139,16.47,51690.65
Cotton,Maharashtra,Kharif,1476,18.99,28025.36
Rice,Maharashtra,Rabi,3041,20.31,61750.48
Wheat,Gujarat,Rabi,4866,20.62,100323.96
Maize,Maharashtra,Rabi,620,21.16,13121.99
Wheat,Punjab,Kharif,4726,16.44,77709.73
Cotton,Gujarat,Kharif,3567,26.8,95577.99
Wheat,Maharashtra,Rabi,4293,25.29,108590.59
Maize,Gujarat,Rabi,2983,18.58,55421.12
Soybean,Punjab,Rabi,3823,26.35,100718.53
Rice,Tamil Nadu,Kharif,810,15.6,12632.19
Rice,Karnataka,Kharif,3232,31.33,101246.88
Wheat,Punjab,Rabi,1665,22.92,38163.8
Soybean,Punjab,Rabi,1176,27.1,31868.93
Cotton,Punjab,Rabi,2914,34.79,101374.94
Wheat,Tamil Nadu,Kharif,3686,33.13,122120.04
Soybean,Karnataka,Rabi,1874,19.06,35712.88
Maize,Karnataka,Rabi,2969,27.51,81667.25
Maize,Gujarat,Kharif,1343,15.91,21366.5
Maize,Tamil Nadu,Rabi,2672,33.61,89817.29
Cotton,Karnataka,Kharif,4572,22.67,103626.33
Cotton,Gujarat,Kharif,4890,19.13,93535.87
Wheat,Gujarat,Rabi,2736,23.98,65617.54
Maize,Gujarat,Kharif,1168,26.21,30617.97
Wheat,Maharashtra,Kharif,1154,17.47,20157.76
Wheat,Maharashtra,Rabi,1830,17.32,31690.05
Rice,Maharashtra,Rabi,2306,32.25,74365.96
Wheat,Tamil Nadu,Kharif,4400,32.99,145163.56
Cotton,Karnataka,Kharif,1394,21.16,29491.79
Cotton,Karnataka,Rabi,2245,31.58,70900.12
Maize,Punjab,Rabi,3250,15.11,49093.21
Maize,Punjab,Kharif,658,32.84,21610.32
Rice,Maharashtra,Rabi,4745,20.39,96746.52
Wheat,Gujarat,Rabi,4761,22.75,108320.59
Soybean,Karnataka,Kharif,3575,15.67,56003.69
Soybean,Tamil Nadu,Rabi,561,33.87,18999.75
Rice,Punjab,Kharif,1419,28.04,39782.19
Wheat,Gujarat,Rabi,3634,16.43,59692.8
Soybean,Punjab,Kharif,1976,29.39,58081.64
Rice,Karnataka,Rabi,2193,34.73,76167.13
Rice,Tamil Nadu,Kharif,2382,20.58,49013.7
Soybean,Tamil Nadu,Kharif,4602,31.1,143135.8
Maize,Tamil Nadu,Kharif,2480,20.09,49826.19
Rice,Karnataka,Rabi,3055,33.98,103795.72
Wheat,Punjab,Kharif,3587,22.22,79700.76
Cotton,Punjab,Rabi,3799,31.93,121316.77
Maize,Punjab,Rabi,974,30.5,29705.44
Soybean,Tamil Nadu,Kharif,639,17.26,11026.33
Rice,Gujarat,Kharif,3980,18.47,73518.74
Cotton,Maharashtra,Kharif,4545,29.39,133586.79
Maize,Tamil Nadu,Rabi,4945,29.41,145425.63
Soybean,Gujarat,Rabi,1993,28.54,56876.02
Maize,Gujarat,Kharif,4669,25.45,118825.23
Wheat,Gujarat,Kharif,4215,19.01,80132.16
Maize,Karnataka,Kharif,1916,21.79,41748.76
Cotton,Gujarat,Rabi,1319,27.65,36469.7
Maize,Tamil Nadu,Kharif,3116,26.15,81473.12
Wheat,Tamil Nadu,Kharif,722,26.02,18783.4
Rice,Karnataka,Rabi,3119,32.35,100913.31
Wheat,Gujarat,Rabi,3519,28.09,98831.6
Cotton,Gujarat,Kharif,2539,20.48,52000.28
Cotton,Karnataka,Rabi,2830,18.2,51491.87
Wheat,Gujarat,Rabi,2184,34.09,74455.73
Maize,Karnataka,Rabi,3707,15.07,55865.3
Rice,Tamil Nadu,Kharif,1930,18.64,35971.43
Rice,Tamil Nadu,Kharif,4906,18.06,88593.27
Rice,Maharashtra,Kharif,3017,23.13,69785.69
Wheat,Punjab,Rabi,2578,26.77,69024.1
Wheat,Tamil Nadu,Kharif,4523,28.38,128379.3
Soybean,Gujarat,Rabi,4649,34.48,160293.78
Rice,Karnataka,Rabi,4598,32.74,150530.4
Soybean,Karnataka,Rabi,2084,25.25,52628.32
Wheat,Gujarat,Rabi,2883,20.78,59916.21
Rice,Punjab,Kharif,2550,24.05,61329.3
Cotton,Maharashtra,Kharif,3443,28.83,99248.23
Maize,Tamil Nadu,Kharif,3674,23.92,87871.84
Rice,Gujarat,Rabi,4220,18.25,77029.0
Cotton,Gujarat,Kharif,4514,31.73,143221.37
Soybean,Maharashtra,Rabi,3008,28.77,86536.29
Rice,Tamil Nadu,Kharif,2281,21.89,49937.51
Maize,Tamil Nadu,Rabi,1025,31.43,32219.93
Cotton,Karnataka,Rabi,946,24.47,23145.99
Maize,Karnataka,Kharif,3418,17.03,58214.47
Maize,Maharashtra,Kharif,3353,21.47,71981.8
Soybean,Karnataka,Kharif,4951,24.99,123726.32
Rice,Karnataka,Kharif,4412,15.23,67177.21
Wheat,Tamil Nadu,Kharif,3878,16.52,64076.22
Rice,Punjab,Rabi,1350,21.01,28357.54
Maize,Punjab,Kharif,1734,19.49,33800.04
Cotton,Maharashtra,Rabi,1930,21.44,41381.39
Rice,Gujarat,Kharif,3009,24.33,73212.06
Cotton,Tamil Nadu,Kharif,3852,15.02,57861.0
Soybean,Tamil Nadu,Kharif,763,18.53,14142.02
Rice,Karnataka,Rabi,2161,21.5,46456.32
Rice,Karnataka,Kharif,1353,19.29,26098.01
Soybean,Maharashtra,Rabi,4519,17.52,79181.36
Soybean,Punjab,Rabi,4170,16.1,67129.46
Rice,Punjab,Rabi,2543,25.56,65003.47
Rice,Karnataka,Rabi,2486,23.02,57219.95
Cotton,Punjab,Kharif,4785,22.9,109581.67
Maize,Gujarat,Rabi,2752,26.59,73185.53
Cotton,Punjab,Rabi,3885,17.68,68697.05
Wheat,Karnataka,Kharif,4358,23.31,101571.6
Soybean,Karnataka,Kharif,1284,23.5,30175.72
Rice,Punjab,Kharif,1572,17.45,27431.37
Wheat,Maharashtra,Rabi,947,20.21,19138.62
Wheat,Karnataka,Rabi,4668,18.26,85235.39
Soybean,Punjab,Kharif,4498,21.92,98578.91
Wheat,Punjab,Rabi,1095,29.59,32399.12
Cotton,Gujarat,Kharif,2688,24.3,65319.24
Rice,Tamil Nadu,Kharif,588,22.07,12979.55
Cotton,Maharashtra,Rabi,3184,30.06,95718.56
Soybean,Karnataka,Rabi,1983,23.97,47530.58
Wheat,Punjab,Kharif,4391,28.24,124012.94
Maize,Gujarat,Kharif,3800,21.98,83518.18
Soybean,Karnataka,Kharif,3961,25.24,99984.63
Cotton,Punjab,Rabi,2941,29.31,86204.13
Soybean,Punjab,Rabi,1304,18.23,23772.74
Cotton,Punjab,Kharif,2259,26.15,59075.39
Soybean,Karnataka,Kharif,2992,27.22,81427.44
Wheat,Punjab,Rabi,899,18.48,16611.82
Soybean,Maharashtra,Kharif,3103,29.07,90200.31
Wheat,Punjab,Kharif,2160,16.44,35501.51
Soybean,Gujarat,Kharif,1711,32.66,55880.49
Wheat,Punjab,Kharif,2101,32.54,68376.07
Cotton,Maharashtra,Kharif,796,34.88,27762.73
Soybean,Karnataka,Kharif,2368,25.03,59272.29
Rice,Maharashtra,Kharif,980,34.71,34016.04
Soybean,Punjab,Rabi,1857,30.91,57393.21
Rice,Karnataka,Rabi,1322,25.94,34290.18
Cotton,Punjab,Rabi,3081,24.04,74053.27
Rice,Gujarat,Kharif,757,30.24,22887.96
Cotton,Punjab,Rabi,4859,26.35,128014.28
Cotton,Maharashtra,Kharif,3123,19.87,62043.16
Soybean,Gujarat,Kharif,3896,15.86,61774.87
Wheat,Tamil Nadu,Rabi,1096,33.37,36573.51
Maize,Karnataka,Kharif,3231,20.68,66831.02
Wheat,Tamil Nadu,Kharif,1487,27.76,41275.54
Wheat,Tamil Nadu,Kharif,3297,17.76,58553.92
Maize,Gujarat,Kharif,2556,24.2,61865.42
Soybean,Maharashtra,Rabi,1036,27.89,28892.31
Rice,Punjab,Rabi,2464,30.89,76103.31
Cotton,Maharashtra,Kharif,2263,16.88,38189.79
Wheat,Maharashtra,Kharif,4886,24.75,120914.72
Maize,Gujarat,Rabi,4731,30.6,144745.1
Rice,Tamil Nadu,Kharif,3225,19.22,61976.25
Soybean,Maharashtra,Rabi,2433,22.39,54477.63
Cotton,Maharashtra,Kharif,704,29.96,21093.15
Maize,Karnataka,Rabi,4184,27.72,115981.43
Rice,Karnataka,Rabi,4996,31.76,158695.02
Wheat,Maharashtra,Kharif,4782,27.06,129385.33
Maize,Maharashtra,Rabi,1005,27.5,27641.79
Maize,Gujarat,Rabi,661,18.84,12453.11
Cotton,Karnataka,Rabi,3731,28.01,104512.79
Maize,Karnataka,Kharif,2046,22.37,45775.99
Rice,Gujarat,Rabi,4843,25.91,125503.1
Wheat,Gujarat,Rabi,1696,22.69,38481.69
Wheat,Punjab,Kharif,1365,17.06,23289.26
Soybean,Tamil Nadu,Rabi,3834,33.48,128359.71
Maize,Tamil Nadu,Kharif,2708,24.11,65299.2
Wheat,Punjab,Rabi,1545,15.59,24086.68
Maize,Maharashtra,Rabi,3445,34.44,118659.74
Rice,Maharashtra,Rabi,1805,17.76,32062.93
Soybean,Punjab,Rabi,1549,33.96,52598.46
Maize,Punjab,Rabi,756,22.37,16908.02
Maize,Karnataka,Rabi,4153,27.97,116150.72
Cotton,Gujarat,Rabi,4586,21.29,97642.63
Wheat,Gujarat,Kharif,3269,27.63,90306.68
Soybean,Gujarat,Kharif,2720,31.64,86053.7
Wheat,Tamil Nadu,Rabi,3619,26.12,94516.43
Wheat,Maharashtra,Kharif,1184,27.08,32061.86
Cotton,Karnataka,Rabi,2909,26.67,77581.88
Soybean,Karnataka,Rabi,3385,32.65,110526.37
Maize,Punjab,Kharif,2652,17.3,45887.82
Cotton,Gujarat,Rabi,3843,32.31,124184.51
Soybean,Tamil Nadu,Rabi,3107,24.94,77492.29
Soybean,Karnataka,Kharif,1179,16.96,19999.2
Maize,Gujarat,Rabi,1892,21.54,40758.43
Maize,Karnataka,Kharif,3593,31.53,113285.21
Rice,Tamil Nadu,Kharif,1351,27.6,37284.81
Cotton,Gujarat,Kharif,2956,26.42,78090.55
Soybean,Karnataka,Kharif,3100,30.47,94458.22
Cotton,Tamil Nadu,Kharif,4994,17.81,88956.22
Cotton,Karnataka,Rabi,1828,28.68,52431.63
Maize,Punjab,Kharif,3676,34.88,128202.17
Cotton,Punjab,Kharif,1234,34.22,42230.96
Wheat,Gujarat,Rabi,770,16.48,12688.18
Cotton,Karnataka,Rabi,1411,25.38,35804.66
Maize,Gujarat,Rabi,1987,15.06,29919.49
Maize,Punjab,Rabi,711,20.79,14784.31
Soybean,Tamil Nadu,Rabi,4497,34.99,157349.75
Soybean,Maharashtra,Kharif,3502,16.63,58231.69
Maize,Gujarat,Rabi,4773,28.37,135393.36
Wheat,Maharashtra,Rabi,3247,30.8,99993.75
Cotton,Maharashtra,Rabi,4572,21.75,99429.31
Wheat,Tamil Nadu,Kharif,4394,33.93,149083.3
Wheat,Karnataka,Rabi,3415,22.33,76254.81
Soybean,Punjab,Rabi,2210,23.34,51581.8
Maize,Tamil Nadu,Rabi,4532,23.45,106253.5
Rice,Tamil Nadu,Rabi,1215,29.76,36159.54
Soybean,Maharashtra,Rabi,1662,18.01,29924.67
Wheat,Tamil Nadu,Kharif,1092,21.98,24003.5
Wheat,Gujarat,Kharif,2869,18.04,51761.55
Maize,Gujarat,Rabi,4021,34.18,137440.7
Maize,Gujarat,Rabi,4236,20.02,84818.07
Soybean,Gujarat,Kharif,2766,21.57,59656.54
Soybean,Maharashtra,Rabi,1290,19.21,24778.86
Cotton,Punjab,Rabi,775,26.38,20445.47
Maize,Tamil Nadu,Kharif,4255,18.49,78676.56
Wheat,Tamil Nadu,Rabi,3406,25.3,86167.36
Soybean,Punjab,Kharif,3561,21.36,76072.34
Rice,Tamil Nadu,Rabi,1302,28.31,36859.38
Rice,Karnataka,Kharif,2591,29.29,75879.55
Maize,Gujarat,Rabi,1566,19.29,30209.41
Soybean,Maharashtra,Kharif,2683,29.98,80443.98
Rice,Tamil Nadu,Rabi,1299,21.03,27318.99
Cotton,Maharashtra,Kharif,2481,32.19,79873.67
Wheat,Tamil Nadu,Kharif,674,25.48,17176.78
Maize,Punjab,Kharif,3434,30.42,104469.65
Soybean,Gujarat,Kharif,3854,27.1,104431.12
Soybean,Gujarat,Kharif,4457,27.23,121368.12
Soybean,Tamil Nadu,Rabi,4153,25.34,105248.36
Wheat,Gujarat,Rabi,3698,30.5,112781.6
Soybean,Gujarat,Kharif,1233,33.45,41237.82
Rice,Maharashtra,Rabi,4185,23.35,97727.27
Wheat,Maharashtra,Rabi,3076,29.16,89697.41
Cotton,Punjab,Rabi,3897,30.11,117329.31
Rice,Gujarat,Kharif,1275,26.2,33400.21
Soybean,Tamil Nadu,Rabi,4413,31.7,139892.25
Cotton,Maharashtra,Rabi,1952,28.82,56253.29
Rice,Gujarat,Kharif,3840,22.61,86839.99
Maize,Punjab,Kharif,2344,23.37,54787.49
Rice,Tamil Nadu,Rabi,802,24.94,20002.33
Wheat,Punjab,Rabi,1328,18.47,24532.7
Maize,Punjab,Rabi,1867,30.28,56535.63
Wheat,Tamil Nadu,Kharif,3085,23.15,71411.77
Soybean,Gujarat,Rabi,2471,15.67,38728.06
Rice,Karnataka,Rabi,1249,34.59,43202.06
Rice,Tamil Nadu,Rabi,2442,34.89,85208.11
Wheat,Karnataka,Rabi,550,28.97,15934.98
Wheat,Gujarat,Rabi,3620,22.51,81503.47
Cotton,Punjab,Rabi,3468,25.29,87696.8
Cotton,Tamil Nadu,Kharif,4074,22.11,90063.9
Soybean,Tamil Nadu,Rabi,4386,15.9,69730.65
Cotton,Maharashtra,Rabi,3480,17.38,60494.62
Soybean,Gujarat,Kharif,4703,21.71,102110.61
Wheat,Gujarat,Kharif,2045,33.82,69168.55
Maize,Gujarat,Rabi,3274,18.86,61741.08
Wheat,Tamil Nadu,Kharif,2081,21.48,44701.57
Cotton,Karnataka,Kharif,666,33.26,22153.44
Cotton,Maharashtra,Rabi,786,15.04,11823.34
Cotton,Maharashtra,Kharif,1567,25.13,39378.28
Cotton,Karnataka,Rabi,2243,27.14,60879.7
Cotton,Tamil Nadu,Rabi,1090,29.89,32577.54
Wheat,Maharashtra,Kharif,4248,27.38,116326.9
Cotton,Tamil Nadu,Rabi,722,29.23,21104.42
Cotton,Gujarat,Kharif,1939,31.18,60461.06
Rice,Tamil Nadu,Kharif,4760,21.93,104406.14
Maize,Karnataka,Kharif,2954,21.03,62129.48
Rice,Tamil Nadu,Kharif,3234,33.4,108000.03
Rice,Karnataka,Rabi,1453,17.43,25322.75
Soybean,Karnataka,Rabi,2560,27.7,70922.0
Maize,Gujarat,Rabi,3278,30.1,98678.21
Maize,Maharashtra,Kharif,2133,29.39,62679.41
Cotton,Punjab,Rabi,518,16.14,8361.5
Soybean,Karnataka,Rabi,1560,21.34,33286.37
Cotton,Karnataka,Kharif,3939,18.17,71558.2
Cotton,Maharashtra,Rabi,2299,32.08,73760.6
Soybean,Karnataka,Rabi,3442,15.54,53495.99
Soybean,Maharashtra,Kharif,4919,19.99,98339.51
Cotton,Gujarat,Rabi,4160,20.65,85890.76
Rice,Gujarat,Rabi,4982,16.99,84634.62
Maize,Gujarat,Rabi,1498,28.16,42179.69
Cotton,Karnataka,Rabi,4107,31.32,128632.65
Wheat,Maharashtra,Kharif,2478,33.16,82177.52
Soybean,Karnataka,Kharif,515,33.15,17070.19
Rice,Maharashtra,Rabi,1012,26.5,26819.42
Wheat,Maharashtra,Kharif,1953,29.97,58527.99
Soybean,Maharashtra,Rabi,4993,27.92,139380.54
Soybean,Punjab,Kharif,2552,21.88,55837.33
Cotton,Punjab,Rabi,3588,30.27,108616.14
Maize,Maharashtra,Kharif,3365,20.48,68928.07
Rice,Maharashtra,Rabi,1278,16.04,20502.93
Soybean,Tamil Nadu,Kharif,564,31.0,17483.5
Cotton,Karnataka,Rabi,2980,29.33,87399.03
Cotton,Karnataka,Rabi,566,30.22,17103.47
Rice,Punjab,Kharif,2508,30.4,76231.3
Wheat,Maharashtra,Rabi,717,17.66,12665.39
Wheat,Punjab,Rabi,2553,19.54,49887.16
Cotton,Punjab,Rabi,4620,19.85,91707.77
Maize,Gujarat,Rabi,4275,28.91,123607.77
Soybean,Gujarat,Rabi,3920,24.84,97372.1
Soybean,Tamil Nadu,Rabi,637,22.46,14309.6
Maize,Karnataka,Kharif,3388,30.43,103083.73
Soybean,Tamil Nadu,Kharif,2023,23.8,48140.58
Wheat,Gujarat,Rabi,2172,25.32,54996.5
Rice,Punjab,Kharif,3005,26.84,80646.37
Wheat,Gujarat,Kharif,4365,20.81,90834.01
Maize,Tamil Nadu,Rabi,536,26.59,14251.08
Rice,Maharashtra,Kharif,3996,22.18,88643.28
Rice,Karnataka,Rabi,2847,25.05,71320.75
Soybean,Gujarat,Rabi,3877,28.56,110723.46
Wheat,Tamil Nadu,Kharif,906,23.54,21326.41
Rice,Punjab,Rabi,4102,16.44,67448.72
Soybean,Karnataka,Rabi,2057,34.27,70493.39
Wheat,Maharashtra,Kharif,4830,22.39,108158.35
Cotton,Karnataka,Kharif,2891,26.53,76697.05
Wheat,Karnataka,Kharif,4441,27.73,123140.29
Soybean,Tamil Nadu,Rabi,2118,20.87,44203.49
Maize,Maharashtra,Rabi,1738,31.98,55580.76
Soybean,Karnataka,Rabi,3442,34.31,118085.65
Soybean,Punjab,Rabi,1481,22.05,32662.49
Soybean,Karnataka,Kharif,1596,25.35,40456.56
Soybean,Punjab,Rabi,923,19.32,17832.55
Soybean,Maharashtra,Rabi,3546,20.68,73330.07
Wheat,Gujarat,Kharif,3456,15.45,53411.02
Maize,Gujarat,Rabi,4531,33.48,151716.01
Cotton,Punjab,Rabi,1082,19.68,21291.27
Cotton,Karnataka,Rabi,2038,21.28,43368.51
Soybean,Maharashtra,Rabi,1701,24.4,41510.32
Soybean,Gujarat,Rabi,2259,30.63,69184.76
Wheat,Gujarat,Kharif,608,30.61,18611.36
Wheat,Gujarat,Kharif,924,23.98,22162.1
Maize,Maharashtra,Kharif,4113,20.81,85583.02
Cotton,Punjab,Rabi,3071,23.78,73030.12
Rice,Maharashtra,Rabi,4645,16.34,75907.77
Rice,Punjab,Kharif,2005,31.05,62255.7
Soybean,Tamil Nadu,Kharif,2604,15.65,40759.41
Wheat,Karnataka,Rabi,4575,31.81,145541.78
Soybean,Tamil Nadu,Rabi,4779,27.48,131347.35
Soybean,Maharashtra,Rabi,2264,22.06,49932.76
Rice,Punjab,Kharif,626,33.81,21162.45
Cotton,Maharashtra,Kharif,2596,19.17,49776.83
Maize,Gujarat,Kharif,1255,19.29,24213.96
Cotton,Maharashtra,Rabi,4451,24.85,110604.77
Wheat,Karnataka,Rabi,1127,25.67,28931.79
Soybean,Maharashtra,Kharif,4818,30.42,146542.9
Wheat,Maharashtra,Kharif,3597,15.95,57376.67
Rice,Punjab,Rabi,4537,26.28,119213.2
Maize,Gujarat,Rabi,3299,26.74,88201.32
Soybean,Maharashtra,Kharif,2354,32.62,76792.29
Wheat,Maharashtra,Rabi,2577,19.61,50538.36
Maize,Gujarat,Kharif,1325,34.41,45593.26
Wheat,Karnataka,Rabi,1540,24.07,37072.75
Wheat,Karnataka,Kharif,2783,27.56,76711.17
Rice,Maharashtra,Rabi,1741,18.84,32804.19
Rice,Karnataka,Rabi,3413,28.08,95838.37
Wheat,Karnataka,Kharif,1663,31.16,51826.43
Cotton,Karnataka,Rabi,2120,22.38,47441.29
Wheat,Punjab,Rabi,3414,26.25,89621.56
Maize,Karnataka,Kharif,4620,26.9,124289.57
Cotton,Punjab,Rabi,1277,26.35,33643.77
Wheat,Karnataka,Kharif,1488,34.88,51905.86
Wheat,Karnataka,Rabi,3306,18.0,59520.27
Maize,Gujarat,Rabi,815,19.9,16220.51
Soybean,Gujarat,Rabi,2785,33.92,94477.25
Maize,Maharashtra,Kharif,3391,16.76,56841.14
Soybean,Tamil Nadu,Kharif,677,21.04,14242.48
Wheat,Karnataka,Kharif,2068,33.71,69708.4
Rice,Punjab,Kharif,625,17.15,10720.83
Maize,Maharashtra,Rabi,1245,15.48,19267.1
Maize,Karnataka,Rabi,3821,30.2,115397.88
Wheat,Tamil Nadu,Rabi,4693,18.21,85439.01
Soybean,Karnataka,Kharif,4472,15.94,71277.75
Soybean,Karnataka,Kharif,918,27.87,25580.09
Maize,Karnataka,Rabi,4527,23.7,107283.94
Wheat,Karnataka,Kharif,1141,29.95,34173.83
Rice,Karnataka,Rabi,1601,30.94,49542.19
Maize,Maharashtra,Kharif,4070,15.52,63168.23
Wheat,Punjab,Kharif,2479,28.44,70499.85
Rice,Karnataka,Rabi,2832,23.19,65681.39
Wheat,Karnataka,Rabi,2122,27.46,58278.99
Cotton,Karnataka,Kharif,3828,32.93,126065.22
Maize,Punjab,Rabi,3606,15.45,55723.29
Maize,Gujarat,Rabi,4840,16.33,79053.74
Cotton,Karnataka,Rabi,3286,18.63,61215.7
Rice,Maharashtra,Kharif,4404,15.08,66406.36
Rice,Maharashtra,Rabi,3601,33.77,121587.89
Rice,Karnataka,Kharif,3765,16.24,61128.88
Cotton,Tamil Nadu,Rabi,3512,25.01,87850.8
Soybean,Tamil Nadu,Kharif,3230,23.22,74998.99
Rice,Gujarat,Rabi,2560,33.8,86526.59
Wheat,Punjab,Kharif,2560,23.49,60121.68
Wheat,Punjab,Kharif,1525,29.09,44356.02
Cotton,Punjab,Kharif,1481,33.69,49890.38
Soybean,Karnataka,Rabi,3338,34.32,114563.13
Cotton,Karnataka,Rabi,2896,26.8,77604.98
Soybean,Karnataka,Rabi,3010,18.84,56701.22
Maize,Punjab,Kharif,4974,31.9,158693.01
Rice,Karnataka,Kharif,1506,31.18,46959.52
Rice,Tamil Nadu,Rabi,2365,29.93,70785.38
Cotton,Karnataka,Rabi,2426,25.44,61728.9
Soybean,Punjab,Rabi,4632,15.96,73935.21
Cotton,Punjab,Kharif,4908,30.64,150361.48
Cotton,Maharashtra,Kharif,2819,25.77,72635.68
Cotton,Karnataka,Rabi,2111,26.51,55960.4
Soybean,Gujarat,Rabi,3824,30.27,115765.31
Maize,Gujarat,Kharif,4338,22.28,96634.33
Cotton,Punjab,Kharif,1270,24.54,31161.12
Soybean,Punjab,Kharif,4925,34.58,170327.74
Maize,Maharashtra,Rabi,3154,22.39,70615.59
Maize,Punjab,Kharif,1605,20.43,32794.32
Maize,Gujarat,Kharif,4037,23.71,95725.3
Wheat,Karnataka,Kharif,1206,26.01,31372.3
Wheat,Punjab,Rabi,1259,31.2,39275.16
Wheat,Karnataka,Kharif,4266,15.41,65736.73
Rice,Karnataka,Kharif,1514,27.54,41700.01
Rice,Tamil Nadu,Kharif,2269,20.32,46111.76
Wheat,Tamil Nadu,Rabi,2788,15.06,41975.92
Soybean,Punjab,Kharif,1276,25.43,32449.46
Cotton,Tamil Nadu,Rabi,4583,30.74,140865.15
Soybean,Gujarat,Rabi,775,25.53,19788.55
Soybean,Maharashtra,Kharif,3201,19.72,63114.38
Soybean,Maharashtra,Kharif,763,31.4,23960.56
Cotton,Maharashtra,Kharif,4110,33.26,136687.79
Cotton,Maharashtra,Rabi,1722,20.65,35552.17
Maize,Tamil Nadu,Rabi,2232,30.4,67842.38
Rice,Tamil Nadu,Rabi,3010,26.0,78256.28
Wheat,Punjab,Rabi,3252,33.16,107842.37
Rice,Gujarat,Kharif,1670,29.11,48617.76
Rice,Karnataka,Kharif,2716,18.97,51521.8
Maize,Punjab,Kharif,2673,34.96,93449.37
Rice,Tamil Nadu,Rabi,4716,15.1,71205.12
Soybean,Gujarat,Kharif,3020,17.86,53926.59
Maize,Gujarat,Kharif,3067,27.41,84057.62
Cotton,Karnataka,Kharif,4668,31.77,148293.24
Maize,Karnataka,Rabi,2411,23.64,56988.7
Rice,Punjab,Kharif,2545,17.19,43759.14
Soybean,Punjab,Kharif,4725,23.81,112501.09
Maize,Maharashtra,Kharif,2918,21.22,61922.65
Rice,Karnataka,Kharif,3812,34.92,133129.05
Maize,Karnataka,Rabi,4860,25.62,124515.78
Cotton,Maharashtra,Rabi,3331,16.16,53820.02
Cotton,Maharashtra,Rabi,4675,16.44,76862.63
Soybean,Gujarat,Rabi,4367,15.9,69420.33
Rice,Tamil Nadu,Kharif,1324,26.79,35469.6
Cotton,Gujarat,Rabi,4186,20.17,84414.46
Rice,Punjab,Kharif,3771,24.43,92110.43
Wheat,Gujarat,Kharif,4611,15.92,73413.72
Wheat,Punjab,Rabi,4753,22.45,106692.64
Maize,Tamil Nadu,Kharif,2411,33.38,80476.16
Maize,Punjab,Rabi,805,30.44,24501.14
Cotton,Karnataka,Rabi,2656,26.36,70001.29
Wheat,Gujarat,Kharif,4211,33.95,142975.79
Wheat,Karnataka,Kharif,1151,30.56,35174.38
Rice,Karnataka,Kharif,3227,29.38,94819.58
Rice,Tamil Nadu,Kharif,3607,21.63,78035.58
Maize,Tamil Nadu,Rabi,885,27.63,24454.62
Rice,Gujarat,Kharif,2704,28.08,75940.27
Wheat,Punjab,Rabi,2724,28.62,77947.8
Cotton,Karnataka,Rabi,1935,23.04,44575.5
Cotton,Maharashtra,Kharif,2895,18.83,54521.53
Cotton,Karnataka,Kharif,3830,25.0,95739.12
Soybean,Tamil Nadu,Kharif,2611,18.84,49193.32
Wheat,Karnataka,Kharif,1494,22.13,33062.22
Soybean,Maharashtra,Rabi,4509,18.22,82151.09
Soybean,Gujarat,Rabi,4899,30.58,149818.73
Maize,Tamil Nadu,Kharif,2371,15.5,36761.77
Soybean,Maharashtra,Kharif,2013,32.2,64813.7
Wheat,Punjab,Rabi,2204,28.95,63796.48
Maize,Gujarat,Rabi,4550,20.6,93708.75
Rice,Karnataka,Kharif,1915,20.89,40005.72
Cotton,Tamil Nadu,Rabi,4026,21.42,86250.78
Rice,Maharashtra,Kharif,900,30.99,27886.64
Maize,Maharashtra,Rabi,2542,19.85,50450.93
Soybean,Punjab,Kharif,1483,29.2,43308.34
Soybean,Maharashtra,Kharif,1403,28.06,39373.94
Wheat,Karnataka,Rabi,1357,16.45,22322.63
Rice,Gujarat,Kharif,4107,21.49,88255.57
Rice,Punjab,Kharif,1936,22.98,44494.64
Maize,Tamil Nadu,Rabi,915,23.04,21080.15
Maize,Tamil Nadu,Kharif,647,30.77,19905.41
Cotton,Tamil Nadu,Kharif,1261,22.66,28571.93
Maize,Tamil Nadu,Kharif,3229,34.58,111661.24
Cotton,Gujarat,Kharif,1956,33.8,66118.84
Cotton,Punjab,Rabi,1867,27.58,51494.85
Soybean,Tamil Nadu,Rabi,4304,26.62,114583.66
Rice,Gujarat,Kharif,4000,29.2,116796.53
Cotton,Karnataka,Kharif,1504,32.9,49475.83
Soybean,Punjab,Rabi,4584,15.3,70122.27
Rice,Punjab,Kharif,4029,20.96,84466.5
Cotton,Tamil Nadu,Rabi,1290,19.28,24870.2
Maize,Karnataka,Rabi,4312,15.76,67958.95
Soybean,Karnataka,Kharif,880,29.11,25616.95
Rice,Punjab,Rabi,2841,16.14,45847.76
Rice,Tamil Nadu,Rabi,3511,27.78,97531.06
Rice,Gujarat,Rabi,2500,19.27,48170.34
Cotton,Karnataka,Rabi,2936,27.22,79910.96
Wheat,Gujarat,Kharif,3236,32.74,105954.14
Soybean,Maharashtra,Kharif,4705,20.61,96951.79
Maize,Punjab,Kharif,537,23.5,12618.33
Soybean,Gujarat,Kharif,926,28.91,26766.03
Wheat,Tamil Nadu,Kharif,1965,31.72,62320.15
Soybean,Gujarat,Kharif,4356,25.42,110740.03
Wheat,Gujarat,Kharif,1673,20.58,34433.27
Soybean,Gujarat,Rabi,2499,19.67,49147.09
Rice,Karnataka,Rabi,2836,20.33,57655.56
Wheat,Maharashtra,Rabi,3156,33.06,104338.89
Cotton,Maharashtra,Kharif,871,19.38,16875.9
Soybean,Gujarat,Rabi,3909,25.99,101588.69
Rice,Punjab,Rabi,2639,26.58,70153.74
Wheat,Gujarat,Kharif,4714,28.56,134610.02
Wheat,Karnataka,Rabi,1450,19.62,28451.87
Soybean,Gujarat,Rabi,4663,31.95,149002.15
Soybean,Gujarat,Rabi,2614,17.99,47019.6
Rice,Punjab,Kharif,1656,17.26,28578.48
Wheat,Gujarat,Rabi,1517,24.85,37702.8
Cotton,Gujarat,Kharif,3860,26.83,103568.62
Rice,Maharashtra,Kharif,4358,29.83,129988.98
Soybean,Maharashtra,Rabi,1545,31.07,48004.59
Rice,Maharashtra,Kharif,1905,18.64,35500.42
Wheat,Karnataka,Kharif,851,28.8,24505.75
Rice,Tamil Nadu,Rabi,1878,18.42,34590.89
Rice,Gujarat,Kharif,3195,31.79,101572.96
Wheat,Karnataka,Kharif,3215,31.7,101908.56
Rice,Gujarat,Kharif,547,32.31,17671.83
Wheat,Maharashtra,Rabi,4005,28.1,112542.47
Soybean,Tamil Nadu,Kharif,4119,34.53,142232.69
Soybean,Gujarat,Kharif,2256,24.29,54798.98
Wheat,Karnataka,Kharif,3450,29.09,100353.17
Rice,Karnataka,Rabi,2795,22.64,63291.5
Soybean,Gujarat,Rabi,3981,33.85,134758.71
Soybean,Gujarat,Kharif,4202,27.29,114653.93
Rice,Tamil Nadu,Kharif,1462,32.1,46926.5
Soybean,Gujarat,Kharif,3348,16.92,56639.13
Cotton,Maharashtra,Rabi,4206,23.67,99553.79
Cotton,Tamil Nadu,Kharif,3913,24.16,94522.17
Maize,Gujarat,Kharif,1236,20.92,25856.09
Cotton,Karnataka,Rabi,1254,30.85,38686.9
Maize,Maharashtra,Kharif,2241,34.88,78167.54
Rice,Tamil Nadu,Kharif,1848,25.16,46497.51
Wheat,Karnataka,Rabi,3465,33.44,115863.89
Soybean,Punjab,Rabi,1375,31.43,43211.09
Wheat,Tamil Nadu,Kharif,3976,27.74,110279.25
Maize,Gujarat,Kharif,4783,29.38,140506.39
Soybean,Gujarat,Rabi,3589,27.44,98490.8
Rice,Tamil Nadu,Rabi,511,26.0,13288.26
Cotton,Tamil Nadu,Rabi,3533,15.62,55186.07
Maize,Karnataka,Rabi,2475,17.13,42394.05
Soybean,Punjab,Kharif,2151,16.39,35262.14
Rice,Tamil Nadu,Kharif,1100,24.89,27381.73
Rice,Maharashtra,Rabi,2819,34.89,98367.09
Wheat,Gujarat,Rabi,2432,16.19,39379.56
Cotton,Gujarat,Kharif,746,29.52,22018.87
Maize,Maharashtra,Kharif,3728,28.11,104810.22
Maize,Tamil Nadu,Rabi,4271,18.2,77711.02
Wheat,Karnataka,Kharif,4835,31.83,153909.03
Maize,Punjab,Kharif,2985,30.38,90675.4
Maize,Maharashtra,Rabi,3146,34.15,107447.93
Wheat,Maharashtra,Rabi,2518,24.57,61876.39
Cotton,Gujarat,Kharif,2702,32.27,87201.59
Soybean,Gujarat,Kharif,659,33.19,21874.26
Soybean,Tamil Nadu,Rabi,1794,34.73,62310.03
Rice,Maharashtra,Kharif,1131,25.09,28373.29
Rice,Karnataka,Kharif,3844,25.94,99722.24
Rice,Karnataka,Kharif,1400,23.2,32484.51
Maize,Tamil Nadu,Kharif,1709,15.71,26841.81
Wheat,Maharashtra,Kharif,1283,25.79,33089.14
Wheat,Karnataka,Rabi,919,25.8,23713.21
Maize,Maharashtra,Rabi,3061,15.57,47671.67
Cotton,Karnataka,Rabi,1077,18.74,20180.66
Wheat,Gujarat,Kharif,1915,18.0,34477.64
Rice,Punjab,Kharif,1632,15.98,26072.7
Maize,Karnataka,Kharif,648,25.56,16560.91
Soybean,Tamil Nadu,Kharif,772,27.55,21265.29
Maize,Maharashtra,Kharif,1502,28.7,43101.0
Maize,Karnataka,Kharif,3667,24.52,89921.2
Maize,Maharashtra,Kharif,3971,15.12,60061.26
Wheat,Karnataka,Kharif,528,24.71,13048.95
Soybean,Punjab,Kharif,3965,24.86,98567.1
Maize,Punjab,Kharif,1995,30.78,61405.19
Maize,Gujarat,Kharif,584,16.15,9431.22
Soybean,Karnataka,Rabi,660,15.77,10405.79
Soybean,Tamil Nadu,Rabi,3320,15.85,52607.32
Wheat,Punjab,Rabi,2770,33.26,92122.65
Wheat,Punjab,Kharif,1508,19.66,29641.85
Rice,Punjab,Kharif,4859,31.37,152444.12
Rice,Tamil Nadu,Kharif,4194,25.28,106044.11
Wheat,Karnataka,Rabi,4883,26.51,129436.38
Wheat,Karnataka,Rabi,4986,21.19,105655.93
Rice,Punjab,Rabi,4942,24.66,121861.75
Maize,Karnataka,Kharif,514,31.72,16305.32
Soybean,Tamil Nadu,Rabi,2863,34.81,99655.25
Rice,Gujarat,Kharif,762,31.01,23629.15
Cotton,Tamil Nadu,Kharif,1271,18.27,23216.45
Soybean,Punjab,Kharif,4189,31.14,130451.84
Soybean,Gujarat,Kharif,3233,17.78,57497.38
Cotton,Gujarat,Kharif,2570,24.75,63619.3
Maize,Maharashtra,Kharif,4320,24.09,104053.3
Rice,Gujarat,Kharif,4488,29.89,134126.86
Cotton,Gujarat,Kharif,4615,33.94,156628.36
Soybean,Maharashtra,Kharif,2841,15.61,44340.41
Maize,Punjab,Rabi,3749,30.7,115084.92
Maize,Maharashtra,Rabi,3477,24.68,85811.09
Cotton,Gujarat,Rabi,4974,17.61,87614.26
Rice,Gujarat,Kharif,3218,34.53,111109.76
Rice,Punjab,Rabi,4357,28.91,125951.86
Soybean,Karnataka,Kharif,1683,33.07,55658.99
Soybean,Karnataka,Rabi,1468,20.33,29851.65
Rice,Karnataka,Kharif,3971,22.66,89980.08
Wheat,Karnataka,Rabi,4204,19.14,80460.1
Cotton,Gujarat,Rabi,1714,18.06,30955.0
Cotton,Gujarat,Kharif,4822,28.16,135799.34
Cotton,Maharashtra,Rabi,2594,26.11,67727.5
Maize,Tamil Nadu,Kharif,3450,30.89,106579.25
Soybean,Punjab,Rabi,799,28.68,22913.33
Rice,Tamil Nadu,Rabi,1299,29.46,38268.37
Wheat,Tamil Nadu,Rabi,4428,28.53,126317.46
Soybean,Punjab,Rabi,877,19.26,16891.4
Wheat,Tamil Nadu,Kharif,3675,32.03,117718.09
Wheat,Punjab,Kharif,1978,16.56,32752.13
Maize,Punjab,Kharif,1109,19.33,21438.8
Cotton,Gujarat,Rabi,4663,25.65,119610.76
Cotton,Tamil Nadu,Kharif,2167,18.8,40737.76
Rice,Punjab,Rabi,4684,17.49,81914.84
Cotton,Karnataka,Rabi,4875,23.92,116596.15
Rice,Tamil Nadu,Kharif,4787,23.09,110539.28
Soybean,Maharashtra,Rabi,4204,29.31,123218.03
Maize,Tamil Nadu,Kharif,631,31.1,19622.82
Rice,Maharashtra,Kharif,3499,34.31,120033.32
Rice,Karnataka,Kharif,1061,32.6,34590.4
Soybean,Gujarat,Kharif,4326,28.99,125390.02
Maize,Maharashtra,Kharif,1802,30.01,54080.07
Soybean,Maharashtra,Kharif,1283,29.52,37879.37
Wheat,Punjab,Kharif,3425,31.61,108280.53
Wheat,Karnataka,Rabi,2412,18.94,45688.93
Wheat,Maharashtra,Kharif,4166,33.62,140058.55
Cotton,Tamil Nadu,Kharif,2356,25.11,59164.98
Wheat,Maharashtra,Kharif,1190,19.49,23196.69
Maize,Karnataka,Kharif,4946,19.83,98084.65
Soybean,Gujarat,Rabi,1838,28.09,51635.3
Wheat,Karnataka,Kharif,1218,17.27,21032.09
Cotton,Karnataka,Kharif,4845,18.38,89046.7
Cotton,Tamil Nadu,Kharif,3165,15.93,50410.79
Wheat,Gujarat,Kharif,793,16.76,13293.67
Maize,Maharashtra,Rabi,1916,23.94,45864.16
Wheat,Gujarat,Kharif,1495,16.5,24666.68
Cotton,Tamil Nadu,Kharif,4364,33.22,144955.61
Soybean,Tamil Nadu,Rabi,1773,24.45,43348.95
Wheat,Tamil Nadu,Kharif,789,25.15,19841.97
Maize,Maharashtra,Rabi,3309,21.44,70929.29
Soybean,Karnataka,Kharif,3248,24.63,79990.79
Cotton,Karnataka,Rabi,3899,26.27,102442.57
Soybean,Tamil Nadu,Kharif,1670,16.89,28202.31
Wheat,Maharashtra,Rabi,4009,33.24,133272.9
Soybean,Gujarat,Rabi,1912,28.61,54704.9
Cotton,Tamil Nadu,Rabi,3884,15.82,61427.98
Cotton,Punjab,Kharif,4265,25.42,108415.23
Cotton,Tamil Nadu,Kharif,4332,20.43,88513.36
Wheat,Gujarat,Kharif,2926,23.56,68951.09
Wheat,Maharashtra,Rabi,1078,22.66,24428.88
Rice,Tamil Nadu,Rabi,1892,23.28,44036.81
Soybean,Punjab,Rabi,3992,33.05,131941.26
Wheat,Punjab,Rabi,536,17.93,9610.74
Soybean,Maharashtra,Rabi,1268,23.33,29582.31
Soybean,Karnataka,Kharif,4638,32.46,150545.85
Wheat,Tamil Nadu,Kharif,1469,20.92,30724.82
Rice,Tamil Nadu,Kharif,1245,30.59,38082.49
Maize,Karnataka,Rabi,611,16.85,10296.54
Soybean,Maharashtra,Kharif,2253,29.72,66961.18
Soybean,Tamil Nadu,Kharif,3871,23.65,91535.11
Cotton,Punjab,Kharif,1584,31.45,49818.45
Soybean,Maharashtra,Rabi,3020,15.82,47771.39
Maize,Karnataka,Kharif,3529,20.54,72503.25
Rice,Tamil Nadu,Kharif,3299,33.72,111233.44
Cotton,Karnataka,Kharif,2179,15.79,34406.37
Wheat,Tamil Nadu,Kharif,4759,18.73,89154.22
Rice,Tamil Nadu,Kharif,2881,30.41,87605.05
Rice,Tamil Nadu,Rabi,1541,18.75,28896.54
Maize,Punjab,Rabi,1347,21.74,29282.89
Rice,Maharashtra,Kharif,1608,18.12,29138.03
Cotton,Gujarat,Kharif,596,26.63,15868.54
Soybean,Gujarat,Rabi,3395,30.21,102558.41
Soybean,Maharashtra,Rabi,4459,31.58,140826.11
Rice,Punjab,Kharif,3051,16.54,50451.78
Rice,Gujarat,Rabi,2163,16.63,35980.9
Wheat,Karnataka,Rabi,907,24.7,22399.78
Soybean,Maharashtra,Rabi,3838,19.27,73977.0
Wheat,Maharashtra,Kharif,3459,18.46,63858.58
Cotton,Karnataka,Kharif,2555,26.39,67423.36
Cotton,Tamil Nadu,Kharif,977,17.54,17132.58
Cotton,Gujarat,Rabi,4059,34.54,140196.56
Maize,Karnataka,Kharif,3300,16.61,54826.45
Wheat,Maharashtra,Kharif,4338,30.87,133908.14
Maize,Gujarat,Kharif,3920,19.28,75582.68
Maize,Maharashtra,Rabi,3788,31.38,118849.68
Soybean,Punjab,Rabi,672,15.15,10182.27
Cotton,Maharashtra,Kharif,3366,27.46,92421.45
Maize,Karnataka,Kharif,4290,22.29,95618.72
Wheat,Karnataka,Kharif,2699,21.67,58476.73
Rice,Punjab,Rabi,1308,19.52,25528.08
Maize,Gujarat,Kharif,835,19.67,16426.17
Rice,Gujarat,Kharif,4187,25.66,107438.26
Cotton,Karnataka,Kharif,1159,27.42,31777.2
Rice,Karnataka,Kharif,2457,33.49,82272.73
Maize,Tamil Nadu,Kharif,4716,24.85,117187.51
Cotton,Karnataka,Rabi,2611,16.11,42054.62
Cotton,Maharashtra,Kharif,4040,16.3,65837.57
Maize,Gujarat,Kharif,623,20.02,12473.12
Cotton,Tamil Nadu,Rabi,2019,21.39,43186.28
Cotton,Punjab,Rabi,4233,28.05,118729.3
Cotton,Karnataka,Kharif,4560,23.59,107571.04
Rice,Karnataka,Kharif,4809,24.78,119167.74
Maize,Gujarat,Kharif,654,22.75,14875.31
Soybean,Maharashtra,Kharif,3109,27.03,84032.81
Soybean,Tamil Nadu,Rabi,564,33.9,19117.22
Maize,Maharashtra,Kharif,2588,26.91,69633.73
Rice,Maharashtra,Rabi,501,20.67,10356.4
Soybean,Tamil Nadu,Rabi,3200,33.05,105748.07
Soybean,Karnataka,Rabi,2625,29.39,77160.95
Cotton,Gujarat,Rabi,1325,18.04,23898.57
Cotton,Karnataka,Kharif,2751,21.53,59230.29
Wheat,Gujarat,Kharif,2740,28.64,78466.5
Cotton,Punjab,Rabi,3488,30.07,104882.9
Cotton,Karnataka,Kharif,1349,33.37,45012.58
Cotton,Tamil Nadu,Kharif,1344,26.19,35197.0
Rice,Tamil Nadu,Rabi,4163,32.96,137193.34
Maize,Punjab,Kharif,4548,16.42,74693.34
Rice,Maharashtra,Rabi,3173,21.02,66688.86
Wheat,Maharashtra,Rabi,4385,15.79,69228.36
Maize,Maharashtra,Rabi,4635,31.49,145974.51
Rice,Tamil Nadu,Rabi,2130,27.18,57899.78
Wheat,Maharashtra,Kharif,4944,31.44,155414.69
Rice,Karnataka,Kharif,3942,22.45,88478.82
Wheat,Punjab,Rabi,966,20.95,20238.01
Soybean,Maharashtra,Kharif,2519,16.14,40657.45
Cotton,Gujarat,Kharif,3295,22.59,74422.21
Cotton,Gujarat,Rabi,1675,23.96,40138.93
Cotton,Punjab,Rabi,4588,33.84,155242.75
Wheat,Maharashtra,Rabi,562,33.76,18970.64
Soybean,Punjab,Kharif,895,24.73,22130.85
Cotton,Karnataka,Kharif,584,23.83,13918.72
Rice,Punjab,Kharif,3138,24.98,78383.18
Cotton,Gujarat,Kharif,4221,16.08,67869.42
Rice,Gujarat,Kharif,3352,27.6,92508.63
Wheat,Gujarat,Rabi,2437,28.18,68665.86
Maize,Tamil Nadu,Rabi,2843,29.38,83529.81
Rice,Maharashtra,Kharif,2028,16.81,34091.1
Maize,Karnataka,Rabi,1502,30.44,45724.76
Soybean,Punjab,Kharif,2713,19.42,52684.48
Soybean,Tamil Nadu,Kharif,4903,16.56,81205.34
Soybean,Gujarat,Kharif,2333,17.9,41754.88
Wheat,Gujarat,Kharif,3206,33.67,107942.4
Rice,Tamil Nadu,Kharif,4121,25.65,105705.0
Cotton,Gujarat,Kharif,3166,33.98,107589.15
Cotton,Karnataka,Rabi,3592,16.17,58079.45
Soybean,Tamil Nadu,Rabi,2395,32.9,78795.31
Wheat,Gujarat,Rabi,3128,23.58,73767.58
Wheat,Maharashtra,Kharif,2793,26.01,72647.22
Wheat,Gujarat,Rabi,2503,26.96,67473.07
Cotton,Karnataka,Kharif,4668,19.11,89183.08
Wheat,Tamil Nadu,Kharif,792,16.91,13396.2
Soybean,Maharashtra,Rabi,2264,17.89,40502.91
Maize,Maharashtra,Kharif,4151,25.12,104284.26
Cotton,Maharashtra,Kharif,1875,32.28,60523.21
Soybean,Karnataka,Kharif,3763,17.72,66691.18
Maize,Punjab,Rabi,1065,20.74,22083.43
Wheat,Tamil Nadu,Kharif,4037,28.0,113046.59
Cotton,Maharashtra,Rabi,3073,28.36,87161.54
Soybean,Karnataka,Kharif,2921,15.05,43975.16
Rice,Punjab,Kharif,3396,18.89,64141.24
Soybean,Punjab,Rabi,1138,32.23,36683.2
Cotton,Gujarat,Rabi,2985,22.16,66149.51
Maize,Maharashtra,Rabi,1050,19.19,20148.83
Soybean,Karnataka,Rabi,4004,34.13,136645.87
Maize,Tamil Nadu,Rabi,4011,27.09,108639.34
Cotton,Maharashtra,Kharif,4047,22.15,89637.13
Maize,Karnataka,Rabi,1653,27.12,44826.42
Soybean,Tamil Nadu,Rabi,2478,30.34,75189.44
Cotton,Karnataka,Kharif,4123,16.75,69068.11
Wheat,Punjab,Rabi,726,28.81,20915.88
Rice,Gujarat,Kharif,1823,16.43,29947.99
Maize,Maharashtra,Rabi,3569,19.64,70078.97
Maize,Tamil Nadu,Kharif,1100,16.55,18202.52
Soybean,Gujarat,Rabi,4519,32.43,146544.11
Soybean,Gujarat,Rabi,963,25.16,24230.47
Soybean,Maharashtra,Rabi,1653,15.98,26418.2
Maize,Punjab,Rabi,2361,25.75,60794.56
Soybean,Punjab,Kharif,2733,22.45,61367.74
Maize,Gujarat,Rabi,3263,21.83,71245.37
Soybean,Punjab,Rabi,2857,16.74,47834.52
Cotton,Punjab,Kharif,3842,25.69,98685.21
Rice,Punjab,Kharif,4816,31.24,150467.11
Wheat,Karnataka,Rabi,4257,24.51,104320.18
Maize,Tamil Nadu,Kharif,1305,28.76,37529.66
Maize,Tamil Nadu,Kharif,3956,34.17,135180.41
Rice,Gujarat,Kharif,4860,30.83,149818.22
Maize,Punjab,Kharif,3505,18.62,65279.18
Rice,Karnataka,Kharif,2346,29.72,69712.67
Cotton,Tamil Nadu,Rabi,2711,25.14,68157.33
Wheat,Punjab,Rabi,617,19.53,12047.05
Maize,Tamil Nadu,Rabi,2726,18.74,51088.31
Maize,Maharashtra,Kharif,3099,17.45,54067.84
Cotton,Tamil Nadu,Rabi,1019,33.54,34175.97
Soybean,Karnataka,Rabi,3325,22.13,73597.99
Rice,Karnataka,Kharif,1139,29.3,33371.35
Maize,Punjab,Rabi,2489,20.53,51100.89
Wheat,Karnataka,Kharif,3233,27.86,90062.88
Maize,Tamil Nadu,Kharif,3141,21.47,67430.56
Maize,Gujarat,Rabi,2424,18.1,43871.6
Cotton,Tamil Nadu,Kharif,3596,26.81,96399.13
Cotton,Karnataka,Rabi,506,25.02,12659.21
Soybean,Maharashtra,Rabi,4103,27.4,112414.24
Soybean,Tamil Nadu,Rabi,3690,16.83,62118.69
Soybean,Karnataka,Rabi,840,31.27,26266.91
Cotton,Gujarat,Rabi,4082,33.37,136232.91
Wheat,Karnataka,Rabi,2025,19.75,40003.14
Cotton,Punjab,Kharif,3095,33.44,103501.09
Soybean,Punjab,Rabi,1784,32.72,58381.35
Soybean,Tamil Nadu,Kharif,1869,30.72,57415.3
Cotton,Gujarat,Rabi,3244,34.81,112935.46
Wheat,Tamil Nadu,Kharif,4549,32.43,147532.72
Maize,Maharashtra,Kharif,3491,32.97,115090.28
Cotton,Maharashtra,Rabi,4798,19.59,94005.7
Wheat,Maharashtra,Kharif,3462,21.04,72833.77
Wheat,Maharashtra,Kharif,4550,30.86,140396.77
Wheat,Maharashtra,Kharif,2067,21.99,45448.31
Cotton,Punjab,Kharif,4105,16.63,68251.3
Maize,Karnataka,Rabi,1835,15.02,27564.81
Rice,Karnataka,Kharif,3546,31.3,110988.9
Soybean,Gujarat,Kharif,2311,21.37,49394.74
Soybean,Maharashtra,Kharif,1017,31.19,31715.73
Cotton,Karnataka,Rabi,4038,22.78,91982.67
Wheat,Punjab,Rabi,1360,32.22,43821.57
Wheat,Tamil Nadu,Rabi,2737,25.18,68929.46
Maize,Punjab,Rabi,900,28.37,25530.96
Wheat,Karnataka,Rabi,2237,32.59,72896.82
Soybean,Karnataka,Kharif,4415,23.05,101758.19
Soybean,Tamil Nadu,Rabi,2091,33.43,69911.32
Rice,Punjab,Kharif,1888,23.02,43457.79
Wheat,Punjab,Kharif,1732,17.16,29726.03
Maize,Punjab,Rabi,1685,29.28,49342.96
Cotton,Tamil Nadu,Rabi,3573,32.79,117165.78
Rice,Maharashtra,Rabi,2635,33.01,86969.33
Maize,Maharashtra,Rabi,2000,29.3,58608.77
Rice,Gujarat,Rabi,3995,33.26,132858.19
Rice,Maharashtra,Kharif,4448,30.26,134576.07
Soybean,Tamil Nadu,Kharif,3061,24.6,75304.53
Wheat,Karnataka,Kharif,516,30.18,15570.38
Soybean,Gujarat,Rabi,2990,18.3,54721.35
Soybean,Punjab,Rabi,1800,20.84,37508.78
Cotton,Gujarat,Rabi,562,19.18,10780.34
Maize,Gujarat,Kharif,1182,32.63,38566.52
Rice,Gujarat,Kharif,4954,25.97,128637.46
Wheat,Tamil Nadu,Kharif,2198,24.57,54014.31
Soybean,Punjab,Rabi,2730,15.09,41195.35
Maize,Gujarat,Rabi,4918,15.52,76311.39
Soybean,Karnataka,Kharif,3708,28.11,104242.89
Soybean,Tamil Nadu,Rabi,1299,16.39,21289.83
Rice,Gujarat,Kharif,4566,33.98,155164.49
Rice,Tamil Nadu,Rabi,3226,23.73,76558.92
Wheat,Tamil Nadu,Kharif,2132,18.75,39974.54
Cotton,Karnataka,Rabi,2566,22.25,57086.94
Cotton,Tamil Nadu,Kharif,734,21.28,15617.17
Maize,Gujarat,Rabi,3239,25.75,83397.85
Rice,Tamil Nadu,Kharif,3158,20.19,63749.87
Soybean,Maharashtra,Kharif,1028,21.83,22445.56
Wheat,Tamil Nadu,Rabi,4043,19.06,77057.02
Wheat,Karnataka,Kharif,3347,19.1,63933.83
Rice,Tamil Nadu,Kharif,4723,30.93,146070.05
Rice,Punjab,Rabi,2370,32.59,77238.53
Soybean,Tamil Nadu,Kharif,1906,25.73,49044.45
Soybean,Punjab,Rabi,1989,21.77,43305.33
Maize,Tamil Nadu,Rabi,2029,33.6,68165.01
Wheat,Punjab,Kharif,4832,18.65,90116.27
Wheat,Maharashtra,Kharif,1239,32.95,40819.61
Cotton,Gujarat,Rabi,3304,29.63,97902.63
Rice,Karnataka,Kharif,3393,32.85,111469.22
Soybean,Karnataka,Rabi,4090,23.08,94382.46
Soybean,Punjab,Rabi,759,24.32,18455.55
Wheat,Maharashtra,Kharif,4564,19.21,87672.25
Soybean,Maharashtra,Rabi,3697,24.86,91925.36
Wheat,Karnataka,Rabi,4690,26.12,122511.78
Rice,Maharashtra,Kharif,1281,30.05,38488.14
Soybean,Karnataka,Rabi,2952,34.37,101455.37
Cotton,Maharashtra,Rabi,4889,34.77,170011.22
Wheat,Gujarat,Kharif,1543,33.28,51352.82
Maize,Punjab,Rabi,3849,24.72,95153.13
Soybean,Tamil Nadu,Kharif,4278,30.13,128897.69
Soybean,Karnataka,Kharif,4129,25.83,106651.92
Cotton,Maharashtra,Kharif,2646,17.63,46649.9
Rice,Gujarat,Kharif,4432,33.15,146909.55
Rice,Karnataka,Rabi,2873,19.01,54611.64
Wheat,Gujarat,Kharif,3051,17.12,52226.35
Soybean,Tamil Nadu,Kharif,3435,22.67,77870.95
Wheat,Punjab,Kharif,3691,20.91,77163.41
Soybean,Gujarat,Rabi,4271,26.51,113227.92
Soybean,Karnataka,Rabi,2356,21.31,50213.56
Maize,Gujarat,Rabi,768,23.78,18263.12
Maize,Gujarat,Kharif,670,33.78,22633.2
Cotton,Karnataka,Rabi,4828,20.4,98471.89
Wheat,Maharashtra,Kharif,1278,28.04,35835.45
Soybean,Gujarat,Rabi,857,31.16,26705.08
Maize,Karnataka,Rabi,1381,15.98,22071.07
Wheat,Karnataka,Rabi,944,28.3,26716.77
Rice,Punjab,Kharif,2439,27.67,67477.91
Wheat,Punjab,Rabi,1882,19.88,37416.96
Wheat,Maharashtra,Rabi,3225,21.24,68493.63
Maize,Gujarat,Kharif,3507,32.82,115105.53
Soybean,Punjab,Kharif,4267,26.01,110974.93
Maize,Karnataka,Kharif,657,19.82,13021.25
Soybean,Punjab,Rabi,3847,30.49,117286.68
Soybean,Karnataka,Kharif,608,15.08,9167.15
Cotton,Maharashtra,Kharif,4599,19.79,91010.68
Cotton,Gujarat,Kharif,2391,34.4,82261.24
Wheat,Gujarat,Rabi,1277,27.22,34758.1
Rice,Punjab,Rabi,2522,30.1,75909.24
Maize,Karnataka,Rabi,827,29.24,24181.7
Wheat,Maharashtra,Kharif,4234,17.79,75313.03
Wheat,Maharashtra,Rabi,3933,23.58,92752.34
Rice,Tamil Nadu,Rabi,4898,31.73,155432.91
Rice,Gujarat,Rabi,3232,33.05,106806.5
Wheat,Punjab,Kharif,4565,33.41,152503.22
Wheat,Karnataka,Kharif,3647,26.97,98350.54
Cotton,Karnataka,Kharif,4154,32.4,134588.91
Soybean,Maharashtra,Kharif,3141,32.14,100943.39
Cotton,Maharashtra,Rabi,1326,32.92,43657.69
Soybean,Maharashtra,Rabi,634,23.13,14666.17
Maize,Maharashtra,Kharif,4585,24.6,112775.36
Rice,Tamil Nadu,Kharif,500,30.84,15418.15
Rice,Punjab,Rabi,1892,30.47,57647.96
Maize,Gujarat,Rabi,2580,27.58,71150.73
Soybean,Gujarat,Rabi,4662,21.55,100486.86
Soybean,Maharashtra,Rabi,4888,22.3,108988.99
Rice,Maharashtra,Rabi,2078,20.51,42613.12
Soybean,Gujarat,Rabi,4628,29.38,135966.62
Cotton,Karnataka,Rabi,2207,32.51,71745.99
Maize,Gujarat,Kharif,4580,15.25,69845.9
Rice,Gujarat,Rabi,1979,24.13,47761.23
Maize,Tamil Nadu,Rabi,731,34.37,25124.66
Soybean,Karnataka,Kharif,2810,17.01,47800.31
Maize,Tamil Nadu,Rabi,1097,18.75,20571.67
Rice,Tamil Nadu,Kharif,1305,25.78,33649.34
Maize,Tamil Nadu,Rabi,3379,34.3,115906.26
Maize,Karnataka,Kharif,4479,29.22,130896.58
Maize,Karnataka,Kharif,2146,20.64,44289.51
Cotton,Tamil Nadu,Kharif,1648,17.63,29058.55
Maize,Tamil Nadu,Kharif,3302,30.69,101351.41
Cotton,Karnataka,Rabi,1176,32.56,38295.52
Wheat,Karnataka,Kharif,2499,33.84,84574.09
Soybean,Gujarat,Kharif,2831,24.1,68234.28
Cotton,Maharashtra,Rabi,3864,27.17,104973.36
Wheat,Punjab,Rabi,1796,31.73,56988.93
Rice,Maharashtra,Rabi,2047,30.55,62530.38
Soybean,Gujarat,Kharif,1241,26.68,33111.5
Wheat,Gujarat,Rabi,4339,28.06,121757.7
Cotton,Maharashtra,Rabi,4809,26.54,127640.17
Rice,Gujarat,Rabi,1938,19.67,38111.83
Soybean,Punjab,Kharif,1067,16.45,17551.64
Cotton,Karnataka,Kharif,2686,18.04,48461.16
Maize,Maharashtra,Kharif,2149,19.69,42312.0
Rice,Maharashtra,Kharif,3774,30.57,115388.32
Maize,Gujarat,Rabi,2494,20.53,51201.37
Soybean,Tamil Nadu,Kharif,1688,15.79,26650.58
Soybean,Punjab,Rabi,4067,34.38,139816.81
Wheat,Karnataka,Rabi,1776,32.49,57696.7
Soybean,Gujarat,Rabi,3096,17.08,52873.3
Maize,Karnataka,Rabi,1953,27.28,53276.11
Soybean,Tamil Nadu,Kharif,1362,15.03,20477.56
Soybean,Karnataka,Rabi,530,23.71,12564.63
Wheat,Gujarat,Rabi,1810,22.75,41173.99
Wheat,Tamil Nadu,Kharif,4412,25.64,113119.12
Rice,Gujarat,Kharif,3677,15.38,56565.39
Wheat,Punjab,Kharif,3870,32.94,127464.51
Maize,Gujarat,Kharif,3764,30.04,113065.38
Wheat,Gujarat,Kharif,2801,33.2,92997.18
Rice,Maharashtra,Kharif,835,16.97,14169.92
Maize,Punjab,Rabi,1337,18.0,24062.21
Maize,Maharashtra,Kharif,3048,34.37,104774.74
Maize,Punjab,Kharif,3675,25.29,92941.27
Maize,Maharashtra,Kharif,847,15.07,12765.96
Cotton,Gujarat,Kharif,2730,21.19,57851.41
Soybean,Punjab,Kharif,3297,30.2,99561.01
Rice,Punjab,Rabi,1502,17.84,26792.14
Rice,Tamil Nadu,Rabi,947,22.47,21279.85
Cotton,Punjab,Rabi,3486,15.28,53263.87
Rice,Punjab,Kharif,669,21.62,14464.22
Wheat,Karnataka,Rabi,1036,31.38,32508.71
Rice,Punjab,Rabi,2177,18.01,39218.53
Maize,Karnataka,Rabi,3360,17.9,60155.15
Wheat,Punjab,Rabi,4811,25.7,123632.85
Cotton,Punjab,Rabi,4345,21.05,91458.67
Cotton,Punjab,Kharif,1651,28.47,47009.02
Cotton,Karnataka,Kharif,2856,30.19,86216.79
Maize,Gujarat,Rabi,4257,34.98,148893.09
Cotton,Karnataka,Kharif,1319,27.5,36268.66
Soybean,Punjab,Rabi,1064,25.15,26761.6
Wheat,Maharashtra,Kharif,1766,16.37,28909.47
Wheat,Gujarat,Rabi,4909,19.33,94879.19
Maize,Punjab,Kharif,1767,28.09,49637.12
Cotton,Tamil Nadu,Rabi,4054,23.16,93896.36
Wheat,Punjab,Rabi,1816,30.95,56207.43
Cotton,Karnataka,Rabi,3984,31.17,124176.82
Rice,Karnataka,Kharif,4478,34.14,152884.93
Rice,Maharashtra,Kharif,4290,33.64,144313.1
Soybean,Karnataka,Kharif,922,18.3,16875.57
Wheat,Gujarat,Kharif,2884,16.64,47977.35
Wheat,Tamil Nadu,Kharif,4044,32.34,130788.54
Cotton,Maharashtra,Rabi,1137,23.04,26199.42
Cotton,Tamil Nadu,Kharif,1867,24.08,44951.95
Cotton,Maharashtra,Kharif,4383,22.79,99892.77
Soybean,Karnataka,Kharif,2306,24.83,57262.33
Soybean,Tamil Nadu,Kharif,4098,20.95,85860.43
Cotton,Punjab,Rabi,1166,17.23,20085.13
Rice,Karnataka,Kharif,1406,24.42,34333.48
Wheat,Punjab,Rabi,1751,15.82,27700.92
Rice,Gujarat,Kharif,781,30.96,24176.36
Cotton,Punjab,Kharif,635,28.62,18170.74
Rice,Punjab,Rabi,757,24.3,18396.03
Maize,Tamil Nadu,Kharif,3860,22.53,86962.12
Soybean,Maharashtra,Rabi,541,23.04,12465.16
Wheat,Karnataka,Kharif,1844,15.2,28030.12
Wheat,Tamil Nadu,Kharif,2301,15.89,36552.4
Wheat,Maharashtra,Rabi,4361,31.35,136720.38
Cotton,Gujarat,Kharif,1607,27.02,43420.39
Cotton,Tamil Nadu,Rabi,1632,33.27,54290.01
Wheat,Gujarat,Rabi,1177,26.94,31703.74
Cotton,Maharashtra,Kharif,4833,22.41,108326.06
Wheat,Karnataka,Kharif,3676,33.78,124187.65
Wheat,Tamil Nadu,Kharif,4896,20.33,99536.96
Wheat,Maharashtra,Kharif,904,34.05,30784.67
Cotton,Punjab,Rabi,1428,17.96,25650.52
Cotton,Karnataka,Kharif,1662,15.33,25472.6
Rice,Maharashtra,Kharif,2309,17.97,41501.45
Rice,Karnataka,Kharif,4519,17.15,77490.65
Wheat,Punjab,Rabi,2238,25.34,56713.66
Maize,Tamil Nadu,Rabi,2013,18.61,37461.91
Cotton,Karnataka,Rabi,4111,32.03,131672.37
Rice,Maharashtra,Rabi,1144,29.64,33912.91
Rice,Karnataka,Kharif,855,17.48,14944.54
Cotton,Karnataka,Rabi,3238,15.03,48683.09
Rice,Punjab,Rabi,4574,16.73,76518.58
Cotton,Punjab,Kharif,1435,31.48,45168.29
Wheat,Tamil Nadu,Kharif,4901,27.44,134480.56
Soybean,Maharashtra,Kharif,2522,21.94,55330.84
Wheat,Gujarat,Rabi,3709,17.0,63057.57
Maize,Punjab,Rabi,3303,28.95,95617.06
Maize,Gujarat,Kharif,2671,31.54,84232.96
Rice,Punjab,Rabi,4774,33.68,160777.17
Wheat,Gujarat,Kharif,1763,25.25,44513.98
Cotton,Gujarat,Kharif,2478,19.25,47711.61
Maize,Tamil Nadu,Rabi,2012,20.72,41690.37
Maize,Punjab,Rabi,1852,19.92,36896.76
Cotton,Punjab,Rabi,2051,16.54,33929.93
Maize,Tamil Nadu,Kharif,4838,30.94,149668.17
Cotton,Karnataka,Kharif,2437,19.73,48081.34
Soybean,Gujarat,Kharif,1515,27.93,42315.05
Soybean,Maharashtra,Kharif,2340,32.73,76590.81
Cotton,Maharashtra,Rabi,1552,29.13,45213.5
Cotton,Maharashtra,Rabi,4649,18.6,86453.45
Cotton,Gujarat,Kharif,2606,34.98,91167.08
Maize,Tamil Nadu,Kharif,3964,25.53,101215.27
Soybean,Tamil Nadu,Rabi,2089,19.14,39977.3
Cotton,Karnataka,Rabi,1109,30.98,34354.07
Rice,Punjab,Rabi,4883,34.83,170079.51
Wheat,Karnataka,Kharif,4231,17.44,73779.8
Wheat,Gujarat,Kharif,1434,18.56,26615.82
Wheat,Gujarat,Kharif,529,29.6,15656.18
Soybean,Karnataka,Rabi,1869,30.72,57421.3
Soybean,Karnataka,Kharif,1998,16.73,33428.55
Wheat,Tamil Nadu,Rabi,2156,20.78,44795.01
Rice,Maharashtra,Rabi,4668,28.7,133976.52
Cotton,Tamil Nadu,Kharif,1932,19.01,36719.16
Rice,Tamil Nadu,Kharif,1372,16.81,23067.1
Wheat,Karnataka,Rabi,4738,23.44,111035.23
Rice,Karnataka,Rabi,4222,18.9,79816.18
Rice,Karnataka,Kharif,4664,21.98,102512.39
Maize,Karnataka,Kharif,4958,26.73,132544.34
Maize,Punjab,Kharif,4786,25.61,122589.83
Maize,Gujarat,Kharif,2211,23.32,51564.05
Maize,Punjab,Rabi,3113,26.29,81838.56
Cotton,Karnataka,Kharif,1592,33.22,52886.76
Wheat,Punjab,Rabi,4013,34.85,139839.88
Maize,Maharashtra,Rabi,4385,30.15,132217.79
Rice,Maharashtra,Kharif,4167,17.86,74426.85
Maize,Tamil Nadu,Kharif,1225,31.56,38663.78
Rice,Gujarat,Kharif,3364,34.55,116221.36
Rice,Gujarat,Rabi,674,29.7,20018.66
Maize,Maharashtra,Kharif,783,18.97,14857.05
Wheat,Tamil Nadu,Kharif,3444,33.12,114060.6
Rice,Punjab,Kharif,956,17.41,16644.45
Rice,Maharashtra,Rabi,4094,27.84,113974.5
Maize,Tamil Nadu,Kharif,4911,32.1,157619.74
Soybean,Punjab,Rabi,3011,24.38,73393.65
Maize,Gujarat,Rabi,4158,33.99,141322.95
Soybean,Maharashtra,Rabi,2327,20.9,48627.03
Maize,Tamil Nadu,Rabi,1956,19.73,38586.81
Wheat,Karnataka,Kharif,1162,30.96,35977.9
Soybean,Karnataka,Rabi,4899,26.02,127454.86
Maize,Gujarat,Rabi,1097,17.57,19271.13
Cotton,Tamil Nadu,Rabi,3251,21.55,70055.43
Soybean,Maharashtra,Rabi,699,29.18,20397.86
Soybean,Punjab,Rabi,890,25.44,22639.5
Cotton,Gujarat,Rabi,4597,19.17,88125.38
Soybean,Punjab,Rabi,4602,29.95,137817.01
Wheat,Punjab,Kharif,697,26.46,18445.96
Maize,Maharashtra,Kharif,3155,25.85,81551.07
Soybean,Maharashtra,Rabi,1997,21.88,43692.98
Cotton,Gujarat,Rabi,3505,28.31,99230.63
Wheat,Karnataka,Rabi,2380,33.1,78778.78
Maize,Punjab,Kharif,1990,24.04,47831.02
Rice,Tamil Nadu,Kharif,4608,24.44,112639.61
Soybean,Gujarat,Rabi,3031,18.58,56321.4
Soybean,Karnataka,Kharif,1434,16.56,23747.53
Maize,Karnataka,Rabi,2180,34.76,75775.63
Rice,Gujarat,Kharif,1393,20.99,29244.32
Soybean,Punjab,Rabi,3014,34.65,104434.82
Soybean,Maharashtra,Rabi,659,30.05,19802.69
Maize,Karnataka,Rabi,1936,25.42,49216.05
Wheat,Karnataka,Rabi,3025,31.73,95975.87
Maize,Maharashtra,Kharif,3738,25.18,94112.15
Cotton,Maharashtra,Rabi,3896,31.14,121318.94
Wheat,Gujarat,Kharif,2502,28.0,70061.13
Wheat,Tamil Nadu,Kharif,563,23.28,13107.75
Maize,Tamil Nadu,Kharif,1007,31.81,32030.71
Cotton,Gujarat,Kharif,2994,19.41,58100.16
Maize,Gujarat,Rabi,1026,18.79,19279.87
Soybean,Gujarat,Kharif,3733,30.18,112675.58
Rice,Karnataka,Rabi,4440,32.03,142196.75
Soybean,Karnataka,Rabi,4907,29.48,144654.25
Maize,Tamil Nadu,Kharif,879,27.92,24540.23
Maize,Maharashtra,Rabi,1997,29.2,58319.47
Rice,Gujarat,Kharif,1143,17.12,19566.88
Maize,Punjab,Rabi,1551,30.98,48042.84
Soybean,Punjab,Kharif,801,24.48,19604.91
Cotton,Tamil Nadu,Kharif,4894,32.06,156918.4
Wheat,Punjab,Rabi,4092,25.46,104188.6
Rice,Punjab,Kharif,4094,32.74,134036.04
Soybean,Karnataka,Kharif,1266,33.72,42691.15
Rice,Punjab,Rabi,1090,19.79,21565.65
Maize,Gujarat,Kharif,3082,30.31,93416.12
Maize,Maharashtra,Rabi,3255,15.86,51608.94
Rice,Gujarat,Rabi,3641,17.4,63349.71
Rice,Gujarat,Kharif,4783,17.01,81363.21
Rice,Tamil Nadu,Kharif,3037,32.17,97693.52
Soybean,Maharashtra,Kharif,2825,27.14,76658.93
Maize,Gujarat,Kharif,4575,28.41,129984.53
Wheat,Maharashtra,Rabi,955,27.79,26538.75
Wheat,Gujarat,Kharif,1358,25.61,34780.92
Wheat,Tamil Nadu,Rabi,2548,19.66,50092.86
Rice,Punjab,Kharif,2716,29.96,81367.69
Rice,Punjab,Kharif,2317,26.9,62338.0
Rice,Gujarat,Kharif,3482,31.5,109685.29
Maize,Gujarat,Kharif,1550,30.91,47904.59
Soybean,Karnataka,Kharif,1084,21.8,23631.11
Rice,Gujarat,Kharif,2668,28.06,74874.06
Wheat,Karnataka,Kharif,753,25.57,19254.09
Wheat,Karnataka,Rabi,2333,25.08,58521.84
Soybean,Tamil Nadu,Rabi,2735,20.56,56233.65
Wheat,Karnataka,Rabi,3274,15.75,51579.68
Soybean,Tamil Nadu,Rabi,962,31.34,30146.52
Cotton,Gujarat,Kharif,4751,34.53,164038.98
Soybean,Punjab,Kharif,4676,23.19,108428.85
Wheat,Karnataka,Kharif,1630,25.15,40991.63
Maize,Maharashtra,Rabi,3117,15.5,48302.8
Cotton,Maharashtra,Rabi,2012,22.46,45197.52
Cotton,Punjab,Kharif,543,15.3,8309.77
Wheat,Tamil Nadu,Rabi,4434,33.62,149065.8
Cotton,Karnataka,Kharif,4208,27.77,116858.45
Cotton,Gujarat,Rabi,1934,24.96,48263.55
Cotton,Punjab,Kharif,4884,21.64,105710.43
Cotton,Gujarat,Kharif,1244,17.83,22178.66
Soybean,Tamil Nadu,Kharif,4580,16.85,77183.72
Soybean,Karnataka,Rabi,4231,34.35,145352.41
Rice,Punjab,Kharif,3057,23.21,70952.75
Maize,Gujarat,Rabi,4274,34.55,147670.44
Soybean,Tamil Nadu,Rabi,3057,33.29,101761.42
Maize,Gujarat,Rabi,1046,17.27,18067.66
Soybean,Karnataka,Kharif,2921,20.28,59237.55
Maize,Tamil Nadu,Kharif,1854,28.42,52693.54
Wheat,Gujarat,Kharif,4050,33.36,135110.01
Maize,Karnataka,Kharif,3389,20.61,69855.05
Cotton,Karnataka,Kharif,1705,25.97,44282.57
Soybean,Maharashtra,Rabi,4732,24.41,115504.03
Soybean,Tamil Nadu,Rabi,4333,18.24,79038.36
Maize,Punjab,Rabi,1212,20.31,24616.63
Wheat,Karnataka,Kharif,2684,29.43,78980.17
Maize,Karnataka,Rabi,1825,33.8,61676.77
Soybean,Maharashtra,Kharif,1858,18.4,34185.9
Wheat,Maharashtra,Rabi,2778,21.75,60410.54
Wheat,Maharashtra,Rabi,4981,16.01,79721.13
Maize,Maharashtra,Rabi,1656,27.14,44940.87
Wheat,Karnataka,Rabi,689,25.64,17668.86
Soybean,Tamil Nadu,Kharif,3194,29.08,92883.39
Rice,Karnataka,Kharif,2517,31.66,79680.57
Wheat,Punjab,Rabi,1665,22.23,37017.3
Cotton,Punjab,Rabi,1109,34.3,38037.64
Cotton,Tamil Nadu,Rabi,530,29.15,15451.91
Wheat,Tamil Nadu,Kharif,1565,17.39,27212.71
Maize,Karnataka,Rabi,800,22.96,18369.91
Wheat,Maharashtra,Kharif,3698,29.61,109513.52
Maize,Maharashtra,Kharif,2160,34.45,74416.8
Maize,Gujarat,Rabi,2052,25.73,52807.59
Maize,Tamil Nadu,Rabi,2940,17.72,52103.92
Soybean,Punjab,Rabi,1489,16.58,24682.8
Rice,Punjab,Kharif,3986,16.56,65996.05
Wheat,Maharashtra,Kharif,1409,22.4,31560.89
Maize,Karnataka,Rabi,707,24.7,17460.41
Wheat,Maharashtra,Kharif,3704,30.97,114702.77
Maize,Karnataka,Kharif,3883,17.57,68208.94
Wheat,Maharashtra,Rabi,1037,32.9,34118.69
Soybean,Punjab,Rabi,2417,18.82,45477.99
Soybean,Tamil Nadu,Kharif,4172,29.67,123789.35
Wheat,Karnataka,Rabi,1253,22.69,28436.77
Soybean,Gujarat,Rabi,3104,20.67,64150.22
Cotton,Tamil Nadu,Rabi,3075,28.25,86871.22
Maize,Maharashtra,Kharif,4285,29.91,128170.68
Maize,Tamil Nadu,Rabi,2247,27.78,62431.35
Rice,Punjab,Rabi,1826,15.05,27479.77
Cotton,Maharashtra,Rabi,1299,31.82,41339.95
Wheat,Karnataka,Kharif,1402,29.25,41005.5
Soybean,Gujarat,Kharif,2073,33.27,68959.67
Maize,Gujarat,Kharif,2616,17.67,46225.34
Soybean,Punjab,Rabi,2875,27.91,80246.26
Soybean,Maharashtra,Rabi,1589,30.15,47906.35
Wheat,Punjab,Kharif,631,34.95,22054.38
Wheat,Tamil Nadu,Rabi,3482,30.63,106638.17
Soybean,Gujarat,Rabi,4544,27.64,125584.47
Wheat,Gujarat,Kharif,3385,21.47,72682.13
Wheat,Gujarat,Rabi,4908,32.94,161651.91
Rice,Maharashtra,Kharif,997,23.98,23906.66
Maize,Punjab,Rabi,1511,23.12,34935.47
Maize,Tamil Nadu,Kharif,1583,24.36,38564.22
Maize,Tamil Nadu,Rabi,826,26.6,21971.26
Soybean,Karnataka,Kharif,2823,30.12,85028.06
Wheat,Tamil Nadu,Kharif,2755,26.03,71715.45
Soybean,Punjab,Kharif,3791,27.31,103523.85
Rice,Punjab,Kharif,2673,30.39,81226.84
Rice,Karnataka,Kharif,1862,16.5,30727.21
Rice,Tamil Nadu,Rabi,3897,17.61,68636.12
Cotton,Tamil Nadu,Rabi,3847,16.9,64997.27
Wheat,Tamil Nadu,Rabi,1621,29.78,48277.12
Rice,Punjab,Rabi,4411,33.12,146087.1
Cotton,Karnataka,Rabi,3445,24.29,83682.58
Soybean,Gujarat,Rabi,2721,15.03,40892.58
Cotton,Karnataka,Rabi,2285,34.85,79620.94
Cotton,Tamil Nadu,Rabi,3649,18.02,65753.81
Rice,Gujarat,Rabi,3250,34.82,113174.3
Rice,Karnataka,Rabi,3771,29.8,112383.88
Cotton,Maharashtra,Rabi,3533,33.81,119455.82
Maize,Karnataka,Rabi,1849,29.76,55021.68
Cotton,Gujarat,Kharif,2551,26.76,68271.24
Cotton,Karnataka,Kharif,2093,26.3,55038.17
Maize,Maharashtra,Kharif,1627,25.06,40772.51
Rice,Punjab,Rabi,1649,32.46,53518.74
Soybean,Tamil Nadu,Kharif,2016,20.83,41987.66
Maize,Gujarat,Kharif,4633,17.88,82829.28
Maize,Maharashtra,Rabi,4326,34.37,148692.75
Wheat,Karnataka,Rabi,506,18.36,9288.12
Maize,Maharashtra,Kharif,4154,24.74,102785.29
Cotton,Gujarat,Kharif,1527,31.48,48068.59
Wheat,Karnataka,Kharif,2583,17.63,45549.69
Soybean,Gujarat,Rabi,937,33.96,31817.21
Wheat,Maharashtra,Rabi,3491,34.08,118958.31
Cotton,Punjab,Rabi,1603,32.53,52146.79
Rice,Punjab,Rabi,3742,23.5,87923.05
Soybean,Gujarat,Kharif,4824,29.59,142749.94
Cotton,Karnataka,Rabi,2924,31.98,93505.23
Rice,Gujarat,Kharif,3389,27.53,93303.58
Wheat,Gujarat,Kharif,3010,15.1,45451.5
Maize,Karnataka,Kharif,2281,20.57,46925.59
Soybean,Punjab,Kharif,2704,26.4,71385.07
Rice,Karnataka,Kharif,4128,18.52,76456.37
Wheat,Karnataka,Rabi,769,17.04,13100.12
Wheat,Tamil Nadu,Rabi,767,19.37,14859.32
Soybean,Gujarat,Kharif,2263,19.13,43290.89
Rice,Tamil Nadu,Kharif,4982,20.4,101637.54
Maize,Punjab,Rabi,4856,23.51,114144.82
Maize,Gujarat,Rabi,4818,15.79,76099.88
Rice,Punjab,Kharif,4849,21.47,104130.23
Maize,Karnataka,Kharif,3028,16.83,50959.4
Maize,Punjab,Kharif,733,32.58,23878.59
Maize,Karnataka,Kharif,3377,21.05,71082.74
Wheat,Maharashtra,Rabi,4312,21.69,93509.89
Maize,Gujarat,Kharif,599,33.38,19997.5
Maize,Tamil Nadu,Rabi,1295,33.77,43737.36
Wheat,Maharashtra,Rabi,796,28.0,22288.02
Wheat,Gujarat,Rabi,4150,23.11,95901.99
Cotton,Maharashtra,Rabi,1498,31.78,47605.99
Wheat,Punjab,Rabi,1884,20.6,38813.97
Wheat,Maharashtra,Kharif,4618,29.27,135169.4
Wheat,Karnataka,Kharif,1539,27.96,43025.6
Soybean,Maharashtra,Kharif,2886,18.77,54170.69
Cotton,Gujarat,Rabi,1022,31.6,32293.53
Rice,Tamil Nadu,Rabi,1901,16.62,31587.14
Maize,Karnataka,Rabi,4438,28.33,125706.52
Soybean,Karnataka,Kharif,3851,26.08,100453.25
Rice,Tamil Nadu,Rabi,4496,15.88,71391.69
Wheat,Karnataka,Kharif,4816,15.67,75452.77
Rice,Gujarat,Rabi,3673,21.53,79068.94
Wheat,Tamil Nadu,Rabi,2451,25.66,62887.37
Rice,Maharashtra,Rabi,2566,25.7,65948.69
Cotton,Punjab,Kharif,3765,29.62,111513.53
Soybean,Gujarat,Rabi,1503,16.34,24554.08
Wheat,Gujarat,Rabi,4833,22.02,106422.42
Cotton,Punjab,Rabi,4818,16.6,79986.49
Maize,Karnataka,Kharif,3181,23.43,74517.87
Rice,Maharashtra,Kharif,4010,21.69,86985.22
Soybean,Tamil Nadu,Kharif,3607,26.02,93866.33
Cotton,Tamil Nadu,Kharif,2001,18.74,37499.59
Soybean,Gujarat,Kharif,4707,31.18,146745.94
Wheat,Maharashtra,Kharif,1219,15.23,18564.73
Wheat,Punjab,Rabi,1824,18.04,32906.43
Maize,Gujarat,Kharif,1019,30.28,30853.51
Cotton,Maharashtra,Rabi,2429,25.65,62299.4
Wheat,Karnataka,Kharif,1591,21.11,33588.47
Rice,Punjab,Rabi,4887,23.7,115840.98
Cotton,Punjab,Rabi,1903,15.21,28946.3
Maize,Tamil Nadu,Rabi,1132,16.04,18155.56
Cotton,Tamil Nadu,Kharif,3891,17.09,66510.4
Soybean,Tamil Nadu,Kharif,4400,20.36,89565.43
Wheat,Punjab,Rabi,2458,27.72,68138.49
Cotton,Punjab,Kharif,1725,33.29,57421.94
Cotton,Karnataka,Rabi,1728,34.42,59484.55
Rice,Karnataka,Kharif,1780,25.76,45845.18
Soybean,Gujarat,Kharif,3653,21.62,78984.36
Cotton,Punjab,Kharif,2477,19.23,47625.3
Maize,Maharashtra,Kharif,4282,19.66,84199.48
Wheat,Gujarat,Rabi,2003,24.37,48819.42
Soybean,Tamil Nadu,Rabi,4195,28.09,117817.4
Cotton,Maharashtra,Rabi,2627,22.57,59283.5
Rice,Karnataka,Rabi,4837,17.81,86126.98
Cotton,Punjab,Kharif,3632,25.67,93238.59
Cotton,Gujarat,Kharif,776,22.85,17731.64
Maize,Gujarat,Rabi,3843,28.3,108758.54
Cotton,Punjab,Kharif,1111,17.48,19416.73
Soybean,Karnataka,Kharif,1336,19.36,25871.54
Soybean,Gujarat,Rabi,3457,15.71,54310.32
Rice,Maharashtra,Kharif,2526,28.33,71569.32
Rice,Karnataka,Rabi,561,15.95,8946.55
Soybean,Tamil Nadu,Kharif,3899,33.64,131153.76
Soybean,Punjab,Rabi,4849,17.11,82945.94
Wheat,Tamil Nadu,Kharif,3033,32.41,98294.32
Maize,Maharashtra,Rabi,2963,29.09,86179.62
Rice,Punjab,Kharif,809,26.1,21110.92
Wheat,Punjab,Kharif,3927,27.58,108316.62
Cotton,Gujarat,Rabi,2824,24.76,69928.16
Maize,Maharashtra,Kharif,3596,15.77,56708.72
Wheat,Tamil Nadu,Rabi,4722,24.87,117440.67
Rice,Maharashtra,Kharif,2550,21.05,53686.89
Rice,Gujarat,Rabi,4239,33.76,143116.5
Maize,Tamil Nadu,Rabi,2905,16.04,46592.97
Cotton,Karnataka,Rabi,2987,29.96,89495.74
Maize,Gujarat,Rabi,2008,21.29,42748.42
Soybean,Tamil Nadu,Kharif,2591,23.99,62163.62
Rice,Karnataka,Rabi,4673,22.12,103366.74
Rice,Tamil Nadu,Rabi,1227,24.04,29493.05
Maize,Punjab,Rabi,4419,20.19,89222.93
Maize,Gujarat,Rabi,4992,28.73,143408.89
Rice,Karnataka,Rabi,2724,16.33,44477.84
Maize,Maharashtra,Kharif,4718,25.83,121864.0
Rice,Tamil Nadu,Rabi,3513,18.68,65605.41
Cotton,Tamil Nadu,Kharif,1672,20.46,34208.62
Soybean,Punjab,Rabi,4492,17.26,77543.14
Maize,Karnataka,Rabi,3919,15.4,60363.99
Wheat,Tamil Nadu,Kharif,2667,32.13,85689.32
Wheat,Punjab,Rabi,516,31.91,16463.24
Cotton,Tamil Nadu,Rabi,1314,25.21,33122.87
Wheat,Tamil Nadu,Rabi,3942,31.75,125161.61
Wheat,Karnataka,Rabi,1000,29.39,29391.88
Cotton,Karnataka,Rabi,3396,20.07,68168.54
Maize,Maharashtra,Kharif,2976,30.14,89702.5
Cotton,Tamil Nadu,Kharif,655,28.98,18985.14
Wheat,Maharashtra,Rabi,796,28.76,22890.96
Rice,Tamil Nadu,Rabi,2863,34.0,97347.38
Soybean,Maharashtra,Rabi,2197,24.0,52728.55
Maize,Maharashtra,Rabi,3582,18.94,67858.63
Rice,Karnataka,Kharif,2562,20.79,53267.26
Wheat,Maharashtra,Rabi,3544,25.74,91227.61
Rice,Karnataka,Rabi,4802,19.95,95777.93
Soybean,Gujarat,Rabi,2535,31.05,78716.83
Wheat,Gujarat,Kharif,1799,22.7,40830.44
Rice,Karnataka,Kharif,806,24.64,19858.44
Wheat,Punjab,Rabi,4375,24.47,107053.18
Cotton,Tamil Nadu,Kharif,2655,29.38,78013.73
Wheat,Tamil Nadu,Rabi,1562,33.64,52544.93
Wheat,Karnataka,Kharif,3847,25.47,97998.56
Wheat,Maharashtra,Kharif,3371,32.7,110247.74
Soybean,Punjab,Kharif,916,18.79,17211.69
Cotton,Gujarat,Kharif,935,18.79,17568.6
Soybean,Karnataka,Rabi,1051,32.27,33910.56
Wheat,Maharashtra,Rabi,1235,25.06,30948.14
Maize,Karnataka,Rabi,1524,27.39,41741.37
Cotton,Gujarat,Rabi,2099,20.21,42410.48
Cotton,Punjab,Kharif,2549,31.18,79477.81
Maize,Gujarat,Rabi,3934,24.73,97277.04
Cotton,Maharashtra,Kharif,4619,32.73,151186.34
Rice,Punjab,Kharif,1568,26.71,41887.82
Cotton,Punjab,Kharif,2125,29.19,62020.94
Cotton,Punjab,Rabi,784,25.19,19745.04
Maize,Tamil Nadu,Kharif,3572,28.07,100264.12
Wheat,Punjab,Kharif,2555,24.24,61925.02
Rice,Punjab,Kharif,3254,18.21,59263.5
Cotton,Maharashtra,Kharif,1044,25.57,26692.02
Wheat,Tamil Nadu,Kharif,3952,17.72,70049.13
Wheat,Karnataka,Rabi,3571,24.22,86499.04
Maize,Tamil Nadu,Rabi,2523,20.42,51510.73
Soybean,Karnataka,Kharif,1712,22.01,37681.4
Maize,Gujarat,Rabi,4257,28.33,120609.73
Rice,Maharashtra,Kharif,4180,21.0,87800.23
Maize,Maharashtra,Kharif,2257,34.54,77960.09
Soybean,Punjab,Rabi,4191,20.3,85089.38
Maize,Maharashtra,Rabi,1446,33.84,48932.97
Maize,Maharashtra,Rabi,2075,25.97,53893.03
Soybean,Gujarat,Rabi,2926,22.22,65013.9
Cotton,Tamil Nadu,Kharif,2204,27.31,60184.56
Wheat,Tamil Nadu,Rabi,4608,22.52,103783.89
Maize,Tamil Nadu,Kharif,1263,27.69,34976.01
Wheat,Tamil Nadu,Rabi,4355,22.22,96762.14
Maize,Punjab,Rabi,1486,23.07,34275.32
Soybean,Punjab,Kharif,2395,17.95,42989.73
Wheat,Karnataka,Kharif,4655,32.2,149879.84
Cotton,Gujarat,Rabi,2828,31.71,89689.59
Maize,Karnataka,Rabi,3422,18.79,64310.58
Soybean,Tamil Nadu,Rabi,3141,19.97,62726.07
Rice,Maharashtra,Rabi,1191,22.33,26591.53
Soybean,Gujarat,Rabi,1242,26.85,33353.42
Rice,Maharashtra,Kharif,1743,18.8,32765.94
Maize,Karnataka,Kharif,4955,23.22,115047.21
Maize,Maharashtra,Kharif,1521,32.8,49889.54
Wheat,Tamil Nadu,Rabi,3994,16.47,65767.51
Wheat,Tamil Nadu,Rabi,3647,27.45,100109.2
Wheat,Maharashtra,Rabi,4695,22.09,103729.02
Soybean,Punjab,Kharif,4108,21.64,88911.96
Soybean,Gujarat,Kharif,2548,20.4,51979.59
Soybean,Karnataka,Kharif,607,21.65,13141.02
Rice,Maharashtra,Rabi,4270,15.18,64801.06
Wheat,Punjab,Kharif,2236,28.27,63219.46
Soybean,Gujarat,Kharif,2094,33.64,70434.62
Wheat,Karnataka,Kharif,2107,29.08,61267.81
Rice,Tamil Nadu,Rabi,3938,19.96,78610.42
Soybean,Punjab,Kharif,2146,18.48,39663.35
Soybean,Maharashtra,Rabi,919,31.58,29019.41
Wheat,Karnataka,Kharif,1837,27.33,50211.67
Rice,Gujarat,Kharif,2893,19.65,56850.09
Cotton,Punjab,Rabi,1946,30.86,60053.96
Wheat,Gujarat,Kharif,3762,24.31,91461.56
Maize,Punjab,Kharif,1953,25.88,50553.07
Cotton,Karnataka,Kharif,4511,20.93,94433.51
Soybean,Tamil Nadu,Kharif,3169,15.87,50290.38
Cotton,Tamil Nadu,Kharif,2819,28.16,79387.21
Wheat,Maharashtra,Kharif,3988,33.54,133740.72
Maize,Tamil Nadu,Rabi,1005,17.81,17903.75
Rice,Tamil Nadu,Rabi,1146,22.49,25777.39
Maize,Gujarat,Rabi,2392,32.72,78258.19
Rice,Maharashtra,Kharif,3008,31.27,94063.24
Cotton,Tamil Nadu,Rabi,4000,29.07,116287.28
Soybean,Punjab,Kharif,3618,15.75,56977.71
Rice,Tamil Nadu,Rabi,3076,23.88,73456.11
Soybean,Gujarat,Rabi,4363,15.92,69461.93
Cotton,Punjab,Rabi,4850,29.02,140744.51
Wheat,Punjab,Kharif,4377,23.48,102788.6
Wheat,Tamil Nadu,Kharif,3397,28.97,98422.59
Wheat,Tamil Nadu,Rabi,4352,23.27,101274.79
Rice,Punjab,Rabi,3376,19.66,66368.94
Wheat,Punjab,Rabi,3278,19.38,63522.56
Maize,Karnataka,Rabi,1682,24.96,41974.61
Wheat,Karnataka,Rabi,2284,27.84,63582.33
Rice,Gujarat,Kharif,3971,21.25,84385.09
Wheat,Karnataka,Kharif,1570,31.46,49393.86
Rice,Karnataka,Rabi,4471,15.01,67124.41
Soybean,Gujarat,Rabi,1722,24.1,41508.21
Cotton,Gujarat,Kharif,3975,29.13,115793.85
Rice,Punjab,Rabi,3624,33.62,121824.29
Soybean,Gujarat,Kharif,4119,28.93,119162.76
Maize,Gujarat,Rabi,2901,15.52,45028.29
Rice,Punjab,Kharif,2068,17.2,35576.84
Maize,Tamil Nadu,Rabi,2557,34.54,88308.17
Wheat,Maharashtra,Rabi,3230,24.34,78612.09
Soybean,Tamil Nadu,Rabi,4796,22.63,108515.96
Maize,Gujarat,Rabi,2406,17.59,42311.8
Wheat,Maharashtra,Kharif,1917,31.96,61268.83
Cotton,Punjab,Kharif,744,28.31,21064.99
Soybean,Maharashtra,Kharif,2780,23.2,64492.23
Cotton,Gujarat,Rabi,1628,21.15,34432.55
Cotton,Tamil Nadu,Rabi,4417,19.67,86869.26
Rice,Punjab,Kharif,3429,22.58,77413.18
Soybean,Maharashtra,Rabi,2284,19.97,45606.01
Cotton,Maharashtra,Rabi,2474,29.99,74184.9
Wheat,Gujarat,Rabi,4457,31.01,138228.01
Cotton,Karnataka,Rabi,1696,19.23,32622.4
Soybean,Karnataka,Rabi,1531,23.37,35776.91
Wheat,Maharashtra,Rabi,1374,17.12,23516.5
Wheat,Gujarat,Kharif,4960,30.42,150877.81
Soybean,Gujarat,Kharif,4631,28.16,130393.54
Rice,Karnataka,Kharif,2564,33.16,85011.29
Cotton,Punjab,Rabi,773,27.79,21483.77
Soybean,Tamil Nadu,Rabi,3941,27.21,107234.23
Rice,Tamil Nadu,Rabi,986,32.53,32072.89
Maize,Karnataka,Rabi,3627,15.61,56607.44
Wheat,Maharashtra,Kharif,4891,17.52,85673.74
Maize,Karnataka,Rabi,3691,16.83,62107.54
Soybean,Karnataka,Rabi,1214,32.22,39109.07
Rice,Maharashtra,Kharif,4400,15.48,68117.76
Wheat,Gujarat,Rabi,3252,31.0,100814.56
Rice,Maharashtra,Kharif,2278,28.47,64853.86
Wheat,Maharashtra,Rabi,725,24.69,17898.95
Cotton,Punjab,Rabi,3246,29.28,95036.58
Maize,Maharashtra,Kharif,3857,28.97,111726.96
Soybean,Punjab,Kharif,2726,24.49,66767.33
Rice,Punjab,Rabi,4367,25.23,110183.06
Rice,Tamil Nadu,Kharif,3329,16.91,56279.54
Cotton,Gujarat,Rabi,3449,21.88,75480.65
Wheat,Gujarat,Kharif,1849,17.48,32325.4
Rice,Tamil Nadu,Rabi,3103,17.59,54570.52
Soybean,Maharashtra,Rabi,3862,33.19,128189.8
Wheat,Punjab,Rabi,4385,26.29,115301.02
Wheat,Punjab,Kharif,4257,30.97,131832.49
Soybean,Gujarat,Kharif,3926,24.79,97322.06
Cotton,Gujarat,Kharif,3663,21.42,78445.52
Wheat,Maharashtra,Kharif,3598,26.25,94449.56
Wheat,Karnataka,Rabi,4378,30.76,134679.92
Rice,Tamil Nadu,Rabi,4689,16.06,75316.52
Cotton,Maharashtra,Kharif,3378,26.15,88324.76
Cotton,Punjab,Rabi,2660,16.34,43471.31
Cotton,Gujarat,Rabi,2584,30.89,79824.47
Wheat,Karnataka,Rabi,506,28.79,14568.62
Maize,Maharashtra,Rabi,3886,32.01,124391.96
Maize,Punjab,Rabi,1970,16.62,32749.71
Wheat,Maharashtra,Kharif,4462,34.66,154667.33
Rice,Maharashtra,Rabi,1713,16.19,27727.56
Maize,Punjab,Kharif,4736,15.42,73035.22
Cotton,Punjab,Rabi,3051,26.21,79966.45
Rice,Punjab,Rabi,579,23.75,13750.26
Cotton,Punjab,Rabi,4155,33.12,137601.17
Rice,Punjab,Kharif,2533,21.78,55167.96
Soybean,Maharashtra,Kharif,4301,31.72,136426.4
Maize,Maharashtra,Kharif,3666,17.23,63176.68
Soybean,Karnataka,Rabi,2080,23.63,49151.76
Rice,Gujarat,Kharif,3851,19.94,76784.23
Maize,Karnataka,Rabi,3217,15.33,49313.35
Cotton,Tamil Nadu,Kharif,4877,20.18,98404.52
Rice,Punjab,Kharif,4579,23.8,108973.54
Maize,Tamil Nadu,Kharif,3326,27.84,92594.93
Wheat,Gujarat,Rabi,1725,17.7,30526.47
Wheat,Gujarat,Rabi,3018,34.01,102638.02
Soybean,Tamil Nadu,Kharif,4489,18.2,81719.16
Wheat,Gujarat,Kharif,2536,27.67,70167.56
Rice,Punjab,Kharif,1284,22.73,29180.32
Maize,Maharashtra,Kharif,4444,21.35,94875.89
Rice,Karnataka,Rabi,3547,27.7,98244.82
Soybean,Gujarat,Rabi,1821,17.64,32117.89
Cotton,Karnataka,Rabi,4216,17.14,72249.48
Soybean,Karnataka,Kharif,4323,34.23,147972.03
Cotton,Gujarat,Rabi,4207,20.24,85141.14
Wheat,Karnataka,Rabi,2334,32.05,74809.67
Rice,Punjab,Kharif,2505,28.78,72095.88
Wheat,Punjab,Kharif,3844,34.18,131377.07
Cotton,Tamil Nadu,Rabi,685,17.26,11822.78
Soybean,Tamil Nadu,Rabi,3951,19.55,77259.89
Wheat,Karnataka,Kharif,4608,31.5,145149.29
Cotton,Tamil Nadu,Kharif,2813,30.2,84950.49
Soybean,Gujarat,Kharif,3331,21.06,70139.68
Wheat,Punjab,Rabi,2649,31.44,83279.59
Rice,Karnataka,Kharif,2248,18.38,41328.11
Rice,Gujarat,Kharif,3118,32.26,100584.48
Maize,Gujarat,Rabi,4341,25.5,110711.06
Rice,Punjab,Kharif,3516,22.72,79880.28
Soybean,Tamil Nadu,Kharif,1633,20.42,33341.07
Rice,Gujarat,Kharif,4686,20.84,97663.49
Rice,Maharashtra,Kharif,2945,31.2,91891.54
Soybean,Karnataka,Kharif,594,21.63,12849.23
Cotton,Punjab,Kharif,1882,24.24,45617.35
Rice,Punjab,Kharif,1444,26.48,38233.5
Rice,Tamil Nadu,Kharif,3150,23.2,73082.66
Maize,Tamil Nadu,Rabi,3865,24.55,94884.33
Maize,Karnataka,Kharif,4085,32.82,134085.75
Rice,Punjab,Kharif,3596,15.09,54259.42
Maize,Punjab,Rabi,4126,22.64,93393.1
Soybean,Gujarat,Kharif,3755,15.57,58483.52
Soybean,Gujarat,Rabi,1342,33.12,44448.76
Rice,Punjab,Rabi,1870,17.96,33590.55
Maize,Tamil Nadu,Rabi,4084,19.67,80332.13
Soybean,Tamil Nadu,Rabi,3647,24.48,89266.51
Cotton,Gujarat,Rabi,2410,19.76,47614.61
Wheat,Punjab,Rabi,3657,31.14,113887.0
Rice,Maharashtra,Kharif,1694,17.37,29429.31
Maize,Punjab,Rabi,4674,30.96,144723.34
Soybean,Punjab,Rabi,563,29.51,16614.17
Soybean,Maharashtra,Rabi,4947,28.55,141257.78
Soybean,Tamil Nadu,Rabi,2023,32.32,65391.74
Cotton,Tamil Nadu,Kharif,3515,21.1,74175.61
Maize,Gujarat,Rabi,4316,31.4,135522.9
Rice,Tamil Nadu,Rabi,1330,32.44,43143.49
Maize,Punjab,Rabi,1303,19.4,25280.41
Wheat,Tamil Nadu,Kharif,3793,20.59,78092.88
Cotton,Gujarat,Rabi,2278,31.33,71380.68
Maize,Maharashtra,Kharif,4845,16.52,80061.73
Rice,Punjab,Kharif,1763,32.08,56551.89
Cotton,Maharashtra,Kharif,1810,15.94,28853.62
Rice,Karnataka,Kharif,1223,28.51,34873.45
Soybean,Gujarat,Kharif,4824,30.3,146156.75
Wheat,Tamil Nadu,Rabi,1558,27.78,43286.95
Rice,Maharashtra,Kharif,2817,34.37,96809.21
Cotton,Tamil Nadu,Rabi,783,17.6,13778.47
Soybean,Tamil Nadu,Kharif,1311,34.67,45458.49
Soybean,Karnataka,Rabi,2690,30.1,80967.94
Wheat,Karnataka,Rabi,1477,25.73,38006.86
Rice,Gujarat,Rabi,1428,17.92,25589.11
Rice,Punjab,Rabi,1627,15.47,25165.89
Rice,Tamil Nadu,Kharif,570,28.01,15963.82
Soybean,Punjab,Rabi,657,20.9,13729.4
Rice,Gujarat,Rabi,1666,20.04,33382.77
Maize,Gujarat,Kharif,551,24.46,13479.76
Soybean,Karnataka,Kharif,2886,28.68,82774.55
Maize,Tamil Nadu,Rabi,2767,19.99,55311.8
Rice,Gujarat,Kharif,2579,34.66,89381.89
Maize,Tamil Nadu,Kharif,2043,21.86,44651.85
Cotton,Karnataka,Kharif,3799,21.43,81425.59
Rice,Punjab,Rabi,3180,33.35,106060.13
Rice,Tamil Nadu,Kharif,4380,26.92,117892.34
Rice,Maharashtra,Kharif,1414,28.26,39964.97
Rice,Karnataka,Rabi,3909,20.28,79270.01
Wheat,Tamil Nadu,Rabi,639,32.58,20819.22
Wheat,Gujarat,Kharif,3999,25.61,102398.84
Wheat,Karnataka,Kharif,1860,23.93,44518.36
Maize,Punjab,Kharif,4770,20.03,95537.23
Rice,Punjab,Rabi,2291,29.45,67465.8
Maize,Maharashtra,Rabi,2012,34.59,69590.5
Maize,Karnataka,Rabi,623,26.23,16341.3
Cotton,Gujarat,Rabi,2001,25.6,51228.58
Maize,Karnataka,Rabi,3776,33.24,125511.56
Wheat,Gujarat,Kharif,2858,33.41,95492.93
Cotton,Gujarat,Rabi,1072,15.43,16539.85
Rice,Punjab,Rabi,554,29.57,16381.51
Rice,Maharashtra,Rabi,1569,24.82,38947.04
Rice,Gujarat,Kharif,2861,15.13,43275.4
Maize,Maharashtra,Rabi,2284,31.69,72388.21
Cotton,Maharashtra,Kharif,707,29.39,20775.58
Soybean,Maharashtra,Rabi,658,25.69,16906.15
Cotton,Gujarat,Rabi,4809,16.51,79420.58
Soybean,Gujarat,Rabi,4217,22.21,93662.31
Maize,Gujarat,Kharif,4452,22.22,98903.92
Cotton,Maharashtra,Rabi,4244,28.64,121539.05
Wheat,Tamil Nadu,Kharif,2630,28.44,74806.4
Maize,Gujarat,Kharif,3289,17.6,57886.58
Rice,Maharashtra,Rabi,2520,24.6,61985.41
Rice,Maharashtra,Kharif,4213,33.14,139598.12
Soybean,Tamil Nadu,Kharif,4473,21.34,95457.37
Rice,Gujarat,Rabi,4474,27.58,123376.95
Rice,Punjab,Kharif,1762,31.8,56024.39
Soybean,Maharashtra,Rabi,835,25.17,21015.01
Cotton,Tamil Nadu,Kharif,2250,20.59,46317.44
Wheat,Gujarat,Kharif,4645,22.0,102206.6
Rice,Tamil Nadu,Rabi,1368,15.66,21422.52
Soybean,Gujarat,Rabi,960,26.4,25346.45
Cotton,Maharashtra,Rabi,719,16.13,11594.09
Soybean,Karnataka,Rabi,1250,22.07,27588.36
Cotton,Maharashtra,Rabi,1131,32.36,36593.56
Cotton,Tamil Nadu,Kharif,4938,16.18,79910.18
Soybean,Gujarat,Rabi,3733,30.66,114445.37
Soybean,Tamil Nadu,Kharif,3520,32.0,112642.98
Cotton,Maharashtra,Rabi,3781,31.46,118953.59
Cotton,Maharashtra,Kharif,2646,28.43,75215.89
Soybean,Tamil Nadu,Rabi,3219,28.16,90643.08
Soybean,Punjab,Rabi,3995,27.27,108951.12
Wheat,Gujarat,Kharif,1672,17.08,28552.8
Cotton,Maharashtra,Rabi,4637,32.78,151987.94
Cotton,Gujarat,Kharif,3296,20.13,66349.43
Soybean,Tamil Nadu,Kharif,1556,31.87,49593.21
Wheat,Punjab,Kharif,2654,17.34,46020.02
Maize,Punjab,Kharif,2398,20.49,49137.61
Maize,Karnataka,Rabi,4756,33.84,160931.95
Soybean,Gujarat,Kharif,4882,16.96,82779.82
Soybean,Gujarat,Kharif,1037,23.24,24095.13
Maize,Gujarat,Kharif,4225,15.27,64531.85
Rice,Maharashtra,Rabi,931,33.5,31190.79
Soybean,Punjab,Rabi,2694,19.5,52524.1
Soybean,Maharashtra,Kharif,4179,16.82,70299.39
Wheat,Gujarat,Kharif,4212,18.48,77823.76
Wheat,Tamil Nadu,Kharif,2140,24.78,53032.38
Rice,Maharashtra,Rabi,4599,34.19,157220.11
Soybean,Gujarat,Rabi,3375,29.75,100404.13
Soybean,Punjab,Kharif,4311,30.08,129686.2
Wheat,Punjab,Rabi,3836,22.87,87716.65
Maize,Punjab,Kharif,500,22.36,11181.75
Rice,Tamil Nadu,Kharif,1753,20.87,36593.69
Maize,Gujarat,Kharif,4688,26.94,126279.76
Maize,Maharashtra,Kharif,4177,17.11,71470.52
Rice,Maharashtra,Rabi,4192,32.82,137597.91
Rice,Karnataka,Rabi,2730,26.03,71050.02
Soybean,Karnataka,Kharif,2710,18.66,50568.33
Cotton,Tamil Nadu,Rabi,2906,27.48,79848.72
Cotton,Tamil Nadu,Kharif,1801,24.47,44065.3
Wheat,Gujarat,Rabi,2377,20.92,49715.4
Wheat,Gujarat,Rabi,4816,34.23,164860.69
Wheat,Gujarat,Rabi,1595,20.37,32485.93
Maize,Karnataka,Kharif,1083,30.98,33552.6
Soybean,Maharashtra,Kharif,4123,20.51,84563.21
Maize,Maharashtra,Kharif,3778,15.09,56993.58
Rice,Punjab,Rabi,4263,27.84,118672.57
Wheat,Maharashtra,Rabi,1850,30.78,56939.64
Wheat,Maharashtra,Kharif,1581,31.78,50238.33
Maize,Punjab,Rabi,3921,26.09,102285.57
Wheat,Tamil Nadu,Rabi,3283,31.86,104602.89
Rice,Gujarat,Rabi,4406,21.26,93672.89
Rice,Tamil Nadu,Kharif,4229,33.47,141541.3
Soybean,Gujarat,Kharif,1896,22.0,41713.21
Maize,Tamil Nadu,Kharif,2574,29.75,76585.64
Rice,Tamil Nadu,Kharif,954,23.99,22887.63
Rice,Punjab,Kharif,4379,24.15,105767.11
Maize,Karnataka,Rabi,775,28.33,21956.97
Soybean,Punjab,Kharif,2611,31.54,82358.72
Maize,Maharashtra,Kharif,2930,30.73,90043.92
Soybean,Maharashtra,Kharif,4647,15.89,73847.06
Wheat,Gujarat,Kharif,906,33.73,30557.98
Rice,Maharashtra,Kharif,915,18.97,17356.18
Maize,Maharashtra,Rabi,940,28.23,26536.05
Rice,Karnataka,Kharif,4589,32.1,147287.6
Maize,Tamil Nadu,Kharif,2920,16.78,48986.91
Maize,Punjab,Kharif,525,29.35,15406.67
Rice,Gujarat,Rabi,4498,16.31,73370.35
Maize,Maharashtra,Kharif,3791,23.25,88123.83
Cotton,Maharashtra,Rabi,4852,31.93,154901.41
Maize,Punjab,Rabi,4591,21.09,96823.19
Rice,Karnataka,Kharif,1987,27.86,55365.48
Soybean,Tamil Nadu,Rabi,4433,24.38,108068.44
Wheat,Tamil Nadu,Rabi,537,32.94,17690.22
Cotton,Tamil Nadu,Rabi,2089,26.29,54912.81
Maize,Karnataka,Kharif,2711,28.44,77098.74
Wheat,Maharashtra,Rabi,3460,34.62,119788.26
Rice,Punjab,Rabi,3534,21.38,75557.55
Soybean,Karnataka,Kharif,868,32.34,28070.98
Wheat,Karnataka,Rabi,1726,32.78,56572.56
Cotton,Maharashtra,Kharif,882,16.7,14732.69
Cotton,Gujarat,Kharif,3913,20.05,78462.1
Rice,Gujarat,Kharif,1116,20.7,23102.23
Maize,Gujarat,Kharif,4386,31.51,138201.87
Maize,Punjab,Kharif,2864,28.31,81075.49
Rice,Punjab,Kharif,1732,25.57,44280.48
Cotton,Punjab,Rabi,3329,27.36,91085.48
Soybean,Maharashtra,Rabi,973,32.09,31224.57
Cotton,Maharashtra,Rabi,3631,21.64,78568.18
Cotton,Gujarat,Kharif,3769,17.71,66747.64
Maize,Punjab,Kharif,4007,25.79,103359.62
Wheat,Tamil Nadu,Kharif,1470,31.72,46633.4
Wheat,Maharashtra,Kharif,4856,34.94,169668.71
Maize,Maharashtra,Kharif,2250,29.78,66995.56
Soybean,Karnataka,Kharif,3302,16.87,55697.04
Wheat,Maharashtra,Kharif,4279,27.78,118885.05
Maize,Gujarat,Kharif,4408,16.78,73964.66
Rice,Maharashtra,Rabi,773,23.56,18212.67
Maize,Tamil Nadu,Kharif,1007,20.03,20168.72
Maize,Tamil Nadu,Kharif,4772,24.95,119056.95
Cotton,Karnataka,Rabi,704,24.3,17109.43
Rice,Tamil Nadu,Kharif,3838,16.04,61578.28
Wheat,Maharashtra,Kharif,4874,19.03,92759.01
Wheat,Maharashtra,Kharif,830,19.64,16300.88
Wheat,Maharashtra,Rabi,4441,30.24,134274.27
Soybean,Punjab,Kharif,4234,34.8,147347.27
Wheat,Karnataka,Rabi,1841,33.44,61564.98
Maize,Maharashtra,Kharif,3735,32.91,122921.15
Wheat,Karnataka,Rabi,4552,31.91,145243.1
Rice,Karnataka,Rabi,1097,34.38,37713.48
Maize,Gujarat,Rabi,1337,26.48,35402.82
Wheat,Tamil Nadu,Kharif,3708,19.66,72892.78
Cotton,Punjab,Rabi,1587,29.01,46038.33
Cotton,Punjab,Rabi,1481,34.52,51125.94
Wheat,Gujarat,Rabi,3782,15.99,60479.71
Wheat,Tamil Nadu,Kharif,3635,27.54,100105.83
Rice,Punjab,Rabi,906,18.65,16892.61
Rice,Gujarat,Kharif,1299,22.95,29815.75
Soybean,Maharashtra,Kharif,2526,32.6,82358.16
Wheat,Tamil Nadu,Kharif,4129,20.47,84517.82
Wheat,Gujarat,Rabi,1480,29.03,42958.56
Cotton,Gujarat,Rabi,819,28.94,23699.91
Rice,Karnataka,Kharif,617,27.61,17036.77
Wheat,Punjab,Kharif,3067,28.89,88605.75
Rice,Tamil Nadu,Rabi,2752,27.44,75516.41
Soybean,Gujarat,Rabi,2311,16.69,38571.58
Soybean,Karnataka,Kharif,1781,17.68,31487.52
Rice,Punjab,Rabi,4197,29.91,125515.8
Rice,Maharashtra,Rabi,2686,21.14,56776.45
Wheat,Gujarat,Rabi,1253,19.65,24623.55
Soybean,Karnataka,Kharif,2456,16.9,41515.5
Cotton,Maharashtra,Kharif,1772,21.8,38625.53
Soybean,Punjab,Kharif,1498,34.99,52412.11
Maize,Maharashtra,Kharif,2050,24.44,50102.47
Cotton,Gujarat,Kharif,1684,33.02,55598.88
Maize,Karnataka,Kharif,2946,29.5,86917.52
Soybean,Maharashtra,Rabi,4979,32.93,163957.81
Rice,Gujarat,Kharif,4856,31.63,153610.36
Soybean,Punjab,Kharif,4913,18.34,90102.77
Soybean,Maharashtra,Rabi,1005,21.01,21111.0
Soybean,Maharashtra,Kharif,504,32.43,16345.5
Maize,Gujarat,Kharif,3300,15.81,52173.28
Maize,Punjab,Rabi,1532,30.33,46467.63
Cotton,Tamil Nadu,Kharif,4685,31.67,148393.16
Soybean,Maharashtra,Kharif,1576,24.95,39324.4
Wheat,Punjab,Rabi,2870,32.27,92619.01
Soybean,Maharashtra,Rabi,1847,34.11,62999.54
Soybean,Karnataka,Rabi,921,28.6,26343.4
Soybean,Punjab,Kharif,4413,15.26,67354.03
Rice,Punjab,Rabi,1900,23.05,43792.97
Soybean,Maharashtra,Kharif,4563,16.04,73198.38
Soybean,Karnataka,Rabi,4350,23.97,104272.93
Wheat,Gujarat,Kharif,3709,19.65,72868.54
Maize,Gujarat,Kharif,1244,16.5,20524.12
Rice,Punjab,Kharif,1001,29.07,29097.03
Soybean,Maharashtra,Kharif,4254,34.81,148101.73
Rice,Tamil Nadu,Rabi,4058,34.99,142008.34
Soybean,Karnataka,Kharif,1334,32.65,43558.02
Rice,Punjab,Kharif,563,15.1,8499.1
Maize,Gujarat,Kharif,1419,22.91,32510.49
Maize,Maharashtra,Rabi,2017,15.6,31460.99
Wheat,Tamil Nadu,Kharif,4508,29.21,131697.46
Maize,Karnataka,Rabi,1345,33.88,45574.62
Wheat,Gujarat,Rabi,2435,31.99,77887.0
Rice,Karnataka,Kharif,2765,18.05,49904.68
Cotton,Punjab,Kharif,3382,29.89,101095.4
Soybean,Maharashtra,Rabi,2258,18.21,41127.03
Cotton,Gujarat,Kharif,3517,15.75,55408.97
Wheat,Punjab,Rabi,2413,20.88,50385.42
Rice,Tamil Nadu,Rabi,1513,20.35,30792.99
Soybean,Karnataka,Kharif,1074,17.78,19095.06
Rice,Maharashtra,Rabi,2083,30.23,62976.5
Wheat,Punjab,Rabi,1318,18.35,24187.04
Maize,Gujarat,Rabi,1502,27.8,41759.66
Rice,Karnataka,Rabi,3368,16.58,55835.57
Soybean,Gujarat,Rabi,4558,29.39,133957.54
Maize,Karnataka,Kharif,3140,24.83,77968.19
Wheat,Gujarat,Rabi,4877,22.4,109252.21
Rice,Maharashtra,Rabi,4564,32.85,149911.33
Soybean,Karnataka,Kharif,3198,24.35,77884.36
Wheat,Tamil Nadu,Rabi,4392,25.83,113437.95
Wheat,Tamil Nadu,Kharif,3699,23.5,86932.69
Maize,Karnataka,Rabi,4538,28.21,128025.02
Cotton,Maharashtra,Rabi,4559,22.26,101482.01
Cotton,Gujarat,Kharif,1291,23.05,29760.7
Rice,Tamil Nadu,Rabi,4493,34.38,154469.49
Soybean,Karnataka,Rabi,3737,21.51,80388.24
Rice,Gujarat,Rabi,924,20.88,19292.65
Rice,Gujarat,Rabi,627,24.62,15439.34
Wheat,Gujarat,Rabi,4971,15.72,78142.16
Cotton,Punjab,Rabi,1237,28.84,35673.42
Rice,Tamil Nadu,Kharif,4176,20.73,86556.31
Soybean,Maharashtra,Rabi,3694,16.45,60777.71
Rice,Karnataka,Rabi,3698,19.67,72722.15
Rice,Maharashtra,Kharif,610,32.52,19834.35
Maize,Karnataka,Rabi,1520,16.35,24846.48
Soybean,Maharashtra,Kharif,945,34.2,32319.45
Soybean,Punjab,Kharif,3784,33.34,126142.99
Maize,Tamil Nadu,Kharif,3362,20.75,69759.02
Soybean,Karnataka,Kharif,3227,28.3,91309.32
Cotton,Maharashtra,Rabi,2030,17.92,36373.14
Maize,Gujarat,Rabi,3617,27.53,99571.43
Soybean,Tamil Nadu,Rabi,1051,19.89,20905.51
Soybean,Karnataka,Rabi,1974,17.5,34547.42
Wheat,Gujarat,Rabi,3948,23.39,92348.32
Soybean,Tamil Nadu,Kharif,1019,17.17,17497.07
Wheat,Maharashtra,Rabi,3205,18.13,58117.28
Maize,Maharashtra,Kharif,3021,31.68,95708.36
Maize,Karnataka,Kharif,3741,31.16,116566.88
Cotton,Karnataka,Kharif,2247,20.28,45567.78
Wheat,Maharashtra,Kharif,3816,34.74,132553.81
Cotton,Punjab,Rabi,3588,30.03,107760.88
Wheat,Maharashtra,Kharif,1074,19.7,21158.4
Maize,Maharashtra,Rabi,3383,27.51,93074.34
Rice,Karnataka,Kharif,1037,16.38,16983.69
Rice,Punjab,Rabi,1820,34.77,63282.98
Wheat,Karnataka,Kharif,4532,31.05,140740.52
Maize,Tamil Nadu,Rabi,2877,17.24,49598.67
Rice,Maharashtra,Rabi,4705,29.75,139990.93
Soybean,Karnataka,Kharif,3011,15.58,46901.56
Rice,Karnataka,Kharif,4196,18.97,79615.95
Cotton,Maharashtra,Kharif,4244,27.86,118243.04
Wheat,Punjab,Rabi,2538,16.89,42878.31
Wheat,Punjab,Kharif,1493,31.46,46973.57
Maize,Punjab,Kharif,3796,25.91,98358.8
Rice,Tamil Nadu,Kharif,2571,30.51,78444.67
Soybean,Tamil Nadu,Kharif,2890,21.26,61433.59
Wheat,Gujarat,Rabi,4227,30.56,129181.83
Wheat,Maharashtra,Rabi,3000,23.64,70915.12
Cotton,Karnataka,Kharif,1761,18.93,33337.9
Maize,Gujarat,Kharif,4732,23.61,111710.1
Maize,Tamil Nadu,Rabi,4512,26.46,119402.19
Cotton,Gujarat,Rabi,2916,27.43,79996.86
Maize,Maharashtra,Kharif,3306,32.42,107179.67
Rice,Gujarat,Kharif,1255,26.73,33543.95
Soybean,Gujarat,Kharif,3801,30.11,114466.59
Rice,Gujarat,Kharif,809,34.28,27728.55
Cotton,Tamil Nadu,Kharif,2277,28.47,64816.27
Maize,Maharashtra,Rabi,3124,24.43,76312.46
Rice,Gujarat,Kharif,3172,26.08,82736.07
Maize,Tamil Nadu,Kharif,3996,25.74,102844.43
Rice,Tamil Nadu,Kharif,4559,24.07,109736.61
Cotton,Tamil Nadu,Kharif,624,27.03,16868.91
Cotton,Karnataka,Kharif,751,15.81,11876.24
Soybean,Punjab,Rabi,4492,20.18,90654.11
Rice,Maharashtra,Rabi,600,31.54,18922.12
Cotton,Punjab,Rabi,1978,34.47,68190.89
Maize,Karnataka,Kharif,2906,29.25,85013.96
Maize,Punjab,Rabi,1388,15.15,21028.62
Soybean,Maharashtra,Kharif,4206,32.39,136212.13
Rice,Gujarat,Rabi,3131,21.83,68353.41
Soybean,Tamil Nadu,Rabi,673,28.91,19455.1
Wheat,Karnataka,Rabi,1025,27.94,28643.14
Rice,Maharashtra,Rabi,2203,19.86,43746.16
Wheat,Maharashtra,Rabi,4835,22.45,108540.55
Rice,Karnataka,Rabi,2487,22.57,56138.47
Soybean,Punjab,Kharif,1379,32.14,44314.48
Maize,Punjab,Rabi,2819,34.59,97521.36
Rice,Maharashtra,Rabi,2323,18.48,42921.71
Maize,Tamil Nadu,Rabi,4747,33.69,159942.27
Maize,Punjab,Kharif,1038,24.53,25457.5
Wheat,Tamil Nadu,Kharif,3863,29.86,115335.6
Wheat,Maharashtra,Kharif,681,31.41,21392.07
Rice,Karnataka,Rabi,2669,23.71,63292.71
Wheat,Gujarat,Rabi,1909,24.38,46537.68
Cotton,Maharashtra,Rabi,4718,25.65,121037.26
Maize,Karnataka,Kharif,1101,30.42,33491.37
Maize,Maharashtra,Kharif,1882,25.27,47549.14
Rice,Karnataka,Kharif,3559,30.07,107018.38
Maize,Punjab,Rabi,2244,29.82,66921.35
Cotton,Punjab,Rabi,3448,21.23,73189.84
Cotton,Tamil Nadu,Rabi,772,19.01,14674.15
Rice,Tamil Nadu,Kharif,3724,24.33,90593.26
Rice,Gujarat,Rabi,2139,31.94,68322.37
Cotton,Maharashtra,Kharif,1288,34.06,43873.02
Rice,Gujarat,Kharif,2464,30.33,74744.81
Cotton,Punjab,Kharif,817,16.01,13084.17
Cotton,Gujarat,Rabi,2554,26.04,66509.01
Maize,Punjab,Kharif,2769,23.45,64945.38
Wheat,Maharashtra,Kharif,2214,16.02,35473.39
Rice,Tamil Nadu,Rabi,812,31.35,25455.14
Wheat,Gujarat,Rabi,2692,22.72,61149.61
Maize,Maharashtra,Kharif,1890,28.21,53312.82
Soybean,Karnataka,Kharif,2578,20.08,51761.25
Soybean,Tamil Nadu,Kharif,1879,16.01,30078.38
Maize,Karnataka,Rabi,1817,30.51,55432.63
Wheat,Gujarat,Kharif,990,17.57,17392.08
Wheat,Gujarat,Kharif,4832,34.74,167872.02
Soybean,Karnataka,Rabi,2829,19.45,55034.06
Wheat,Tamil Nadu,Kharif,4677,21.9,102437.69
Maize,Punjab,Rabi,778,30.94,24069.07
Cotton,Punjab,Rabi,3252,20.45,66512.27
Maize,Karnataka,Kharif,3749,20.57,77117.72
Cotton,Tamil Nadu,Kharif,2372,33.12,78568.98
Rice,Gujarat,Kharif,3005,32.66,98155.34
Rice,Punjab,Rabi,3997,18.43,73674.92
Maize,Tamil Nadu,Rabi,4674,19.42,90782.62
Rice,Karnataka,Kharif,4633,21.5,99613.72
Maize,Karnataka,Rabi,4902,17.91,87788.81
Maize,Punjab,Kharif,3260,31.61,103051.95
Soybean,Gujarat,Kharif,3645,15.02,54730.5
Cotton,Gujarat,Rabi,2075,20.29,42096.17
Rice,Tamil Nadu,Rabi,2655,34.28,91024.71
Soybean,Karnataka,Kharif,4770,30.8,146911.09
Soybean,Gujarat,Rabi,4141,32.96,136483.23
Soybean,Karnataka,Rabi,3208,28.36,90963.57
Cotton,Punjab,Kharif,2002,34.81,69691.17
Cotton,Tamil Nadu,Rabi,4046,25.27,102256.63
Rice,Maharashtra,Kharif,3045,18.06,55000.15
Soybean,Karnataka,Kharif,4781,24.3,116196.18
Rice,Tamil Nadu,Kharif,4323,31.49,136142.63
Maize,Karnataka,Kharif,4735,27.85,131886.99
Cotton,Karnataka,Rabi,2383,23.71,56493.17
Maize,Karnataka,Kharif,3706,23.3,86352.57
Rice,Gujarat,Rabi,4912,30.99,152233.4
Maize,Karnataka,Kharif,4523,19.58,88561.88
Wheat,Tamil Nadu,Kharif,2700,17.21,46470.04
Wheat,Maharashtra,Kharif,2322,27.65,64201.33
Cotton,Gujarat,Kharif,3006,30.88,92828.38
Maize,Karnataka,Rabi,2768,22.74,62954.84
Cotton,Karnataka,Kharif,1697,34.03,57741.36
Cotton,Karnataka,Kharif,4151,26.96,111928.84
Wheat,Tamil Nadu,Rabi,3161,30.52,96488.16
Soybean,Gujarat,Kharif,985,22.9,22559.5
Cotton,Punjab,Kharif,2236,34.19,76445.56
Maize,Gujarat,Rabi,1039,31.45,32680.7
Wheat,Tamil Nadu,Rabi,2612,26.09,68142.69
Wheat,Karnataka,Rabi,1677,31.89,53487.58
Soybean,Karnataka,Kharif,4921,34.34,168990.57
Maize,Gujarat,Rabi,4772,28.74,137152.83
Maize,Punjab,Rabi,2188,19.57,42828.99
Wheat,Karnataka,Rabi,3241,22.02,71381.64
Wheat,Karnataka,Kharif,1032,20.48,21133.18
Wheat,Tamil Nadu,Kharif,1520,20.48,31131.33
Rice,Punjab,Rabi,693,18.29,12671.83
Rice,Tamil Nadu,Rabi,3086,18.19,56126.83
Rice,Karnataka,Rabi,4410,23.82,105026.23
Rice,Tamil Nadu,Kharif,4368,28.21,123212.48
Rice,Karnataka,Kharif,772,34.63,26736.1
Wheat,Karnataka,Kharif,2873,22.83,65576.66
Cotton,Gujarat,Rabi,3497,20.83,72846.39
Rice,Tamil Nadu,Rabi,1895,31.21,59148.92
Rice,Tamil Nadu,Kharif,2437,23.55,57397.59
Wheat,Gujarat,Kharif,4272,30.85,131808.94
Maize,Tamil Nadu,Kharif,2502,29.06,72703.97
Rice,Maharashtra,Kharif,4435,16.71,74106.45
Maize,Gujarat,Rabi,4024,17.77,71509.82
Cotton,Tamil Nadu,Rabi,1825,25.83,47134.35
Wheat,Tamil Nadu,Kharif,2553,19.34,49366.33
Maize,Maharashtra,Kharif,659,22.78,15009.61
Rice,Karnataka,Kharif,3733,25.41,94858.07
Wheat,Karnataka,Kharif,2624,28.93,75906.43
Cotton,Punjab,Kharif,4175,24.81,103562.63
Wheat,Gujarat,Kharif,2034,27.54,56008.27
Cotton,Maharashtra,Kharif,4082,15.93,65026.37
Wheat,Maharashtra,Kharif,839,25.14,21091.51
Wheat,Gujarat,Rabi,1214,18.09,21960.55
Wheat,Tamil Nadu,Rabi,2067,16.97,35067.07
Maize,Tamil Nadu,Kharif,1790,22.39,40082.64
Rice,Tamil Nadu,Rabi,4456,17.67,78733.45
Wheat,Gujarat,Rabi,4813,32.41,155993.2
Rice,Tamil Nadu,Rabi,3975,21.64,86005.94
Cotton,Maharashtra,Rabi,2458,15.12,37171.52
Soybean,Maharashtra,Kharif,1147,26.16,30010.27
Wheat,Punjab,Rabi,2006,24.8,49757.83
Maize,Karnataka,Rabi,2124,28.83,61235.93
Rice,Tamil Nadu,Rabi,2339,16.17,37829.23
Soybean,Tamil Nadu,Kharif,4696,23.79,111735.14
Rice,Karnataka,Rabi,2361,33.87,79959.21
Rice,Punjab,Rabi,1694,30.33,51374.05
Soybean,Punjab,Kharif,4399,25.27,111176.79
Soybean,Karnataka,Rabi,4216,23.13,97499.01
Rice,Punjab,Rabi,4219,28.7,121078.77
Maize,Tamil Nadu,Kharif,1114,22.93,25541.54
Soybean,Tamil Nadu,Rabi,4808,31.37,150805.8
Cotton,Karnataka,Rabi,3718,28.45,105778.74
Maize,Maharashtra,Kharif,1232,33.85,41703.22
Rice,Tamil Nadu,Rabi,2229,27.86,62094.59
Soybean,Karnataka,Kharif,2843,17.92,50941.78
Wheat,Karnataka,Rabi,4746,15.61,74092.96
Soybean,Gujarat,Kharif,4083,20.29,82847.67
Cotton,Punjab,Kharif,1067,31.45,33555.42
Soybean,Punjab,Kharif,2481,27.75,68850.26
Wheat,Karnataka,Kharif,2107,25.25,53199.88
Maize,Tamil Nadu,Kharif,887,19.88,17629.42
Cotton,Tamil Nadu,Kharif,1501,33.74,50645.51
Cotton,Karnataka,Rabi,2092,16.4,34317.36
Cotton,Punjab,Rabi,3856,34.19,131833.71
Cotton,Karnataka,Kharif,3181,27.44,87281.58
Cotton,Karnataka,Kharif,656,32.34,21215.64
Wheat,Gujarat,Rabi,2098,31.02,65071.32
Rice,Maharashtra,Rabi,3120,25.28,78863.94
Cotton,Tamil Nadu,Rabi,3242,19.81,64229.72
Rice,Punjab,Rabi,642,23.64,15179.47
Cotton,Karnataka,Kharif,3040,16.25,49403.51
Soybean,Tamil Nadu,Rabi,2311,22.17,51244.47
Wheat,Maharashtra,Kharif,3842,15.54,59723.81
Wheat,Gujarat,Rabi,3349,34.16,114398.07
Soybean,Tamil Nadu,Rabi,3968,28.59,113436.3
Cotton,Karnataka,Kharif,4700,28.64,134584.81
Wheat,Karnataka,Kharif,4385,29.55,129586.73
Maize,Maharashtra,Rabi,1976,34.17,67516.28
Soybean,Karnataka,Kharif,1975,32.28,63757.78
Cotton,Gujarat,Kharif,2614,16.62,43439.99
Maize,Tamil Nadu,Kharif,3705,24.33,90128.46
Maize,Karnataka,Rabi,4687,28.86,135269.44
Cotton,Karnataka,Kharif,3039,33.93,103104.06
Wheat,Tamil Nadu,Rabi,2895,16.55,47923.08
Wheat,Karnataka,Rabi,4886,34.17,166949.02
Cotton,Maharashtra,Kharif,2026,29.38,59515.91
Cotton,Gujarat,Kharif,1640,26.31,43153.96
Soybean,Tamil Nadu,Kharif,4300,32.68,140520.13
Soybean,Gujarat,Kharif,3920,15.69,61487.03
Maize,Tamil Nadu,Rabi,4479,18.72,83848.23
Cotton,Maharashtra,Rabi,3692,18.68,68972.89
Rice,Tamil Nadu,Rabi,2753,31.71,87297.68
Wheat,Punjab,Rabi,1915,27.7,53040.16
Rice,Gujarat,Kharif,4351,17.18,74768.77
Rice,Tamil Nadu,Rabi,2115,19.08,40354.7
Wheat,Tamil Nadu,Rabi,3894,18.13,70616.68
Maize,Punjab,Kharif,1473,34.7,51119.96
Soybean,Punjab,Rabi,1280,23.58,30181.69
Cotton,Karnataka,Rabi,2336,19.11,44641.8
Rice,Karnataka,Rabi,1007,18.33,18460.1
Rice,Karnataka,Rabi,3536,18.68,66065.16
Soybean,Karnataka,Rabi,816,25.68,20951.55
Maize,Punjab,Kharif,2017,24.56,49537.49
Cotton,Karnataka,Kharif,846,15.88,13430.59
Maize,Maharashtra,Rabi,3636,30.69,111581.94
Soybean,Gujarat,Kharif,4242,29.33,124402.07
Soybean,Gujarat,Kharif,4108,31.53,129537.83
Rice,Tamil Nadu,Rabi,1619,24.16,39121.21
Wheat,Maharashtra,Rabi,2519,33.92,85448.5
Maize,Gujarat,Rabi,3229,19.16,61860.1
Soybean,Punjab,Rabi,1586,33.41,52990.26
Rice,Karnataka,Rabi,3781,26.36,99668.4
Rice,Gujarat,Rabi,1128,22.76,25670.19
Rice,Maharashtra,Rabi,3120,20.97,65441.69
Wheat,Maharashtra,Kharif,3142,28.62,89939.41
Soybean,Karnataka,Rabi,1063,21.95,23332.98
Maize,Maharashtra,Kharif,2628,17.16,45104.76
Maize,Punjab,Kharif,4632,23.46,108648.76
Soybean,Punjab,Rabi,2277,28.9,65809.95
Wheat,Punjab,Kharif,1080,27.26,29441.27
Maize,Maharashtra,Rabi,598,21.0,12558.23
Maize,Tamil Nadu,Kharif,3948,21.34,84269.08
Wheat,Tamil Nadu,Kharif,1979,24.02,47531.21
Wheat,Karnataka,Kharif,2913,19.55,56939.65
Soybean,Maharashtra,Rabi,4090,17.25,70545.48
Rice,Gujarat,Kharif,4106,28.67,117702.97
Cotton,Maharashtra,Kharif,2847,18.92,53866.94
Wheat,Tamil Nadu,Rabi,2345,23.0,53938.84
Soybean,Tamil Nadu,Rabi,3042,15.62,47514.43
Wheat,Tamil Nadu,Rabi,4645,20.79,96557.6
Maize,Punjab,Rabi,4877,20.54,100170.31
Maize,Punjab,Kharif,2769,22.78,63075.66
Cotton,Gujarat,Rabi,3780,33.52,126708.19
Wheat,Gujarat,Rabi,1384,22.31,30874.36
Soybean,Gujarat,Rabi,3144,19.07,59954.36
Soybean,Punjab,Kharif,4774,34.09,162756.84
Cotton,Punjab,Kharif,4397,15.85,69705.01
Soybean,Maharashtra,Rabi,4300,17.75,76330.84
Soybean,Karnataka,Kharif,2885,23.59,68070.36
Rice,Punjab,Rabi,4281,33.34,142716.47
Maize,Karnataka,Rabi,2332,27.89,65040.3
Cotton,Maharashtra,Kharif,1039,21.24,22071.73
Rice,Gujarat,Rabi,3555,16.69,59332.32
Rice,Maharashtra,Rabi,2296,20.23,46436.79
Rice,Gujarat,Kharif,3313,16.92,56041.02
Cotton,Tamil Nadu,Rabi,785,20.02,15716.66
Soybean,Tamil Nadu,Rabi,4239,28.42,120461.72
Maize,Karnataka,Rabi,961,22.51,21632.53
Soybean,Tamil Nadu,Kharif,2890,28.78,83186.69
Soybean,Maharashtra,Rabi,3636,20.99,76335.21
Cotton,Karnataka,Rabi,2148,28.1,60355.45
Rice,Tamil Nadu,Rabi,2525,24.48,61802.93
Cotton,Karnataka,Kharif,2000,22.77,45536.51
Maize,Karnataka,Rabi,1620,27.85,45122.45
Rice,Tamil Nadu,Kharif,4603,23.04,106049.97
Wheat,Punjab,Kharif,1080,33.63,36315.38
Cotton,Gujarat,Kharif,2180,30.67,66869.81
Maize,Karnataka,Rabi,4538,17.47,79290.14
Soybean,Maharashtra,Kharif,2531,18.08,45767.06
Soybean,Gujarat,Kharif,2660,22.17,58980.22
Maize,Karnataka,Rabi,3726,20.66,76961.55
Maize,Maharashtra,Rabi,2767,30.82,85288.85
Soybean,Tamil Nadu,Kharif,2001,29.24,58517.35
Rice,Punjab,Kharif,1048,16.56,17352.07
Wheat,Maharashtra,Rabi,1602,15.04,24092.47
Maize,Punjab,Kharif,4946,32.29,159708.08
Maize,Gujarat,Kharif,4795,19.15,91831.93
Soybean,Maharashtra,Kharif,1057,32.39,34238.61
Rice,Tamil Nadu,Kharif,4132,19.46,80413.37
Cotton,Punjab,Kharif,4219,16.29,68717.32
Cotton,Punjab,Rabi,3521,28.18,99216.23
Maize,Karnataka,Kharif,2875,22.84,65669.76
Wheat,Punjab,Kharif,619,34.74,21505.79
Soybean,Karnataka,Kharif,1307,17.82,23297.15
Rice,Maharashtra,Rabi,2589,23.25,60192.2
Rice,Tamil Nadu,Rabi,1905,16.95,32295.03
Maize,Maharashtra,Kharif,4575,28.45,130170.24
Maize,Karnataka,Kharif,3272,19.05,62341.53
Wheat,Punjab,Kharif,608,34.18,20783.41
Cotton,Gujarat,Kharif,2454,15.52,38077.89
Cotton,Karnataka,Kharif,2492,19.4,48346.46
Soybean,Karnataka,Kharif,2855,28.03,80012.88
Rice,Karnataka,Rabi,3183,28.59,91010.43
Rice,Tamil Nadu,Kharif,1524,20.12,30666.36
Cotton,Karnataka,Kharif,3804,20.08,76390.45
Wheat,Tamil Nadu,Kharif,3772,15.68,59152.69
Soybean,Punjab,Rabi,1944,33.63,65385.72
Rice,Punjab,Kharif,1305,19.78,25816.96
Wheat,Tamil Nadu,Kharif,1884,16.13,30383.38
Wheat,Karnataka,Rabi,4855,31.93,155015.39
Maize,Maharashtra,Kharif,2803,25.9,72610.03
Maize,Tamil Nadu,Rabi,1717,24.4,41894.79
Maize,Gujarat,Kharif,4349,26.8,116569.97
Soybean,Gujarat,Rabi,1926,22.64,43609.82
Soybean,Karnataka,Rabi,899,18.64,16757.78
Rice,Gujarat,Rabi,3998,33.01,131978.29
Soybean,Punjab,Rabi,4168,17.76,74018.09
Soybean,Karnataka,Kharif,2509,29.3,73513.58
Rice,Karnataka,Rabi,4957,30.05,148940.43
Wheat,Punjab,Rabi,2494,31.16,77722.0
Wheat,Gujarat,Kharif,2998,29.14,87368.97
Rice,Maharashtra,Kharif,4252,33.92,144247.75
Cotton,Maharashtra,Rabi,3757,21.66,81360.18
Maize,Maharashtra,Rabi,3205,32.18,103137.14
Soybean,Punjab,Rabi,4205,20.16,84760.54
Rice,Maharashtra,Rabi,2651,18.18,48188.41
Cotton,Karnataka,Kharif,3336,27.97,93311.62
Maize,Karnataka,Rabi,958,23.31,22333.62
Maize,Punjab,Rabi,1466,28.18,41313.43
Cotton,Punjab,Kharif,3479,28.89,100497.13
Soybean,Maharashtra,Kharif,3015,31.68,95508.41
Rice,Punjab,Rabi,3745,34.57,129454.47
Cotton,Karnataka,Rabi,2773,17.44,48374.16
Wheat,Tamil Nadu,Kharif,2638,29.84,78706.07
Rice,Tamil Nadu,Rabi,1096,23.26,25493.51
Cotton,Karnataka,Kharif,2547,18.13,46177.6
Soybean,Punjab,Rabi,1202,31.82,38246.37
Maize,Punjab,Rabi,775,23.4,18133.32
Rice,Tamil Nadu,Rabi,2048,23.28,47670.65
Cotton,Karnataka,Rabi,4921,17.69,87030.53
Maize,Gujarat,Rabi,1699,19.05,32360.99
Rice,Gujarat,Rabi,1194,27.18,32452.1
Wheat,Karnataka,Rabi,3455,26.22,90584.0
Cotton,Punjab,Kharif,1072,32.72,35071.44
Rice,Maharashtra,Kharif,4871,20.17,98239.26
Maize,Punjab,Rabi,4580,18.4,84268.15
Maize,Karnataka,Rabi,2051,18.88,38729.28
Wheat,Karnataka,Rabi,1591,32.7,52019.21
Wheat,Gujarat,Kharif,2832,26.94,76293.99
Cotton,Karnataka,Kharif,747,15.69,11722.31
Soybean,Tamil Nadu,Rabi,696,29.24,20352.82
Rice,Maharashtra,Rabi,3035,20.9,63429.2
Soybean,Gujarat,Kharif,3341,33.36,111451.51
Rice,Maharashtra,Kharif,4463,34.29,153051.14
Maize,Gujarat,Kharif,2323,24.94,57937.84
Wheat,Maharashtra,Rabi,1220,16.17,19732.21
Maize,Punjab,Kharif,3949,17.07,67422.63
Wheat,Gujarat,Rabi,1033,18.86,19484.93
Rice,Tamil Nadu,Kharif,2954,22.7,67058.71
Cotton,Tamil Nadu,Rabi,1622,23.45,38039.14
Rice,Gujarat,Rabi,604,27.51,16613.58
Soybean,Gujarat,Rabi,3613,27.56,99586.78
Cotton,Punjab,Rabi,2402,33.04,79371.58
Wheat,Karnataka,Rabi,3740,28.21,105497.71
Rice,Punjab,Rabi,3102,27.02,83806.31
Cotton,Karnataka,Rabi,1178,30.94,36448.57
Rice,Tamil Nadu,Rabi,4598,32.92,151360.3
Rice,Tamil Nadu,Rabi,3406,19.59,66724.44
Soybean,Karnataka,Kharif,2768,19.83,54891.4
Wheat,Gujarat,Kharif,933,30.28,28253.34
Cotton,Gujarat,Kharif,3738,26.27,98181.44
Soybean,Karnataka,Kharif,2252,19.02,42840.65
Soybean,Tamil Nadu,Kharif,4316,27.62,119214.72
Maize,Maharashtra,Rabi,3862,31.36,121107.21
Maize,Maharashtra,Kharif,754,31.52,23764.6
Cotton,Maharashtra,Rabi,3446,18.07,62266.05
Soybean,Gujarat,Rabi,4224,27.04,114218.31
Rice,Tamil Nadu,Rabi,759,27.5,20869.36
Cotton,Maharashtra,Rabi,1616,32.49,52496.08
Rice,Gujarat,Kharif,1803,30.88,55684.77
Maize,Maharashtra,Kharif,1334,19.17,25574.73
Soybean,Gujarat,Rabi,4539,24.61,111723.09
Cotton,Punjab,Kharif,1396,27.51,38409.9
Wheat,Maharashtra,Kharif,864,27.25,23539.83
Wheat,Karnataka,Rabi,2373,22.73,53935.78
Rice,Gujarat,Rabi,1085,19.16,20784.04
Soybean,Maharashtra,Rabi,3176,19.04,60472.59
Soybean,Karnataka,Kharif,1182,33.96,40141.15
Wheat,Tamil Nadu,Rabi,859,24.68,21196.07
Cotton,Gujarat,Kharif,2967,22.28,66092.24
Cotton,Tamil Nadu,Rabi,2859,29.14,83325.38
Cotton,Gujarat,Rabi,2032,25.14,51087.2
Soybean,Karnataka,Rabi,3756,29.01,108965.2
Soybean,Punjab,Rabi,3255,32.96,107279.84
Soybean,Punjab,Rabi,2393,33.47,80081.76
Cotton,Gujarat,Rabi,1350,22.3,30099.83
Rice,Tamil Nadu,Rabi,3959,34.21,135436.54
Cotton,Punjab,Rabi,4358,26.43,115176.81
Wheat,Punjab,Kharif,904,22.77,20584.13
Rice,Karnataka,Kharif,1971,25.84,50931.95
Wheat,Punjab,Rabi,3052,31.43,95935.33
Rice,Tamil Nadu,Kharif,3147,33.66,105941.67
Maize,Punjab,Kharif,2930,33.33,97666.9
Rice,Tamil Nadu,Rabi,1784,28.17,50254.24
Wheat,Gujarat,Kharif,2447,29.38,71886.97
Wheat,Gujarat,Kharif,4263,18.91,80613.58
Maize,Punjab,Rabi,1221,26.74,32650.37
Wheat,Maharashtra,Kharif,2046,24.65,50433.84
Cotton,Tamil Nadu,Rabi,1391,28.29,39357.95
Rice,Karnataka,Kharif,1108,23.54,26084.97
Soybean,Tamil Nadu,Kharif,4179,18.7,78142.16
Soybean,Punjab,Rabi,2518,21.3,53624.78
Soybean,Gujarat,Kharif,1395,29.8,41564.38
Cotton,Karnataka,Rabi,2965,29.74,88192.55
Cotton,Karnataka,Rabi,4766,23.27,110903.92
Rice,Gujarat,Rabi,3259,26.43,86145.02
Rice,Punjab,Rabi,1473,27.08,39885.72
Wheat,Maharashtra,Kharif,2064,23.43,48354.94
Wheat,Punjab,Kharif,3672,17.93,65825.96
Maize,Maharashtra,Rabi,3236,15.25,49351.94
Cotton,Karnataka,Kharif,2717,26.48,71947.02
Rice,Maharashtra,Rabi,4483,31.34,140502.72
Cotton,Gujarat,Kharif,2620,32.78,85890.51
Wheat,Gujarat,Kharif,1484,30.66,45501.31
Maize,Maharashtra,Rabi,4869,21.16,103019.21
Maize,Karnataka,Rabi,712,21.56,15350.99
Cotton,Punjab,Rabi,4816,27.16,130790.23
Rice,Maharashtra,Rabi,2313,19.34,44730.79
Cotton,Tamil Nadu,Rabi,704,28.37,19971.85
Soybean,Karnataka,Kharif,2638,18.57,48998.9
Maize,Tamil Nadu,Kharif,4949,25.34,125393.18
Cotton,Tamil Nadu,Kharif,2215,31.89,70630.84
Soybean,Tamil Nadu,Kharif,2509,32.86,82440.37
Rice,Maharashtra,Rabi,1418,32.05,45439.98
Maize,Maharashtra,Rabi,4942,17.64,87192.86
Maize,Tamil Nadu,Kharif,613,15.97,9787.98
Cotton,Gujarat,Rabi,2005,18.65,37398.67
Cotton,Karnataka,Rabi,1911,31.34,59899.62
Rice,Tamil Nadu,Kharif,3642,18.31,66692.31
Maize,Maharashtra,Rabi,2970,15.98,47448.36
Maize,Maharashtra,Kharif,3164,32.54,102954.57
Rice,Punjab,Rabi,1129,23.53,26562.35
Wheat,Maharashtra,Kharif,1040,15.55,16171.77
Cotton,Punjab,Kharif,2085,24.7,51505.09
Rice,Gujarat,Rabi,3091,22.01,68031.81
Maize,Karnataka,Kharif,4265,27.73,118249.01
Cotton,Punjab,Rabi,2980,22.02,65632.77
Cotton,Maharashtra,Rabi,639,28.11,17959.17
Rice,Maharashtra,Rabi,3352,16.95,56822.4
Cotton,Gujarat,Rabi,4689,21.46,100646.91
Cotton,Tamil Nadu,Kharif,2044,24.38,49828.63
Cotton,Gujarat,Rabi,4500,34.28,154277.62
Cotton,Maharashtra,Rabi,1995,18.98,37866.89
Soybean,Punjab,Kharif,2519,32.19,81075.47
Cotton,Maharashtra,Kharif,2763,29.68,81997.36
Maize,Tamil Nadu,Kharif,2266,33.51,75941.11
Maize,Karnataka,Kharif,4611,32.3,148913.68
Wheat,Tamil Nadu,Kharif,2672,31.13,83174.19
Cotton,Punjab,Rabi,3727,21.32,79448.98
Rice,Tamil Nadu,Rabi,2144,20.43,43807.42
Cotton,Tamil Nadu,Kharif,4851,19.24,93334.0
Soybean,Karnataka,Rabi,1484,25.63,38033.16
Maize,Maharashtra,Rabi,1389,20.7,28755.83
Soybean,Maharashtra,Rabi,3752,15.86,59512.49
Rice,Maharashtra,Kharif,4036,18.09,73001.59
Rice,Punjab,Rabi,1020,33.23,33891.34
Rice,Gujarat,Kharif,1034,21.75,22485.73
Soybean,Karnataka,Kharif,2088,15.17,31671.12
Cotton,Maharashtra,Kharif,2492,25.64,63896.76
Wheat,Punjab,Kharif,4838,26.4,127724.41
Soybean,Maharashtra,Kharif,1058,20.64,21834.68
Wheat,Punjab,Kharif,703,25.69,18059.82
Cotton,Karnataka,Kharif,3253,30.0,97586.47
Cotton,Maharashtra,Rabi,1707,30.03,51263.01
Maize,Gujarat,Kharif,2015,21.23,42783.69
Cotton,Punjab,Kharif,2608,33.14,86427.73
Wheat,Tamil Nadu,Kharif,3814,27.44,104672.05
Maize,Maharashtra,Kharif,1681,24.0,40349.08
Wheat,Tamil Nadu,Kharif,1724,16.62,28651.5
Maize,Maharashtra,Rabi,875,29.38,25704.34
Wheat,Tamil Nadu,Kharif,552,31.03,17126.58
Maize,Tamil Nadu,Rabi,1087,22.29,24232.78
Rice,Maharashtra,Rabi,769,23.23,17861.83
Wheat,Gujarat,Rabi,4452,19.57,87143.85
Maize,Punjab,Kharif,4338,25.68,111405.99
Cotton,Gujarat,Rabi,2572,32.27,83007.64
Rice,Maharashtra,Rabi,2316,22.43,51951.41
Wheat,Maharashtra,Rabi,4190,23.82,99817.74
Cotton,Tamil Nadu,Rabi,1179,15.93,18786.49
Maize,Maharashtra,Kharif,2672,28.73,76770.66
Maize,Tamil Nadu,Rabi,4648,32.97,153253.99
Cotton,Tamil Nadu,Rabi,2248,17.72,39828.62
Rice,Karnataka,Kharif,887,26.14,23182.85
Cotton,Punjab,Rabi,550,33.12,18214.37
Cotton,Gujarat,Kharif,3606,22.14,79826.43
Cotton,Maharashtra,Rabi,972,29.26,28443.08
Rice,Punjab,Rabi,2010,17.21,34596.08
Cotton,Punjab,Kharif,3413,27.02,92210.0
Cotton,Gujarat,Rabi,1695,17.44,29559.77
Wheat,Punjab,Kharif,3070,17.56,53913.32
Wheat,Tamil Nadu,Kharif,1975,25.48,50323.14
Wheat,Maharashtra,Rabi,3321,24.41,81059.28
Soybean,Punjab,Kharif,4844,33.98,164596.68
Cotton,Gujarat,Rabi,4787,33.93,162421.15
Rice,Karnataka,Rabi,2279,15.08,34357.09
Wheat,Punjab,Rabi,528,18.66,9850.34
Soybean,Punjab,Rabi,2251,34.29,77188.16
Cotton,Tamil Nadu,Kharif,2199,29.38,64615.7
Wheat,Gujarat,Rabi,2116,31.29,66206.59
Rice,Tamil Nadu,Kharif,1844,28.79,53084.24
Maize,Punjab,Rabi,2254,29.74,67030.72
Soybean,Tamil Nadu,Rabi,3374,16.59,55974.71
Wheat,Tamil Nadu,Kharif,4598,18.49,85034.04
Maize,Karnataka,Rabi,2518,29.34,73884.19
Soybean,Gujarat,Kharif,3339,31.1,103838.79
Wheat,Gujarat,Rabi,1010,34.51,34859.84
Maize,Tamil Nadu,Rabi,2435,20.81,50670.19
Rice,Karnataka,Kharif,2718,28.78,78220.88
Rice,Karnataka,Rabi,2278,18.15,41336.69
Wheat,Punjab,Rabi,1668,34.01,56732.08
Wheat,Maharashtra,Kharif,3257,26.83,87391.97
Soybean,Maharashtra,Rabi,4874,19.91,97035.27
Rice,Karnataka,Rabi,2975,16.97,50479.24
Wheat,Gujarat,Rabi,2029,27.92,56639.8
Cotton,Karnataka,Rabi,2620,26.91,70512.79
Wheat,Tamil Nadu,Rabi,3625,30.42,110281.86
Maize,Maharashtra,Kharif,4976,26.67,132704.61
Rice,Punjab,Rabi,1607,23.92,38438.39
Soybean,Karnataka,Rabi,3082,18.56,57204.04
Soybean,Gujarat,Kharif,4894,21.37,104576.69
Cotton,Punjab,Rabi,2825,28.38,80170.94
Soybean,Maharashtra,Rabi,4653,17.2,80037.03
Maize,Maharashtra,Kharif,3633,27.05,98258.79
Soybean,Tamil Nadu,Kharif,1487,25.44,37825.84
Wheat,Punjab,Kharif,3617,20.23,73179.17
Maize,Maharashtra,Kharif,3609,20.96,75644.76
Cotton,Tamil Nadu,Rabi,1690,22.73,38417.84
Rice,Gujarat,Rabi,1387,21.83,30275.87
Maize,Punjab,Kharif,2580,21.09,54402.97
Rice,Tamil Nadu,Rabi,2813,29.9,84117.33
Maize,Tamil Nadu,Kharif,1258,29.16,36688.32
Rice,Karnataka,Rabi,4491,20.61,92549.29
Maize,Punjab,Kharif,4042,23.35,94394.27
Wheat,Tamil Nadu,Kharif,3689,26.78,98791.44
Soybean,Punjab,Kharif,4048,16.18,65476.89
Maize,Gujarat,Kharif,4373,33.28,145554.58
Maize,Karnataka,Rabi,1870,16.13,30165.81
Wheat,Gujarat,Rabi,4737,22.47,106448.15
Maize,Maharashtra,Rabi,1761,19.67,34644.26
Rice,Tamil Nadu,Kharif,3263,16.25,53014.25
Rice,Maharashtra,Rabi,3013,28.55,86011.63
Maize,Punjab,Rabi,3701,28.52,105566.74
Maize,Punjab,Rabi,2441,21.14,51612.85
Soybean,Karnataka,Kharif,1671,31.32,52343.88
Soybean,Tamil Nadu,Rabi,4733,33.76,159804.18
Soybean,Tamil Nadu,Rabi,4984,28.28,140928.99
Wheat,Tamil Nadu,Rabi,2379,18.41,43790.87
Rice,Karnataka,Kharif,4140,20.42,84525.93
Rice,Karnataka,Rabi,4434,31.66,140392.52
Wheat,Gujarat,Kharif,1300,27.95,36336.34
Rice,Tamil Nadu,Rabi,4806,15.16,72882.27
Soybean,Punjab,Rabi,3195,16.61,53069.5
Rice,Punjab,Kharif,4369,15.82,69107.28
Rice,Gujarat,Kharif,789,32.36,25535.89
Wheat,Maharashtra,Rabi,1528,24.77,37853.54
Rice,Tamil Nadu,Kharif,2603,30.07,78274.37
Maize,Punjab,Rabi,1284,20.92,26857.2
Maize,Gujarat,Rabi,1536,33.36,51248.26
Soybean,Karnataka,Rabi,1927,31.76,61210.78
Rice,Gujarat,Rabi,2708,20.05,54305.78
Soybean,Maharashtra,Rabi,2203,22.41,49377.95
Wheat,Maharashtra,Rabi,3257,32.42,105600.52
Rice,Karnataka,Rabi,886,24.7,21880.65
Rice,Tamil Nadu,Rabi,2247,27.83,62529.92
Soybean,Gujarat,Kharif,668,33.09,22101.28
Cotton,Karnataka,Rabi,4214,15.85,66793.18
Rice,Karnataka,Kharif,4299,20.55,88327.2
Rice,Gujarat,Kharif,2450,32.91,80622.51
Soybean,Punjab,Kharif,3221,29.7,95670.95
Maize,Tamil Nadu,Kharif,2616,29.2,76381.22
Wheat,Punjab,Kharif,4017,33.34,133937.99
Wheat,Punjab,Kharif,1452,23.28,33803.01
Soybean,Karnataka,Rabi,4260,30.83,131331.96
Rice,Karnataka,Kharif,1005,18.46,18556.82
Rice,Gujarat,Kharif,951,29.73,28271.59
Cotton,Gujarat,Kharif,1769,17.1,30245.05
Wheat,Gujarat,Rabi,4544,23.35,106103.79
Soybean,Karnataka,Kharif,3419,26.62,91017.09
Soybean,Karnataka,Kharif,691,18.3,12646.45
Cotton,Punjab,Kharif,3448,34.66,119521.62
Rice,Karnataka,Rabi,2674,28.03,74945.56
Soybean,Maharashtra,Kharif,4803,28.65,137610.49
Rice,Karnataka,Kharif,4510,27.35,123340.94
Rice,Gujarat,Kharif,796,31.39,24986.18
Rice,Tamil Nadu,Rabi,1245,23.93,29786.92
Wheat,Gujarat,Rabi,1811,22.07,39969.72
Soybean,Punjab,Kharif,1482,16.03,23753.11
Cotton,Maharashtra,Kharif,3289,21.35,70207.53
Maize,Punjab,Rabi,4785,28.28,135341.34
Cotton,Gujarat,Kharif,1217,29.93,36420.99
Cotton,Gujarat,Rabi,3353,30.52,102318.56
Rice,Punjab,Kharif,852,32.23,27456.78
Wheat,Karnataka,Rabi,692,26.53,18358.96
Soybean,Gujarat,Rabi,3643,15.79,57526.55
Maize,Punjab,Rabi,765,33.15,25360.42
Maize,Maharashtra,Rabi,3748,30.38,113857.62
Cotton,Gujarat,Kharif,941,28.31,26642.18
Cotton,Tamil Nadu,Kharif,877,15.19,13320.87
Maize,Tamil Nadu,Kharif,2907,31.54,91687.7
Wheat,Maharashtra,Kharif,3868,27.55,106554.91
Cotton,Tamil Nadu,Rabi,3601,32.47,116942.29
Soybean,Karnataka,Kharif,848,33.56,28460.39
Cotton,Tamil Nadu,Rabi,4329,18.78,81278.83
Soybean,Punjab,Rabi,832,20.94,17424.82
Soybean,Maharashtra,Kharif,3719,20.43,75978.14
Wheat,Gujarat,Rabi,4684,27.05,126687.7
Soybean,Maharashtra,Rabi,2694,23.62,63628.93
Cotton,Tamil Nadu,Kharif,4616,22.12,102122.22
Maize,Karnataka,Rabi,3040,19.59,59558.11
Soybean,Tamil Nadu,Kharif,2654,19.53,51832.69
Cotton,Gujarat,Kharif,3296,29.72,97964.41
Cotton,Tamil Nadu,Kharif,2826,31.89,90123.91
Rice,Tamil Nadu,Kharif,3870,34.99,135428.35
Wheat,Punjab,Kharif,4137,25.75,106515.94
Cotton,Maharashtra,Kharif,2625,20.33,53379.24
Soybean,Punjab,Kharif,1212,33.35,40420.5
Cotton,Karnataka,Kharif,2537,25.82,65508.73
Rice,Maharashtra,Kharif,3989,32.58,129962.64
Wheat,Maharashtra,Rabi,1927,23.97,46191.68
Rice,Karnataka,Rabi,3962,18.46,73135.21
Wheat,Maharashtra,Kharif,4759,31.28,148863.21
Wheat,Gujarat,Kharif,1083,33.38,36154.02
Soybean,Tamil Nadu,Kharif,1064,27.39,29142.51
Soybean,Gujarat,Kharif,890,19.31,17184.9
Maize,Tamil Nadu,Rabi,4422,21.74,96140.45
Cotton,Tamil Nadu,Rabi,4300,21.39,91998.45
Cotton,Karnataka,Kharif,2908,31.17,90653.43
Soybean,Maharashtra,Rabi,527,31.39,16540.14
Soybean,Maharashtra,Rabi,2082,33.85,70482.08
Maize,Maharashtra,Rabi,3033,32.76,99375.96
Soybean,Tamil Nadu,Rabi,673,17.92,12060.65
Wheat,Punjab,Kharif,1920,27.2,52220.51
Soybean,Maharashtra,Rabi,4117,20.68,85150.39
Cotton,Karnataka,Kharif,524,34.74,18206.38
Maize,Tamil Nadu,Rabi,2134,24.91,53165.18
Maize,Maharashtra,Rabi,2894,20.02,57948.41
Maize,Karnataka,Kharif,3990,34.63,138189.33
Maize,Punjab,Kharif,3810,25.79,98256.28
Soybean,Gujarat,Kharif,2675,16.08,43001.67
Maize,Gujarat,Kharif,2603,17.62,45864.88
Cotton,Punjab,Rabi,3297,32.81,108169.98
Cotton,Maharashtra,Kharif,2083,34.71,72305.84
Soybean,Maharashtra,Kharif,1959,18.1,35449.46
Soybean,Karnataka,Kharif,884,24.75,21880.91
Wheat,Gujarat,Rabi,3534,19.58,69211.88
Soybean,Gujarat,Rabi,4159,28.65,119136.57
Soybean,Punjab,Rabi,1061,33.45,35488.48
Soybean,Gujarat,Rabi,750,31.7,23771.86
Rice,Karnataka,Rabi,4683,17.74,83075.04
Rice,Karnataka,Kharif,4181,26.39,110332.86
Cotton,Karnataka,Rabi,3880,26.66,103448.64
Rice,Maharashtra,Kharif,788,26.82,21130.85
Maize,Gujarat,Kharif,1092,31.32,34197.38
Rice,Punjab,Kharif,3489,20.9,72924.12
Soybean,Maharashtra,Kharif,1215,19.28,23429.54
Soybean,Punjab,Rabi,3917,26.43,103540.92
Maize,Karnataka,Kharif,670,20.53,13754.33
Rice,Tamil Nadu,Kharif,4289,27.34,117246.57
Wheat,Punjab,Kharif,3203,33.78,108195.76
Cotton,Gujarat,Rabi,4726,23.66,111814.7
Cotton,Karnataka,Rabi,3061,27.21,83288.72
Soybean,Gujarat,Kharif,1337,25.76,34436.76
Rice,Karnataka,Rabi,3111,20.71,64434.63
Cotton,Karnataka,Kharif,2310,16.84,38907.39
Wheat,Karnataka,Kharif,3950,24.88,98282.82
Soybean,Maharashtra,Rabi,4594,17.4,79947.25
Wheat,Maharashtra,Kharif,4967,20.63,102447.22
Cotton,Tamil Nadu,Rabi,762,16.67,12704.92
Cotton,Maharashtra,Kharif,985,33.52,33021.08
Rice,Maharashtra,Rabi,1170,33.1,38721.5
Maize,Tamil Nadu,Kharif,3593,17.42,62598.76
Rice,Punjab,Rabi,4768,17.04,81242.63
Rice,Maharashtra,Rabi,2444,17.6,43017.4
Soybean,Maharashtra,Rabi,3036,20.5,62223.12
Wheat,Maharashtra,Kharif,4470,20.0,89378.47
Wheat,Maharashtra,Kharif,1746,30.37,53026.0
Cotton,Gujarat,Kharif,3911,17.18,67194.78
Wheat,Maharashtra,Rabi,3448,20.83,71823.07
Soybean,Tamil Nadu,Kharif,4545,20.34,92454.56
Maize,Punjab,Kharif,1994,27.14,54113.58
Maize,Karnataka,Rabi,1817,22.28,40483.37
Soybean,Punjab,Kharif,2809,16.64,46749.57
Cotton,Karnataka,Rabi,2551,31.79,81095.51
Maize,Punjab,Rabi,1292,32.93,42539.94
Wheat,Karnataka,Kharif,4434,28.47,126239.3
Soybean,Gujarat,Rabi,1690,15.64,26436.06
Soybean,Maharashtra,Rabi,1293,18.62,24070.64
Soybean,Gujarat,Kharif,1383,22.61,31272.58
Rice,Maharashtra,Kharif,3294,19.43,63994.59
Soybean,Punjab,Kharif,3944,28.9,113968.9
Wheat,Tamil Nadu,Kharif,2040,29.05,59260.66
Cotton,Maharashtra,Kharif,2570,24.16,62091.66
Maize,Maharashtra,Rabi,1426,25.0,35646.29
Maize,Tamil Nadu,Kharif,665,20.92,13913.79
Wheat,Gujarat,Rabi,2112,25.38,53592.75
Cotton,Tamil Nadu,Kharif,2319,25.81,59854.06
Wheat,Karnataka,Kharif,844,28.67,24198.44
Rice,Tamil Nadu,Rabi,4583,30.05,137720.99
Rice,Tamil Nadu,Rabi,3760,29.27,110044.88
Wheat,Gujarat,Kharif,1834,27.61,50645.42
Soybean,Tamil Nadu,Rabi,2584,22.61,58426.33
Soybean,Punjab,Rabi,2578,17.27,44531.65
Maize,Gujarat,Kharif,1815,26.76,48576.6
Maize,Tamil Nadu,Kharif,2418,29.21,70632.99
Maize,Maharashtra,Rabi,4390,32.3,141808.67
Soybean,Gujarat,Rabi,1554,29.37,45646.79
Wheat,Gujarat,Rabi,4609,16.34,75307.51
Rice,Tamil Nadu,Kharif,4907,21.85,107207.94
Cotton,Karnataka,Kharif,1438,22.37,32167.76
Maize,Punjab,Kharif,3729,26.68,99474.02
Rice,Karnataka,Kharif,4293,28.88,123970.61
Wheat,Gujarat,Rabi,3169,26.75,84759.58
Cotton,Gujarat,Kharif,3826,24.39,93300.37
Wheat,Karnataka,Rabi,4170,27.38,114161.34
Maize,Punjab,Rabi,2977,26.08,77633.14
Cotton,Maharashtra,Rabi,857,34.33,29421.42
Soybean,Punjab,Rabi,968,27.46,26576.75
Soybean,Punjab,Rabi,593,15.43,9151.42
Maize,Karnataka,Kharif,2042,34.77,70996.29
Maize,Maharashtra,Kharif,2222,23.73,52726.61
Soybean,Tamil Nadu,Kharif,1212,17.24,20891.79
Cotton,Maharashtra,Kharif,3519,30.34,106767.84
Soybean,Punjab,Rabi,1962,33.84,66403.36
Rice,Gujarat,Kharif,2162,19.94,43117.85
Maize,Gujarat,Kharif,555,34.14,18949.87
Rice,Tamil Nadu,Kharif,4928,20.78,102380.55
Rice,Gujarat,Rabi,4782,20.84,99648.61
Rice,Gujarat,Kharif,560,31.46,17616.95
Rice,Gujarat,Rabi,4553,16.3,74217.14
Cotton,Karnataka,Kharif,1663,15.25,25355.47
Rice,Punjab,Rabi,1917,15.54,29783.32
Soybean,Maharashtra,Rabi,1836,20.76,38123.93
Wheat,Maharashtra,Kharif,2094,30.13,63099.41
Rice,Karnataka,Kharif,2160,18.41,39770.57
Wheat,Punjab,Rabi,1562,15.38,24016.55
Rice,Tamil Nadu,Kharif,3647,15.68,57173.24
Soybean,Karnataka,Kharif,3377,25.55,86294.63
Cotton,Gujarat,Rabi,4283,22.23,95189.84
Cotton,Karnataka,Kharif,4866,20.85,101464.17
Maize,Punjab,Rabi,3447,29.44,101480.23
Cotton,Karnataka,Rabi,691,24.56,16971.25
Rice,Karnataka,Kharif,1048,28.85,30233.08
Cotton,Karnataka,Rabi,3375,15.67,52882.81
Wheat,Punjab,Kharif,3454,26.49,91491.44
Maize,Maharashtra,Kharif,1651,23.13,38193.99
Soybean,Maharashtra,Kharif,2902,29.18,84667.38
Maize,Tamil Nadu,Rabi,4881,23.57,115031.61
Maize,Tamil Nadu,Rabi,3053,19.75,60295.24
Soybean,Gujarat,Rabi,4642,30.48,141465.22
Maize,Gujarat,Rabi,3404,23.74,80803.5
Soybean,Punjab,Rabi,1348,27.27,36759.79
Rice,Maharashtra,Rabi,4057,20.14,81699.59
Maize,Karnataka,Rabi,857,25.92,22209.34
Cotton,Maharashtra,Rabi,4908,17.55,86139.17
Cotton,Gujarat,Rabi,1580,34.71,54841.61
Rice,Tamil Nadu,Rabi,550,23.77,13073.15
Wheat,Punjab,Kharif,3950,27.02,106734.34
Cotton,Tamil Nadu,Rabi,2053,21.62,44376.2
Cotton,Karnataka,Kharif,4033,25.84,104206.43
Wheat,Karnataka,Kharif,1138,15.34,17457.65
Wheat,Punjab,Rabi,1381,21.36,29501.08
Soybean,Punjab,Kharif,588,32.34,19017.33
Wheat,Maharashtra,Kharif,3036,24.08,73113.43
Maize,Tamil Nadu,Kharif,1780,20.92,37229.02
Rice,Karnataka,Rabi,2265,30.45,68969.6
Wheat,Tamil Nadu,Rabi,1461,26.05,38051.79
Soybean,Karnataka,Kharif,3363,23.3,78355.41
Soybean,Maharashtra,Kharif,1787,22.06,39425.09
Cotton,Tamil Nadu,Rabi,3650,15.13,55216.99
Rice,Karnataka,Rabi,2493,30.01,74803.98
Rice,Tamil Nadu,Kharif,1351,18.06,24404.8
Soybean,Maharashtra,Rabi,1933,26.17,50592.46
Maize,Gujarat,Rabi,2893,34.85,100828.44
Wheat,Gujarat,Kharif,2198,21.33,46891.76
Maize,Punjab,Rabi,2919,33.8,98668.25
Maize,Tamil Nadu,Kharif,2226,19.48,43364.73
Soybean,Gujarat,Kharif,1256,16.38,20571.73
Cotton,Punjab,Kharif,1628,21.07,34299.51
Rice,Punjab,Kharif,3654,16.5,60286.69
Cotton,Gujarat,Kharif,3864,26.12,100927.64
Soybean,Gujarat,Rabi,2449,24.5,59990.97
Wheat,Tamil Nadu,Rabi,3057,25.7,78575.49
Soybean,Tamil Nadu,Kharif,4085,29.39,120056.49
Wheat,Gujarat,Rabi,3213,23.95,76957.34
Wheat,Karnataka,Rabi,1589,32.77,52073.75
Rice,Gujarat,Kharif,960,25.28,24272.99
Maize,Karnataka,Rabi,2862,21.66,61977.81
Soybean,Tamil Nadu,Kharif,504,29.17,14702.65
Wheat,Gujarat,Rabi,4723,19.49,92063.1
Rice,Maharashtra,Kharif,2670,21.07,56244.71
Wheat,Gujarat,Rabi,2875,22.89,65820.65
Soybean,Tamil Nadu,Kharif,2166,15.8,34232.2
Maize,Punjab,Rabi,4890,32.58,159293.83
Soybean,Tamil Nadu,Kharif,3201,18.55,59370.99
Maize,Tamil Nadu,Kharif,3796,31.55,119745.94
Rice,Punjab,Rabi,2195,21.21,46557.34
Maize,Maharashtra,Rabi,4186,25.2,105471.74
Soybean,Karnataka,Kharif,4124,33.25,137104.59
Cotton,Maharashtra,Kharif,566,34.3,19414.53
Soybean,Karnataka,Rabi,996,25.42,25319.97
Maize,Tamil Nadu,Kharif,3811,27.48,104743.7
Cotton,Karnataka,Rabi,4293,15.59,66944.48
Soybean,Punjab,Kharif,3789,26.74,101299.26
Soybean,Maharashtra,Kharif,2834,20.44,57924.98
Wheat,Karnataka,Rabi,1254,22.28,27940.03
Rice,Tamil Nadu,Rabi,4556,27.43,124954.77
Maize,Maharashtra,Kharif,2550,21.42,54608.88
Wheat,Maharashtra,Rabi,1765,22.38,39504.68
Maize,Gujarat,Rabi,932,24.83,23144.81
Cotton,Punjab,Kharif,1489,31.17,46413.23
Cotton,Gujarat,Rabi,1794,33.7,60456.35
Soybean,Karnataka,Rabi,970,17.77,17235.75
Soybean,Punjab,Rabi,2350,34.06,80047.87
Rice,Karnataka,Rabi,4194,32.15,134843.71
Wheat,Tamil Nadu,Kharif,1269,33.43,42419.78
Wheat,Gujarat,Rabi,3001,34.97,104937.6
Soybean,Punjab,Rabi,1226,28.91,35448.43
Soybean,Gujarat,Rabi,3841,24.48,94034.12
Cotton,Punjab,Rabi,1222,31.4,38373.36
Maize,Gujarat,Kharif,1205,33.02,39787.87
Rice,Tamil Nadu,Rabi,4733,21.13,100008.85
Rice,Punjab,Rabi,3609,31.07,112148.09
Maize,Gujarat,Kharif,2296,33.73,77452.71
Rice,Punjab,Rabi,1738,32.17,55903.57
Wheat,Karnataka,Rabi,774,16.9,13077.94
Soybean,Maharashtra,Kharif,4497,20.17,90721.46
Cotton,Maharashtra,Kharif,2295,30.35,69643.92
Wheat,Punjab,Rabi,1465,22.74,33311.0
Soybean,Karnataka,Kharif,2052,28.48,58431.63
Soybean,Punjab,Kharif,3039,20.1,61074.42
Maize,Punjab,Kharif,4448,17.2,76519.42
Soybean,Gujarat,Rabi,3527,32.43,114363.61
Rice,Punjab,Kharif,4051,30.55,123752.36
Wheat,Gujarat,Kharif,4350,25.31,110114.85
Cotton,Karnataka,Kharif,4683,26.98,126339.99
Cotton,Karnataka,Rabi,2651,34.4,91184.5
Wheat,Karnataka,Rabi,2013,17.22,34671.46
Wheat,Punjab,Rabi,2767,21.67,59966.81
Rice,Gujarat,Rabi,4038,16.52,66702.57
Cotton,Karnataka,Kharif,3615,20.8,75194.2
Cotton,Maharashtra,Kharif,4760,29.19,138940.58
Cotton,Gujarat,Kharif,4631,27.95,129448.72
Wheat,Gujarat,Kharif,4745,32.44,153946.89
Soybean,Gujarat,Rabi,2657,30.25,80386.41
Rice,Tamil Nadu,Rabi,4672,29.5,137802.08
Soybean,Gujarat,Kharif,4311,15.6,67263.13
Soybean,Punjab,Kharif,1637,20.65,33797.1
Cotton,Maharashtra,Kharif,802,16.22,13007.89
Rice,Maharashtra,Kharif,4532,25.36,114931.76
Cotton,Karnataka,Kharif,4873,18.13,88323.19
Cotton,Punjab,Kharif,1873,27.02,50616.09
Rice,Gujarat,Kharif,4542,31.6,143529.32
Rice,Karnataka,Kharif,2954,22.08,65225.02
Wheat,Punjab,Rabi,4658,26.21,122106.77
Soybean,Gujarat,Rabi,2038,33.94,69173.06
Soybean,Punjab,Rabi,4429,25.82,114368.97
Maize,Karnataka,Rabi,2066,16.89,34893.01
Maize,Tamil Nadu,Rabi,3080,30.11,92750.99
Maize,Karnataka,Rabi,4181,32.63,136438.17
Wheat,Maharashtra,Rabi,4407,21.34,94048.85
Wheat,Gujarat,Rabi,4074,15.05,61304.35
Cotton,Maharashtra,Kharif,1485,19.69,29239.04
Maize,Punjab,Kharif,1724,17.9,30851.43
Soybean,Maharashtra,Rabi,2210,24.21,53512.61
Cotton,Punjab,Kharif,3572,23.89,85334.06
Maize,Tamil Nadu,Rabi,2025,22.8,46161.39
Soybean,Punjab,Kharif,1691,31.06,52518.21
Rice,Tamil Nadu,Rabi,1808,30.86,55792.48
Wheat,Tamil Nadu,Kharif,1581,33.4,52807.28
Rice,Gujarat,Rabi,4616,19.85,91637.16
Soybean,Maharashtra,Kharif,3538,20.57,72786.94
Maize,Karnataka,Rabi,633,25.53,16161.81
Rice,Gujarat,Kharif,1685,23.73,39989.74
Cotton,Punjab,Kharif,3985,19.05,75914.42
Maize,Tamil Nadu,Kharif,3928,29.51,115918.27
Cotton,Gujarat,Kharif,2252,29.58,66614.25
Soybean,Punjab,Rabi,2194,23.8,52217.21
Wheat,Gujarat,Kharif,3073,33.19,102001.82
Maize,Karnataka,Rabi,3867,29.01,112198.74
Maize,Tamil Nadu,Rabi,4410,19.97,88053.22
Maize,Tamil Nadu,Rabi,4910,19.41,95322.75
Wheat,Karnataka,Rabi,1899,16.55,31437.64
Maize,Gujarat,Rabi,3557,22.08,78528.67
Rice,Punjab,Rabi,3433,15.97,54813.1
Maize,Gujarat,Kharif,2294,33.71,77326.77
Wheat,Punjab,Kharif,2976,21.29,63349.32
Rice,Gujarat,Rabi,3956,24.81,98157.64
Soybean,Karnataka,Kharif,3197,21.83,69798.27
Cotton,Maharashtra,Rabi,4947,22.19,109776.26
Rice,Tamil Nadu,Kharif,4833,27.89,134782.83
Maize,Gujarat,Kharif,3360,19.16,64384.42
Wheat,Karnataka,Kharif,2662,26.25,69887.6
Wheat,Tamil Nadu,Kharif,2487,21.18,52675.66
Soybean,Karnataka,Kharif,3659,26.17,95752.54
Rice,Maharashtra,Kharif,3404,17.24,58701.43
Wheat,Tamil Nadu,Rabi,3771,18.61,70175.1
Maize,Punjab,Rabi,4024,25.19,101354.2
Soybean,Karnataka,Kharif,692,33.68,23303.38
Maize,Maharashtra,Kharif,1188,33.02,39228.08
Wheat,Maharashtra,Kharif,3653,18.52,67659.38
Rice,Maharashtra,Rabi,955,21.27,20314.44
Rice,Gujarat,Rabi,2304,16.2,37316.8
Wheat,Karnataka,Kharif,1625,34.6,56219.26
Cotton,Punjab,Kharif,1795,20.49,36778.12
Soybean,Maharashtra,Rabi,3536,20.24,71558.26
Soybean,Gujarat,Kharif,3718,34.22,127244.38
Cotton,Karnataka,Rabi,1465,18.93,27727.73
Cotton,Maharashtra,Rabi,3860,34.27,132265.55
Rice,Karnataka,Kharif,1312,23.71,31101.14
Rice,Maharashtra,Kharif,2524,20.85,52621.04
Rice,Karnataka,Rabi,4145,27.65,114612.61
Rice,Gujarat,Kharif,2545,20.9,53192.23
Wheat,Karnataka,Rabi,3348,26.65,89238.2
Soybean,Tamil Nadu,Rabi,1056,16.25,17155.34
Maize,Karnataka,Rabi,1263,18.99,23989.2
Rice,Tamil Nadu,Kharif,1294,26.35,34090.68
Cotton,Punjab,Rabi,1446,19.63,28391.39
Rice,Maharashtra,Rabi,3697,31.45,116282.31
Rice,Maharashtra,Rabi,2260,33.8,76392.98
Soybean,Maharashtra,Kharif,3808,17.56,66866.3
Rice,Karnataka,Rabi,3596,19.81,71242.28
Cotton,Karnataka,Kharif,4715,18.19,85782.96
Wheat,Tamil Nadu,Kharif,1224,24.7,30231.35
Maize,Tamil Nadu,Kharif,553,24.95,13796.7
Maize,Karnataka,Rabi,3105,31.17,96797.24
Maize,Gujarat,Kharif,2582,31.41,81097.98
Cotton,Gujarat,Kharif,4989,24.5,122231.52
Rice,Karnataka,Rabi,2553,24.22,61837.35
Cotton,Tamil Nadu,Kharif,3502,33.96,118938.86
Rice,Punjab,Rabi,824,30.72,25311.9
Wheat,Gujarat,Kharif,646,26.42,17068.6
Maize,Maharashtra,Rabi,2508,19.91,49937.62
Wheat,Punjab,Kharif,4356,17.79,77494.2
Soybean,Gujarat,Kharif,1155,30.1,34763.66
Maize,Tamil Nadu,Kharif,1202,28.06,33725.65
Wheat,Maharashtra,Kharif,1021,30.42,31056.57
Rice,Gujarat,Rabi,3888,19.1,74266.88
Soybean,Maharashtra,Kharif,1634,28.85,47133.67
Cotton,Maharashtra,Rabi,3409,23.04,78548.45
Rice,Gujarat,Kharif,4540,27.04,122752.92
Maize,Karnataka,Rabi,3289,17.42,57292.41
Wheat,Punjab,Rabi,2481,27.88,69170.0
Soybean,Tamil Nadu,Kharif,4271,25.93,110761.29
Cotton,Gujarat,Kharif,1224,29.31,35876.1
Rice,Punjab,Rabi,4962,23.93,118735.96
Cotton,Gujarat,Rabi,3805,24.81,94389.21
Cotton,Maharashtra,Kharif,3080,24.07,74144.04
Maize,Tamil Nadu,Rabi,4304,25.78,110977.52
Soybean,Tamil Nadu,Kharif,2465,32.16,79264.14
Maize,Gujarat,Rabi,2749,15.22,41840.98
Soybean,Gujarat,Rabi,875,27.95,24455.48
Wheat,Gujarat,Rabi,2175,30.87,67149.43
Soybean,Maharashtra,Rabi,1493,21.39,31933.67
Rice,Punjab,Kharif,895,30.13,26968.8
Wheat,Karnataka,Kharif,629,34.29,21568.99
Wheat,Maharashtra,Rabi,3102,23.88,74073.82
Wheat,Punjab,Rabi,653,18.18,11874.72
Wheat,Punjab,Rabi,1708,27.43,46857.04
Cotton,Karnataka,Rabi,3729,25.72,95906.2
Wheat,Maharashtra,Kharif,810,33.52,27149.5
Rice,Tamil Nadu,Rabi,3471,18.81,65284.92
Wheat,Punjab,Rabi,2846,21.56,61361.36
Cotton,Karnataka,Rabi,1196,17.33,20724.09
Cotton,Punjab,Rabi,4009,28.28,113360.57
Rice,Tamil Nadu,Rabi,1482,32.68,48430.59
Wheat,Karnataka,Rabi,1364,18.53,25268.41
Soybean,Maharashtra,Rabi,2976,22.38,66593.44
Soybean,Tamil Nadu,Rabi,1238,22.06,27307.96
Rice,Tamil Nadu,Kharif,4960,16.1,79838.39
Cotton,Maharashtra,Rabi,3528,26.61,93872.7
Maize,Karnataka,Kharif,3103,24.94,77398.57
Maize,Karnataka,Rabi,789,26.84,21178.73
Wheat,Punjab,Rabi,1981,17.65,34965.01
Maize,Gujarat,Rabi,4854,30.67,148890.65
Wheat,Gujarat,Rabi,3255,26.79,87212.52
Rice,Karnataka,Kharif,554,20.14,11160.03
Rice,Maharashtra,Kharif,3470,23.69,82191.71
Maize,Karnataka,Rabi,1053,21.46,22599.94
Cotton,Maharashtra,Rabi,2661,33.18,88290.96
Cotton,Gujarat,Rabi,3177,26.4,83882.36
Maize,Karnataka,Kharif,2754,28.09,77351.6
Wheat,Maharashtra,Rabi,3534,34.4,121570.26
Soybean,Maharashtra,Rabi,4170,31.25,130332.75
Wheat,Tamil Nadu,Rabi,2933,28.86,84633.33
Wheat,Gujarat,Rabi,4365,27.49,119985.1
Cotton,Gujarat,Rabi,1019,24.27,24727.42
Cotton,Maharashtra,Rabi,3168,33.26,105357.77
Rice,Maharashtra,Kharif,554,26.65,14761.41
Rice,Tamil Nadu,Kharif,2789,23.5,65539.04
Wheat,Maharashtra,Rabi,3346,29.51,98740.8
Rice,Gujarat,Rabi,752,28.87,21710.82
Rice,Gujarat,Kharif,3297,30.54,100700.13
Soybean,Punjab,Rabi,4373,28.53,124776.06
Rice,Karnataka,Rabi,1955,25.29,49445.7
Maize,Gujarat,Rabi,1150,15.25,17535.37
Rice,Tamil Nadu,Rabi,3357,26.53,89046.64
Cotton,Gujarat,Kharif,3974,17.42,69235.43
Soybean,Gujarat,Rabi,2369,28.73,68064.45
Cotton,Maharashtra,Kharif,2339,16.08,37619.74
Wheat,Maharashtra,Kharif,3184,31.77,101158.55
Cotton,Punjab,Kharif,520,32.1,16694.43
Cotton,Punjab,Rabi,4012,29.06,116570.99
Wheat,Punjab,Kharif,2300,28.37,65244.59
Soybean,Maharashtra,Kharif,2043,31.01,63359.1
Cotton,Tamil Nadu,Rabi,4756,22.83,108560.8
Cotton,Maharashtra,Kharif,2441,31.58,77078.86
Soybean,Punjab,Kharif,2103,23.63,49693.32
Cotton,Maharashtra,Rabi,1869,31.05,58023.92
Cotton,Punjab,Kharif,3966,31.87,126401.91
Rice,Gujarat,Kharif,523,25.71,13446.89
Wheat,Tamil Nadu,Rabi,3040,30.04,91334.18
Cotton,Maharashtra,Rabi,2924,32.23,94233.18
Cotton,Maharashtra,Kharif,2884,27.0,77871.26
Rice,Karnataka,Rabi,1194,18.26,21798.78
Rice,Tamil Nadu,Rabi,1495,29.09,43488.92
Maize,Karnataka,Rabi,1847,21.34,39418.19
Wheat,Tamil Nadu,Kharif,4248,24.78,105254.36
Cotton,Karnataka,Rabi,4153,17.45,72487.77
Wheat,Karnataka,Kharif,4781,20.94,100097.35
Rice,Tamil Nadu,Rabi,2441,29.64,72348.1
Cotton,Gujarat,Kharif,4579,21.02,96242.74
Maize,Maharashtra,Kharif,2459,22.46,55220.21
Rice,Punjab,Kharif,3474,28.28,98235.54
Soybean,Punjab,Rabi,3482,32.64,113665.75
Rice,Karnataka,Kharif,2243,15.6,34987.82
Soybean,Karnataka,Rabi,4348,17.14,74534.26
Maize,Punjab,Rabi,2816,33.2,93482.58
Soybean,Karnataka,Rabi,4705,19.83,93286.37
Rice,Punjab,Kharif,3952,26.83,106024.13
Maize,Gujarat,Rabi,739,33.77,24956.2
Wheat,Karnataka,Kharif,1901,27.45,52182.44
Wheat,Gujarat,Rabi,1455,33.48,48706.59
Maize,Maharashtra,Kharif,2606,29.27,76279.47
Wheat,Karnataka,Kharif,1697,31.3,53111.28
Cotton,Maharashtra,Rabi,585,23.43,13708.72
Cotton,Karnataka,Kharif,2782,33.48,93129.78
Soybean,Gujarat,Kharif,4266,15.9,67822.68
Rice,Punjab,Rabi,4115,22.12,91037.98
Rice,Punjab,Rabi,3006,15.16,45566.11
Maize,Tamil Nadu,Rabi,967,26.76,25872.57
Cotton,Punjab,Rabi,1054,19.8,20868.83
Rice,Tamil Nadu,Rabi,4602,31.18,143494.68
Maize,Tamil Nadu,Kharif,1854,25.71,47662.16
Soybean,Punjab,Rabi,2001,28.99,58010.54
Soybean,Punjab,Rabi,1182,26.36,31162.34
Rice,Punjab,Kharif,3583,32.11,115060.31
Soybean,Punjab,Rabi,723,25.89,18719.69
Wheat,Gujarat,Rabi,2851,31.13,88758.58
Rice,Gujarat,Kharif,2866,17.87,51209.51
Cotton,Punjab,Rabi,1646,32.82,54024.39
Rice,Punjab,Rabi,2693,17.98,48418.37
Wheat,Maharashtra,Kharif,1851,18.48,34206.39
Cotton,Karnataka,Kharif,526,17.22,9059.93
Maize,Punjab,Rabi,3592,20.39,73250.1
Rice,Karnataka,Kharif,680,17.92,12183.97
Maize,Maharashtra,Kharif,4446,27.81,123642.11
Soybean,Tamil Nadu,Rabi,4368,15.45,67470.67
Maize,Gujarat,Rabi,1614,27.68,44680.71
Rice,Maharashtra,Rabi,1757,32.96,57906.16
Rice,Karnataka,Rabi,2408,20.21,48659.57
Cotton,Maharashtra,Kharif,1591,22.4,35646.11
Rice,Karnataka,Kharif,947,33.26,31501.48
Wheat,Punjab,Kharif,2210,19.83,43820.57
Cotton,Maharashtra,Rabi,3347,17.34,58053.53
Cotton,Gujarat,Kharif,4533,20.41,92534.53
Cotton,Gujarat,Kharif,4600,27.3,125596.02
Rice,Karnataka,Kharif,4521,28.84,130396.35
Cotton,Tamil Nadu,Rabi,671,29.64,19886.48
Maize,Maharashtra,Rabi,1090,16.51,17998.34
Wheat,Tamil Nadu,Kharif,2514,32.0,80442.26
Soybean,Maharashtra,Kharif,1642,30.69,50387.25
Soybean,Punjab,Kharif,3840,21.29,81741.52
Wheat,Punjab,Kharif,1962,15.9,31199.41
Soybean,Maharashtra,Rabi,3611,32.55,117554.27
Cotton,Punjab,Rabi,3338,25.23,84212.7
Maize,Gujarat,Rabi,2861,17.67,50556.71
Wheat,Maharashtra,Kharif,1085,27.89,30257.11
Maize,Karnataka,Rabi,3634,30.17,109635.3
Cotton,Punjab,Rabi,4081,21.08,86015.5
Rice,Maharashtra,Kharif,1143,32.48,37123.4
Maize,Maharashtra,Rabi,502,24.47,12282.74
Soybean,Punjab,Rabi,2703,29.38,79407.51
Wheat,Tamil Nadu,Rabi,4219,16.12,68022.83
Wheat,Gujarat,Kharif,1152,24.06,27713.77
Maize,Karnataka,Rabi,1714,20.47,35087.57
Rice,Tamil Nadu,Kharif,2078,17.41,36182.89
Maize,Gujarat,Kharif,2447,17.66,43210.67
Cotton,Karnataka,Kharif,4269,25.88,110464.21
Soybean,Punjab,Rabi,3325,19.34,64293.56
Soybean,Gujarat,Kharif,3939,16.31,64261.12
Soybean,Karnataka,Kharif,2533,30.75,77883.33
Cotton,Karnataka,Kharif,4800,17.37,83391.38
Maize,Gujarat,Rabi,2186,23.08,50450.84
Rice,Tamil Nadu,Kharif,1467,19.25,28241.84
Rice,Punjab,Kharif,3171,26.86,85171.9
Rice,Punjab,Kharif,1428,25.08,35820.03
Rice,Karnataka,Kharif,3890,28.18,109605.94
Rice,Punjab,Rabi,2116,33.3,70472.97
Soybean,Karnataka,Rabi,3957,22.61,89470.74
Soybean,Punjab,Rabi,1767,31.29,55297.32
Rice,Gujarat,Kharif,1234,24.15,29806.05
Cotton,Tamil Nadu,Rabi,3641,19.38,70577.63
Cotton,Tamil Nadu,Kharif,4873,23.83,116139.57
Wheat,Maharashtra,Rabi,2018,18.94,38214.13
Soybean,Punjab,Kharif,3274,27.0,88412.41
Maize,Karnataka,Kharif,4689,18.25,85557.35
Soybean,Karnataka,Kharif,3049,32.87,100207.22
Cotton,Maharashtra,Rabi,2270,34.49,78290.6
Soybean,Gujarat,Kharif,654,23.79,15558.1
Wheat,Maharashtra,Kharif,2737,21.2,58035.78
Soybean,Tamil Nadu,Rabi,621,33.54,20830.26
Rice,Punjab,Kharif,4710,18.03,84917.04
Rice,Karnataka,Rabi,4379,20.95,91757.53
Maize,Maharashtra,Kharif,3110,15.26,47461.74
Rice,Gujarat,Kharif,1337,34.88,46633.96
Maize,Punjab,Rabi,2107,17.61,37113.85
Wheat,Tamil Nadu,Rabi,3737,24.28,90747.11
Soybean,Maharashtra,Rabi,2308,24.95,57588.6
Wheat,Tamil Nadu,Kharif,3835,32.82,125848.71
Maize,Punjab,Rabi,706,17.47,12336.43
Maize,Karnataka,Rabi,3375,19.87,67048.44
Rice,Gujarat,Rabi,1344,15.72,21128.57
Wheat,Maharashtra,Rabi,904,15.15,13695.12
Wheat,Karnataka,Rabi,3269,17.79,58168.01
Soybean,Punjab,Rabi,3812,29.64,113003.83
Soybean,Punjab,Rabi,4119,20.66,85112.14
Soybean,Punjab,Kharif,4133,17.18,70996.53
Cotton,Maharashtra,Kharif,1591,27.24,43332.39
Wheat,Tamil Nadu,Rabi,2872,33.72,96857.29
Maize,Gujarat,Kharif,858,28.69,24615.93
Wheat,Maharashtra,Rabi,2300,24.43,56183.94
Maize,Karnataka,Rabi,4999,29.58,147870.96
Cotton,Karnataka,Kharif,3117,34.81,108509.45
Rice,Karnataka,Rabi,3924,17.77,69743.13
Soybean,Gujarat,Rabi,4605,26.03,119880.89
Wheat,Gujarat,Rabi,2731,29.71,81125.89
Rice,Maharashtra,Rabi,1829,23.73,43410.63
Soybean,Tamil Nadu,Rabi,2715,33.3,90408.74
Maize,Karnataka,Rabi,3318,27.96,92778.57
Soybean,Maharashtra,Kharif,2526,31.38,79272.78
Soybean,Gujarat,Kharif,2357,19.66,46327.53
Rice,Punjab,Rabi,1519,32.7,49664.47
Cotton,Punjab,Rabi,1935,20.58,39814.16
Rice,Maharashtra,Rabi,3591,24.41,87654.15
Cotton,Karnataka,Rabi,2794,28.99,81003.51
Maize,Gujarat,Kharif,1711,30.7,52523.61
Cotton,Maharashtra,Rabi,1323,29.81,39440.49
Soybean,Karnataka,Rabi,3135,23.5,73666.56
Soybean,Maharashtra,Kharif,2318,28.32,65653.2
Rice,Tamil Nadu,Rabi,811,23.18,18798.11
Soybean,Tamil Nadu,Rabi,3310,28.86,95517.74
Wheat,Gujarat,Kharif,615,16.05,9869.32
Maize,Gujarat,Kharif,2642,24.51,64759.54
Wheat,Gujarat,Rabi,2613,27.91,72932.7
Wheat,Maharashtra,Rabi,2857,15.2,43413.31
Maize,Punjab,Kharif,4088,24.91,101813.53
Cotton,Gujarat,Kharif,4081,18.22,74357.96
Cotton,Gujarat,Kharif,3945,27.59,108829.11
Wheat,Maharashtra,Kharif,2782,25.88,71989.32
Cotton,Gujarat,Kharif,2252,21.19,47717.01
Cotton,Maharashtra,Rabi,4475,18.12,81074.88
Soybean,Gujarat,Kharif,1302,26.5,34499.8
Wheat,Punjab,Kharif,1976,31.84,62922.5
Wheat,Karnataka,Rabi,4415,24.28,107191.31
Rice,Tamil Nadu,Kharif,1451,17.78,25805.18
Soybean,Punjab,Rabi,1371,31.18,42745.97
Wheat,Maharashtra,Rabi,3080,28.03,86334.32
Rice,Maharashtra,Rabi,3217,30.82,99138.4
Maize,Gujarat,Rabi,3062,21.42,65583.04
Rice,Tamil Nadu,Kharif,991,22.47,22272.6
Maize,Maharashtra,Rabi,1900,16.71,31752.92
Wheat,Gujarat,Rabi,4537,28.16,127774.97
Rice,Tamil Nadu,Rabi,3863,15.3,59109.7
Rice,Tamil Nadu,Rabi,1848,21.82,40330.33
Wheat,Maharashtra,Kharif,2047,32.09,65678.33
Wheat,Punjab,Kharif,4388,20.66,90664.16
Cotton,Gujarat,Kharif,2071,29.1,60269.68
Cotton,Gujarat,Kharif,965,21.02,20282.54
Maize,Tamil Nadu,Kharif,3388,21.37,72400.53
Wheat,Karnataka,Kharif,675,33.27,22459.59
Maize,Punjab,Rabi,4982,28.49,141954.58
Wheat,Gujarat,Kharif,2594,26.09,67689.35
Wheat,Punjab,Kharif,4627,16.07,74347.07
Rice,Tamil Nadu,Rabi,1266,28.79,36444.33
Wheat,Tamil Nadu,Rabi,2745,20.33,55798.08
Wheat,Maharashtra,Rabi,4023,29.06,116899.19
Rice,Maharashtra,Rabi,4859,20.5,99613.89
Wheat,Gujarat,Kharif,1363,21.96,29933.35
Wheat,Karnataka,Kharif,3595,29.14,104743.98
Soybean,Gujarat,Rabi,2974,15.45,45952.0
Wheat,Punjab,Rabi,2104,19.96,41994.1
Wheat,Maharashtra,Kharif,818,28.63,23419.13
Cotton,Tamil Nadu,Kharif,1433,16.97,24317.89
Maize,Karnataka,Rabi,3817,31.57,120514.37
Rice,Maharashtra,Kharif,1680,33.93,56997.41
Soybean,Karnataka,Rabi,3344,28.38,94890.88
Rice,Karnataka,Rabi,4914,27.41,134699.56
Cotton,Punjab,Rabi,1821,28.59,52069.46
Cotton,Gujarat,Kharif,2511,28.35,71187.16
Cotton,Karnataka,Kharif,4309,16.02,69028.92
Wheat,Punjab,Kharif,1702,21.02,35771.63
Soybean,Tamil Nadu,Kharif,1320,24.63,32512.07
Wheat,Punjab,Rabi,3927,31.28,122819.52
Cotton,Tamil Nadu,Kharif,1345,29.77,40043.43
Maize,Tamil Nadu,Kharif,958,28.07,26895.76
Maize,Gujarat,Rabi,1940,26.41,51237.04
Wheat,Punjab,Rabi,1908,15.26,29110.12
Maize,Gujarat,Rabi,4900,16.13,79028.92
Cotton,Karnataka,Kharif,2444,23.55,57557.67
Maize,Karnataka,Kharif,4157,20.41,84857.11
Soybean,Punjab,Rabi,1348,34.75,46849.63
Cotton,Gujarat,Kharif,4168,24.12,100518.14
Maize,Karnataka,Kharif,4399,27.56,121247.32
Rice,Punjab,Rabi,1314,15.99,21016.34
Rice,Karnataka,Kharif,4232,19.4,82101.43
Soybean,Maharashtra,Kharif,3211,33.84,108669.13
Maize,Maharashtra,Kharif,3113,20.8,64750.39
Maize,Gujarat,Rabi,4520,32.74,147977.07
Rice,Karnataka,Kharif,500,29.28,14640.59
Wheat,Tamil Nadu,Rabi,2603,17.16,44658.6
Cotton,Punjab,Kharif,4397,34.36,151090.91
Cotton,Tamil Nadu,Rabi,4800,28.21,135393.12
Wheat,Karnataka,Rabi,1551,24.29,37681.04
Maize,Karnataka,Kharif,4588,15.92,73051.46
Wheat,Punjab,Kharif,1710,31.01,53021.59
Soybean,Gujarat,Rabi,4803,20.33,97657.14
Soybean,Gujarat,Kharif,4191,17.64,73934.4
Rice,Tamil Nadu,Kharif,3104,23.31,72340.12
Soybean,Karnataka,Kharif,4246,26.83,113913.8
Soybean,Karnataka,Kharif,1996,32.55,64965.18
Rice,Tamil Nadu,Kharif,2436,30.69,74771.08
Maize,Tamil Nadu,Rabi,2625,21.95,57621.95
Cotton,Gujarat,Rabi,1494,15.01,22419.51
Maize,Karnataka,Kharif,1124,31.08,34939.46
Wheat,Gujarat,Rabi,2325,20.26,47099.85
Maize,Tamil Nadu,Rabi,1718,33.58,57686.73
Wheat,Tamil Nadu,Kharif,4440,32.64,144929.05
Maize,Gujarat,Rabi,4143,18.86,78128.9
Wheat,Tamil Nadu,Kharif,2012,34.68,69786.19
Maize,Punjab,Kharif,2385,18.84,44922.07
Soybean,Gujarat,Kharif,2517,19.34,48674.48
Rice,Karnataka,Rabi,4326,30.34,131237.93
Cotton,Karnataka,Rabi,2316,24.56,56887.4
Maize,Punjab,Rabi,1063,26.74,28424.06
Wheat,Punjab,Rabi,814,29.65,24138.13
Rice,Punjab,Rabi,4993,19.61,97922.34
Soybean,Maharashtra,Kharif,1549,29.48,45668.67
Cotton,Karnataka,Rabi,2289,21.7,49665.05
Cotton,Punjab,Rabi,2481,22.46,55722.12
Wheat,Punjab,Rabi,3884,32.49,126197.58
Wheat,Gujarat,Rabi,3944,19.6,77306.12
Rice,Tamil Nadu,Rabi,3163,29.46,93179.47
Rice,Karnataka,Kharif,3120,30.68,95719.69
Soybean,Tamil Nadu,Rabi,3249,23.28,75645.57
Maize,Maharashtra,Kharif,2842,33.83,96153.76
Maize,Karnataka,Rabi,3644,27.79,101271.86
Maize,Tamil Nadu,Rabi,3618,17.39,62914.53
Soybean,Maharashtra,Kharif,2516,18.99,47781.63
Maize,Punjab,Rabi,1986,25.45,50544.83
Cotton,Punjab,Kharif,752,16.07,12087.24
Rice,Tamil Nadu,Rabi,684,20.68,14144.49
Maize,Punjab,Rabi,3241,33.37,108154.02
Rice,Tamil Nadu,Rabi,680,29.72,20209.01
Rice,Tamil Nadu,Kharif,4573,19.69,90032.49
Wheat,Punjab,Kharif,1733,30.46,52790.02
Soybean,Karnataka,Kharif,4060,28.07,113958.28
Wheat,Gujarat,Rabi,4756,20.2,96049.43
Soybean,Tamil Nadu,Rabi,2646,26.09,69043.41
Rice,Karnataka,Rabi,2584,33.67,87013.7
Wheat,Tamil Nadu,Kharif,1568,28.82,45189.23
Cotton,Tamil Nadu,Rabi,3557,25.84,91919.56
Soybean,Tamil Nadu,Rabi,4052,17.8,72138.61
Wheat,Tamil Nadu,Kharif,3212,26.49,85073.59
Soybean,Maharashtra,Rabi,1732,25.72,44554.07
Maize,Maharashtra,Rabi,1741,27.82,48428.29
Cotton,Maharashtra,Rabi,1927,27.45,52896.7
Soybean,Maharashtra,Kharif,3165,34.56,109381.28
Wheat,Maharashtra,Kharif,1592,24.77,39431.16
Rice,Karnataka,Rabi,4798,18.97,91012.86
Cotton,Tamil Nadu,Rabi,3326,22.86,76030.68
Rice,Punjab,Rabi,987,20.93,20657.86
Soybean,Punjab,Kharif,2250,30.43,68475.48
Cotton,Gujarat,Kharif,1526,18.5,28226.39
Cotton,Maharashtra,Kharif,1803,26.59,47949.76
Rice,Punjab,Rabi,2196,24.0,52698.29
Rice,Punjab,Kharif,4376,24.19,105845.81
Rice,Gujarat,Kharif,2658,34.6,91966.36
Maize,Gujarat,Rabi,3076,17.86,54925.08
Maize,Punjab,Rabi,2554,17.6,44952.4
Wheat,Maharashtra,Kharif,1864,31.75,59184.63
Maize,Maharashtra,Kharif,4286,26.12,111953.48
Rice,Punjab,Kharif,2301,15.21,35008.78
Cotton,Gujarat,Kharif,3043,21.27,64730.93
Maize,Maharashtra,Kharif,3997,22.07,88229.42
Wheat,Karnataka,Rabi,3335,19.01,63393.49
Maize,Punjab,Kharif,1470,20.34,29896.44
Cotton,Punjab,Rabi,3617,33.1,119714.03
Wheat,Maharashtra,Kharif,2279,19.57,44611.13
Wheat,Gujarat,Rabi,638,28.39,18110.93
Rice,Punjab,Rabi,3294,26.01,85674.28
Cotton,Gujarat,Rabi,2358,30.45,71810.11
Soybean,Gujarat,Rabi,4357,33.01,143845.71
Maize,Gujarat,Kharif,4106,15.12,62066.71
Wheat,Punjab,Kharif,3470,29.32,101733.36
Soybean,Tamil Nadu,Rabi,1376,30.66,42181.65
Soybean,Maharashtra,Rabi,4668,33.31,155502.75
Maize,Maharashtra,Kharif,2510,21.13,53033.5
Wheat,Karnataka,Rabi,2783,30.53,84954.35
Soybean,Karnataka,Kharif,2249,29.04,65314.29
Wheat,Karnataka,Kharif,2595,17.14,44469.42
Wheat,Gujarat,Kharif,3762,17.17,64588.64
Cotton,Karnataka,Rabi,3320,31.96,106116.39
Rice,Maharashtra,Rabi,3793,26.26,99585.29
Maize,Karnataka,Kharif,1579,29.16,46046.5
Wheat,Punjab,Kharif,1071,21.1,22603.27
Wheat,Tamil Nadu,Rabi,3530,28.7,101318.67
Soybean,Punjab,Kharif,4866,34.98,170212.27
Maize,Punjab,Rabi,846,28.39,24021.66
Wheat,Punjab,Kharif,3313,20.53,68023.56
Wheat,Punjab,Rabi,3052,32.2,98285.05
Cotton,Karnataka,Kharif,1574,19.2,30213.62
Cotton,Karnataka,Rabi,2040,30.14,61478.97
Wheat,Maharashtra,Rabi,3195,19.38,61922.96
Rice,Punjab,Rabi,1430,34.46,49284.32
Cotton,Tamil Nadu,Rabi,4869,33.78,164498.39
Cotton,Punjab,Kharif,3697,18.53,68523.38
Cotton,Tamil Nadu,Kharif,3738,18.75,70094.99
Cotton,Punjab,Rabi,892,28.1,25064.0
Cotton,Karnataka,Rabi,4583,31.16,142807.5
Soybean,Maharashtra,Kharif,3566,15.46,55143.45
Rice,Tamil Nadu,Kharif,1474,29.65,43704.28
Soybean,Gujarat,Rabi,2841,17.69,50261.68
Soybean,Punjab,Rabi,749,27.36,20493.28
Wheat,Maharashtra,Kharif,1448,32.43,46956.01
Soybean,Tamil Nadu,Rabi,1825,16.1,29385.17
Maize,Maharashtra,Kharif,3995,28.06,112112.7
Maize,Gujarat,Rabi,3852,22.45,86488.87
Soybean,Maharashtra,Rabi,4665,15.38,71765.28
Cotton,Punjab,Kharif,4684,15.23,71330.18
Soybean,Maharashtra,Kharif,1025,23.8,24392.7
Rice,Karnataka,Rabi,1800,29.29,52726.34
Cotton,Maharashtra,Kharif,1178,33.91,39951.48
Wheat,Gujarat,Kharif,4392,21.42,94075.2
Wheat,Tamil Nadu,Kharif,3232,26.61,85994.1
Soybean,Tamil Nadu,Rabi,1664,34.79,57883.2
Cotton,Maharashtra,Kharif,645,21.4,13801.37
Maize,Karnataka,Kharif,3961,27.41,108562.69
Soybean,Punjab,Rabi,2760,26.62,73475.3
Maize,Gujarat,Kharif,4543,18.51,84112.39
Rice,Karnataka,Kharif,4322,17.81,76987.95
Soybean,Tamil Nadu,Kharif,2902,34.12,99029.52
Soybean,Karnataka,Rabi,930,26.08,24254.56
Rice,Punjab,Kharif,4306,26.23,112943.2
Cotton,Gujarat,Rabi,2995,21.28,63724.63
Wheat,Gujarat,Rabi,3188,15.0,47832.5
Wheat,Tamil Nadu,Rabi,1854,23.83,44174.58
Cotton,Karnataka,Rabi,3222,24.77,79803.78
Maize,Karnataka,Kharif,1757,21.48,37739.43
Cotton,Maharashtra,Rabi,4148,28.4,117794.07
Rice,Punjab,Kharif,2062,20.11,41474.44
Wheat,Gujarat,Kharif,2926,28.56,83570.26
Maize,Punjab,Kharif,1839,34.54,63515.07
Cotton,Punjab,Rabi,923,16.7,15412.72
Cotton,Maharashtra,Rabi,1830,28.32,51829.75
Rice,Punjab,Rabi,3744,34.03,127403.68
Wheat,Maharashtra,Rabi,2795,30.58,85483.56
Rice,Maharashtra,Rabi,3534,32.59,115186.25
Maize,Punjab,Kharif,2052,31.57,64779.79
Cotton,Maharashtra,Kharif,1062,27.5,29199.78
Soybean,Karnataka,Kharif,3504,34.93,122398.61
Rice,Karnataka,Kharif,4156,18.75,77941.13
Maize,Punjab,Kharif,901,25.97,23400.84
Wheat,Maharashtra,Kharif,649,21.42,13904.62
Rice,Gujarat,Kharif,2238,21.79,48757.12
Maize,Tamil Nadu,Rabi,3894,24.1,93848.32
Cotton,Punjab,Rabi,3563,23.57,83982.47
Cotton,Karnataka,Rabi,4662,26.16,121973.33
Wheat,Maharashtra,Kharif,4223,24.88,105063.86
Cotton,Maharashtra,Rabi,2317,33.71,78109.66
Cotton,Punjab,Rabi,3329,23.5,78223.14
Soybean,Karnataka,Kharif,2076,18.07,37509.08
Wheat,Tamil Nadu,Rabi,4305,25.52,109869.67
Rice,Karnataka,Rabi,2213,18.42,40754.41
Wheat,Tamil Nadu,Kharif,2091,30.96,64730.96
Rice,Punjab,Rabi,3992,15.86,63325.83
Rice,Maharashtra,Rabi,2514,22.45,56436.69
Rice,Gujarat,Rabi,1033,32.67,33743.98
Cotton,Karnataka,Kharif,3023,21.99,66478.56
Wheat,Karnataka,Kharif,1816,20.82,37813.12
Wheat,Tamil Nadu,Rabi,1772,25.85,45808.01
Wheat,Karnataka,Rabi,1034,20.45,21141.62
Cotton,Maharashtra,Kharif,2386,17.15,40929.65
Maize,Maharashtra,Rabi,4867,16.42,79934.18
Maize,Gujarat,Rabi,4292,32.75,140558.64
Maize,Punjab,Kharif,2687,16.68,44807.25
Cotton,Karnataka,Rabi,1504,27.95,42038.4
Rice,Gujarat,Rabi,3261,32.93,107373.59
Maize,Maharashtra,Kharif,4552,34.23,155832.06
Cotton,Punjab,Rabi,2147,24.96,53592.88
Soybean,Tamil Nadu,Kharif,4656,29.99,139623.07
Rice,Punjab,Rabi,549,23.03,12645.62
Maize,Punjab,Kharif,1291,31.51,40677.82
Soybean,Karnataka,Rabi,1536,15.69,24095.71
Wheat,Karnataka,Rabi,767,24.57,18845.18
Rice,Maharashtra,Rabi,3406,17.97,61210.54
Rice,Punjab,Rabi,946,26.79,25340.12
Maize,Tamil Nadu,Rabi,3965,19.18,76045.51
Rice,Punjab,Kharif,2040,24.29,49559.28
Cotton,Tamil Nadu,Rabi,1365,16.11,21986.35
Soybean,Punjab,Rabi,1675,31.69,53087.61
Soybean,Gujarat,Rabi,4298,27.31,117393.01
Wheat,Tamil Nadu,Kharif,1717,20.54,35261.5
Cotton,Punjab,Rabi,3092,30.3,93696.15
Wheat,Gujarat,Rabi,2911,18.51,53869.48
Maize,Karnataka,Rabi,1011,22.68,22927.64
Maize,Gujarat,Rabi,4655,25.27,117633.84
Wheat,Punjab,Rabi,2072,25.7,53250.1
Maize,Punjab,Rabi,574,25.04,14375.7
Cotton,Maharashtra,Kharif,2781,20.04,55724.34
Soybean,Punjab,Kharif,1646,24.0,39497.21
Soybean,Karnataka,Rabi,3874,34.83,134916.82
Wheat,Gujarat,Rabi,987,30.69,30295.54
Maize,Karnataka,Kharif,4201,25.55,107340.13
Cotton,Tamil Nadu,Kharif,2908,24.06,69962.79
Rice,Maharashtra,Rabi,3822,25.43,97202.81
Soybean,Punjab,Rabi,4644,25.28,117409.67
Rice,Karnataka,Rabi,975,31.02,30244.1
Soybean,Punjab,Kharif,4330,28.76,124544.21
Maize,Maharashtra,Rabi,2439,17.56,42822.49
Cotton,Tamil Nadu,Rabi,969,23.0,22286.02
Cotton,Tamil Nadu,Kharif,3160,32.44,102515.06
Cotton,Gujarat,Rabi,4483,16.84,75489.42
Maize,Punjab,Rabi,3201,23.35,74749.39
Soybean,Tamil Nadu,Rabi,2580,19.29,49777.02
Rice,Punjab,Rabi,3081,26.46,81509.2
Rice,Tamil Nadu,Rabi,3952,21.45,84763.99
Maize,Gujarat,Kharif,4877,15.94,77761.96
Soybean,Karnataka,Rabi,1465,27.87,40833.08
Wheat,Karnataka,Rabi,906,16.56,15003.75
Cotton,Gujarat,Kharif,4590,16.23,74483.67
Wheat,Punjab,Rabi,2984,22.51,67174.2
Cotton,Gujarat,Kharif,2036,29.19,59438.52
Maize,Karnataka,Rabi,3629,16.15,58612.62
Cotton,Gujarat,Kharif,1387,33.12,45934.3
Soybean,Gujarat,Rabi,4786,27.6,132100.81
Rice,Punjab,Kharif,616,25.86,15927.59
Wheat,Tamil Nadu,Kharif,4026,16.45,66215.25
Soybean,Tamil Nadu,Rabi,2116,21.18,44825.51
Cotton,Punjab,Kharif,2097,22.41,46998.2
Wheat,Punjab,Kharif,1115,15.5,17287.5
Rice,Karnataka,Rabi,1006,30.92,31106.09
Maize,Gujarat,Kharif,2470,28.29,69867.7
Cotton,Tamil Nadu,Kharif,1703,17.74,30217.67
Rice,Punjab,Rabi,4916,18.67,91787.19
Soybean,Punjab,Rabi,4451,33.25,147993.92
Maize,Gujarat,Kharif,2098,23.83,49994.81
Soybean,Maharashtra,Rabi,3676,18.66,68611.99
Soybean,Karnataka,Kharif,3640,34.86,126874.3
Rice,Maharashtra,Rabi,1609,18.62,29961.47
Cotton,Gujarat,Rabi,1698,16.59,28175.73
Cotton,Maharashtra,Rabi,3348,32.16,107659.36
Cotton,Tamil Nadu,Rabi,4272,27.62,117977.64
Soybean,Gujarat,Rabi,4247,31.52,133846.53
Wheat,Punjab,Kharif,4613,33.38,153979.31
Cotton,Karnataka,Rabi,3795,19.46,73867.2
Wheat,Gujarat,Kharif,1591,30.0,47725.06
Rice,Tamil Nadu,Rabi,1790,16.82,30115.21
Rice,Karnataka,Kharif,1975,34.37,67882.35
Cotton,Tamil Nadu,Rabi,4886,32.16,157140.75
Wheat,Tamil Nadu,Kharif,1937,28.13,54496.33
Wheat,Karnataka,Rabi,2172,31.36,68110.67
Cotton,Gujarat,Kharif,1411,32.38,45687.2
Cotton,Gujarat,Kharif,2058,15.62,32154.54
Rice,Gujarat,Rabi,4828,29.28,141349.51
Rice,Gujarat,Kharif,3626,20.5,74331.02
Rice,Gujarat,Kharif,733,16.72,12252.95
Rice,Tamil Nadu,Kharif,2950,19.15,56490.4
Maize,Tamil Nadu,Rabi,2833,23.57,66787.61
Maize,Karnataka,Rabi,3045,18.71,56973.09
Maize,Punjab,Kharif,507,24.76,12553.82
Wheat,Karnataka,Rabi,1618,22.21,35932.11
Wheat,Maharashtra,Rabi,603,24.54,14794.91
Rice,Maharashtra,Rabi,2345,27.41,64283.01
Maize,Gujarat,Rabi,1118,24.84,27768.42
Wheat,Karnataka,Rabi,3346,27.09,90652.12
Soybean,Tamil Nadu,Kharif,1087,31.79,34552.23
Cotton,Tamil Nadu,Kharif,4688,19.49,91350.04
Rice,Punjab,Rabi,4854,22.01,106813.61
Maize,Maharashtra,Rabi,2678,31.26,83708.51
Maize,Punjab,Rabi,4921,16.39,80679.57
Maize,Karnataka,Rabi,1123,24.43,27432.9
Maize,Gujarat,Rabi,2406,29.53,71043.46
Rice,Punjab,Rabi,1587,19.22,30497.46
Maize,Punjab,Kharif,3939,18.78,73991.8
Maize,Maharashtra,Kharif,3393,24.72,83862.35
Soybean,Gujarat,Rabi,4527,27.66,125234.47
Soybean,Karnataka,Kharif,915,33.55,30702.22
Maize,Gujarat,Rabi,1052,24.47,25741.32
Maize,Maharashtra,Rabi,3530,23.72,83740.51
Wheat,Gujarat,Kharif,1577,31.54,49736.08
Rice,Maharashtra,Kharif,4606,30.33,139720.61
Maize,Maharashtra,Kharif,4982,23.19,115533.01
Cotton,Punjab,Kharif,1900,29.36,55786.24
Rice,Karnataka,Rabi,1518,18.64,28290.39
Rice,Tamil Nadu,Kharif,1510,15.53,23453.11
Soybean,Karnataka,Rabi,516,17.5,9032.09
Soybean,Punjab,Rabi,4037,31.76,128218.65
Maize,Tamil Nadu,Rabi,741,15.68,11616.92
Wheat,Gujarat,Rabi,2043,32.79,66985.98
Rice,Karnataka,Rabi,1511,31.04,46906.13
Soybean,Gujarat,Rabi,2935,29.73,87271.67
Cotton,Gujarat,Kharif,4103,23.14,94939.7
Rice,Maharashtra,Kharif,3496,19.22,67207.53
Cotton,Tamil Nadu,Rabi,2681,34.45,92364.71
Maize,Tamil Nadu,Kharif,3727,29.41,109621.29
Rice,Gujarat,Rabi,4223,20.55,86770.07
Rice,Maharashtra,Rabi,1327,30.76,40815.95
Wheat,Gujarat,Kharif,1950,26.82,52297.38
Maize,Tamil Nadu,Rabi,4790,30.2,144679.95
Cotton,Punjab,Rabi,1010,23.72,23958.47
Wheat,Punjab,Rabi,988,20.58,20332.33
Maize,Tamil Nadu,Rabi,3888,32.77,127423.5
Maize,Tamil Nadu,Kharif,3924,19.08,74867.05
Cotton,Maharashtra,Kharif,4907,16.2,79507.2
Rice,Tamil Nadu,Rabi,4132,31.61,130620.18
Maize,Maharashtra,Rabi,1258,16.87,21228.59
Wheat,Punjab,Rabi,2634,26.9,70844.5
Wheat,Punjab,Rabi,3617,16.76,60623.9
Wheat,Karnataka,Kharif,3103,25.43,78910.15
Wheat,Maharashtra,Rabi,1059,19.91,21081.97
Wheat,Gujarat,Rabi,1946,20.91,40697.22
Cotton,Tamil Nadu,Kharif,1671,18.81,31426.11
Maize,Punjab,Kharif,4119,21.15,87135.15
Soybean,Maharashtra,Kharif,1454,17.48,25413.4
Wheat,Maharashtra,Rabi,2641,33.02,87216.64
Wheat,Karnataka,Rabi,2579,25.2,64979.68
Cotton,Punjab,Rabi,3654,31.81,116239.4
Soybean,Tamil Nadu,Rabi,1941,28.0,54353.87
Rice,Karnataka,Kharif,2214,32.97,72990.46
Wheat,Tamil Nadu,Kharif,3164,26.18,82842.34
Wheat,Maharashtra,Kharif,2912,30.51,88836.13
Rice,Punjab,Kharif,1469,21.15,31062.02
Maize,Maharashtra,Rabi,941,27.58,25953.61
Maize,Karnataka,Rabi,4012,22.87,91773.57
Soybean,Gujarat,Kharif,4684,27.03,126619.26
Maize,Punjab,Kharif,1042,19.37,20184.74
Soybean,Gujarat,Kharif,3302,30.54,100840.63
Cotton,Karnataka,Kharif,3828,16.18,61949.56
Soybean,Maharashtra,Kharif,4478,17.18,76954.16
Wheat,Maharashtra,Rabi,1686,20.33,34276.01
Soybean,Karnataka,Rabi,1456,15.11,22005.7
Soybean,Tamil Nadu,Rabi,3869,19.5,75456.16
Maize,Maharashtra,Kharif,2821,31.84,89822.52
Wheat,Gujarat,Kharif,3629,19.1,69318.9
Soybean,Maharashtra,Kharif,3845,18.19,69933.81
Maize,Maharashtra,Kharif,2765,19.5,53921.58
Soybean,Tamil Nadu,Kharif,698,26.47,18473.55
Soybean,Punjab,Kharif,4196,25.46,106827.45
Soybean,Karnataka,Kharif,2936,34.73,101970.97
Soybean,Gujarat,Kharif,4338,26.45,114737.2
Soybean,Karnataka,Kharif,927,18.93,17545.7
Cotton,Tamil Nadu,Rabi,1104,26.49,29249.65
Rice,Gujarat,Rabi,679,19.6,13307.75
Maize,Karnataka,Kharif,1463,31.77,46477.66
Cotton,Maharashtra,Rabi,2829,24.91,70464.74
Rice,Karnataka,Rabi,3658,15.88,58072.57
Cotton,Karnataka,Rabi,2924,33.17,96976.9
Rice,Gujarat,Kharif,3742,25.24,94438.62
Rice,Karnataka,Rabi,4392,18.94,83180.35
Wheat,Karnataka,Kharif,1173,26.8,31439.01
Maize,Tamil Nadu,Rabi,1634,28.86,47160.3
Soybean,Punjab,Kharif,3700,20.82,77026.58
Maize,Punjab,Rabi,3366,28.72,96667.1
Maize,Tamil Nadu,Kharif,2223,28.1,62472.34
Soybean,Maharashtra,Rabi,4152,30.6,127052.7
Cotton,Karnataka,Kharif,3031,26.58,80551.92
Rice,Karnataka,Rabi,2979,30.86,91927.43
Soybean,Maharashtra,Kharif,2274,30.28,68864.91
Maize,Gujarat,Kharif,4237,23.37,99001.74
Maize,Tamil Nadu,Rabi,3128,27.74,86764.71
Maize,Punjab,Rabi,3301,22.17,73197.66
Rice,Tamil Nadu,Kharif,917,25.85,23707.07
Cotton,Punjab,Rabi,3786,34.45,130418.3
Cotton,Maharashtra,Kharif,1774,29.91,53068.43
Cotton,Maharashtra,Rabi,2474,21.09,52177.06
Soybean,Karnataka,Rabi,4138,18.68,77287.06
Cotton,Gujarat,Kharif,1144,22.68,25943.58
Cotton,Karnataka,Kharif,2586,21.77,56290.38
Soybean,Gujarat,Rabi,2665,28.79,76713.45
Soybean,Gujarat,Rabi,2347,22.13,51929.49
Soybean,Karnataka,Kharif,4767,19.19,91457.03
Maize,Maharashtra,Rabi,2979,24.74,73707.37
Wheat,Maharashtra,Rabi,4346,34.24,148808.91
Rice,Gujarat,Rabi,636,29.85,18984.21
Soybean,Gujarat,Rabi,4516,20.18,91116.55
Rice,Tamil Nadu,Rabi,4538,27.09,122939.79
Soybean,Tamil Nadu,Rabi,3650,34.49,125893.83
Rice,Tamil Nadu,Kharif,3767,17.15,64601.76
Wheat,Tamil Nadu,Kharif,2047,27.61,56527.3
Cotton,Karnataka,Kharif,1471,30.97,45549.88
Cotton,Karnataka,Kharif,2646,17.09,45221.88
Rice,Gujarat,Rabi,2414,25.24,60933.3
Soybean,Tamil Nadu,Kharif,4591,24.8,113845.72
Wheat,Maharashtra,Kharif,3330,21.04,70073.88
Wheat,Tamil Nadu,Rabi,3813,25.36,96710.17
Soybean,Maharashtra,Kharif,4964,23.01,114199.72
Rice,Punjab,Rabi,4251,32.11,136516.85
Maize,Karnataka,Rabi,3731,27.65,103145.58
Maize,Maharashtra,Rabi,2820,17.67,49820.57
Soybean,Punjab,Kharif,2708,17.24,46693.45
Rice,Gujarat,Rabi,2716,29.66,80551.68
Wheat,Punjab,Kharif,1757,32.56,57210.1
Cotton,Tamil Nadu,Rabi,946,23.69,22409.18
Soybean,Tamil Nadu,Kharif,2149,25.04,53800.95
Soybean,Punjab,Kharif,4293,30.34,130230.41
Maize,Punjab,Rabi,2485,31.56,78419.7
Soybean,Maharashtra,Rabi,4602,17.19,79126.69
Wheat,Karnataka,Rabi,692,34.38,23793.46
Wheat,Maharashtra,Rabi,4053,16.29,66008.26
Cotton,Maharashtra,Rabi,3515,20.36,71557.07
Maize,Tamil Nadu,Kharif,2185,33.47,73141.9
Cotton,Tamil Nadu,Rabi,4851,26.62,129115.61
Wheat,Gujarat,Kharif,4019,15.14,60852.32
Soybean,Gujarat,Rabi,4643,18.85,87504.17
Maize,Punjab,Rabi,1210,18.61,22521.29
Cotton,Tamil Nadu,Rabi,4049,34.25,138658.57
Maize,Punjab,Kharif,4436,31.17,138255.62
Wheat,Punjab,Rabi,2382,24.71,58867.74
Rice,Gujarat,Kharif,2440,24.53,59864.07
Wheat,Tamil Nadu,Kharif,1392,23.24,32351.69
Cotton,Punjab,Kharif,1849,28.32,52355.96
Maize,Punjab,Kharif,1555,22.54,35055.27
Cotton,Tamil Nadu,Kharif,3330,24.78,82523.69
Wheat,Karnataka,Rabi,4535,21.34,96762.68
Soybean,Tamil Nadu,Kharif,1224,29.09,35610.76
Maize,Maharashtra,Kharif,3433,20.39,69996.25
Rice,Maharashtra,Rabi,4843,28.93,140090.31
Wheat,Tamil Nadu,Rabi,4647,24.15,112204.3
Maize,Tamil Nadu,Kharif,1922,33.86,65078.34
Soybean,Gujarat,Kharif,2505,29.28,73334.82
Cotton,Punjab,Kharif,2726,25.2,68691.16
Wheat,Tamil Nadu,Kharif,4429,22.4,99228.65
Cotton,Tamil Nadu,Kharif,2737,28.56,78168.73
Maize,Karnataka,Rabi,3694,24.29,89731.69
Cotton,Karnataka,Rabi,4440,27.09,120277.4
Cotton,Karnataka,Kharif,2637,21.76,57381.03
Cotton,Gujarat,Rabi,538,25.34,13631.81
Soybean,Karnataka,Kharif,3365,29.26,98468.66
Maize,Karnataka,Rabi,4228,31.04,131256.24
Rice,Punjab,Kharif,4717,22.24,104912.59
Soybean,Gujarat,Rabi,1226,29.92,36680.83
Soybean,Maharashtra,Rabi,4728,26.89,127127.8
Cotton,Tamil Nadu,Kharif,2275,28.37,64532.56
Soybean,Maharashtra,Rabi,4948,16.73,82766.02
Wheat,Tamil Nadu,Kharif,1497,23.39,35021.92
Wheat,Tamil Nadu,Kharif,2545,30.42,77417.43
Wheat,Punjab,Rabi,1870,34.51,64527.7
Maize,Karnataka,Kharif,2811,16.0,44964.94
Maize,Punjab,Kharif,3970,24.67,97937.96
Cotton,Gujarat,Rabi,4186,34.33,143715.02
Soybean,Maharashtra,Rabi,1036,29.8,30877.29
Rice,Gujarat,Rabi,2067,25.43,52571.25
Maize,Gujarat,Rabi,4737,15.36,72765.92
Maize,Gujarat,Kharif,4840,18.08,87530.39
Wheat,Tamil Nadu,Kharif,3592,23.57,84659.36
Cotton,Karnataka,Kharif,4116,15.04,61913.3
Rice,Tamil Nadu,Kharif,3089,17.38,53677.04
Maize,Maharashtra,Kharif,2400,26.46,63508.71
Rice,Maharashtra,Rabi,3238,25.61,82933.79
Cotton,Gujarat,Kharif,4160,16.92,70376.58
Wheat,Tamil Nadu,Kharif,4768,15.01,71546.76
Cotton,Maharashtra,Rabi,4212,31.42,132338.69
Wheat,Punjab,Kharif,1610,16.84,27119.92
Wheat,Gujarat,Kharif,3271,25.79,84368.91
Soybean,Punjab,Rabi,4739,21.17,100323.26
Soybean,Punjab,Rabi,4732,32.8,155216.9
Maize,Punjab,Kharif,4352,20.13,87592.59
Soybean,Punjab,Rabi,1384,32.18,44534.66
Wheat,Gujarat,Kharif,3099,31.94,98977.3
Wheat,Gujarat,Rabi,2829,31.59,89359.44
Rice,Karnataka,Rabi,3127,30.68,95945.58
Maize,Tamil Nadu,Kharif,4382,28.93,126750.85
Rice,Gujarat,Rabi,1736,18.64,32350.76
Rice,Gujarat,Kharif,3843,23.67,90963.35
Rice,Karnataka,Rabi,635,15.24,9674.63
Maize,Punjab,Kharif,500,23.57,11782.68
Maize,Gujarat,Rabi,3565,20.7,73811.7
Wheat,Tamil Nadu,Rabi,4038,33.96,137140.23
Maize,Gujarat,Kharif,1853,22.89,42410.6
Maize,Gujarat,Kharif,2353,16.61,39086.35
Rice,Maharashtra,Kharif,2420,33.64,81410.39
Maize,Tamil Nadu,Rabi,4276,24.92,106549.25
Soybean,Maharashtra,Kharif,4301,22.93,98612.9
Rice,Maharashtra,Rabi,4865,19.22,93493.03
Cotton,Gujarat,Kharif,3538,18.66,66030.59
Rice,Karnataka,Kharif,2652,30.19,80061.96
Cotton,Tamil Nadu,Rabi,4768,21.59,102922.98
Rice,Karnataka,Kharif,2979,34.32,102254.13
Soybean,Tamil Nadu,Rabi,3221,25.75,82927.23
Soybean,Punjab,Kharif,1392,28.58,39782.63
Rice,Tamil Nadu,Kharif,4232,21.38,90490.77
Soybean,Tamil Nadu,Kharif,504,34.74,17510.78
Cotton,Punjab,Rabi,3376,20.92,70623.85
Cotton,Maharashtra,Rabi,4160,28.93,120342.96
Soybean,Punjab,Rabi,960,16.49,15825.77
Cotton,Punjab,Rabi,4785,34.49,165019.44
Rice,Maharashtra,Rabi,3916,22.12,86633.08
Maize,Maharashtra,Kharif,4376,30.06,131526.28
Rice,Maharashtra,Rabi,4988,17.03,84967.39
Maize,Karnataka,Kharif,3492,32.3,112778.32
Maize,Gujarat,Kharif,3789,32.62,123603.34
Maize,Karnataka,Kharif,4969,19.99,99328.63
Soybean,Maharashtra,Rabi,501,23.46,11752.4
Wheat,Maharashtra,Kharif,3620,26.33,95330.93
Wheat,Tamil Nadu,Kharif,4828,31.96,154293.2
Soybean,Gujarat,Rabi,693,23.15,16044.8
Maize,Maharashtra,Kharif,2565,22.66,58122.47
Rice,Gujarat,Kharif,3991,26.8,106974.48
Wheat,Maharashtra,Kharif,2645,23.52,62218.7
Soybean,Tamil Nadu,Kharif,4362,30.49,132997.96
Soybean,Maharashtra,Kharif,890,34.57,30765.58
Wheat,Punjab,Rabi,4423,25.27,111750.63
Rice,Maharashtra,Rabi,2652,33.38,88531.58
Maize,Gujarat,Rabi,3685,29.28,107891.45
Rice,Punjab,Kharif,2147,15.12,32452.26
Soybean,Gujarat,Rabi,4671,18.69,87293.1
Rice,Maharashtra,Kharif,3325,25.97,86350.48
Cotton,Karnataka,Kharif,600,27.2,16317.8
Wheat,Gujarat,Rabi,3124,28.23,88205.75
Cotton,Tamil Nadu,Kharif,2349,29.88,70181.87
Maize,Punjab,Kharif,4466,18.53,82766.76
Wheat,Maharashtra,Rabi,1374,33.27,45714.39
Wheat,Tamil Nadu,Kharif,1889,20.73,39166.65
Maize,Maharashtra,Rabi,2914,23.9,69645.53
Wheat,Gujarat,Kharif,1197,23.0,27531.11
Soybean,Gujarat,Rabi,1864,32.06,59753.62
Maize,Karnataka,Rabi,3843,17.05,65525.37
Rice,Gujarat,Kharif,3822,21.88,83642.37
Wheat,Gujarat,Rabi,1668,30.81,51391.24
Cotton,Punjab,Rabi,3656,21.89,80016.92
Wheat,Maharashtra,Rabi,1148,25.01,28709.58
Rice,Karnataka,Rabi,2420,25.65,62072.28
Wheat,Punjab,Rabi,4172,24.44,101980.88
Wheat,Karnataka,Rabi,2986,30.72,91729.78
Soybean,Gujarat,Rabi,2561,27.86,71360.07
Soybean,Punjab,Kharif,3291,16.5,54305.09
Soybean,Gujarat,Rabi,2242,28.92,64837.78
Maize,Tamil Nadu,Rabi,1115,31.59,35225.94
Cotton,Tamil Nadu,Kharif,1464,26.07,38167.21
Cotton,Karnataka,Kharif,2515,30.77,77393.65
Wheat,Karnataka,Rabi,3865,29.85,115356.02
Cotton,Maharashtra,Rabi,1748,24.99,43685.07
Cotton,Punjab,Kharif,2473,33.7,83335.31
Cotton,Tamil Nadu,Kharif,827,28.37,23458.29
Wheat,Karnataka,Kharif,2108,31.1,65552.59
Wheat,Maharashtra,Kharif,653,28.97,18917.77
Soybean,Gujarat,Kharif,619,25.11,15541.47
Cotton,Gujarat,Rabi,2896,30.3,87741.56
Soybean,Punjab,Kharif,4201,26.29,110433.48
Rice,Maharashtra,Rabi,1640,33.99,55749.85
Cotton,Maharashtra,Kharif,4848,28.53,138294.26
Maize,Punjab,Rabi,2518,31.09,78272.79
Wheat,Punjab,Kharif,1133,22.66,25674.55
Rice,Punjab,Rabi,2127,22.53,47911.22
Maize,Tamil Nadu,Kharif,3791,29.44,111622.3
Soybean,Gujarat,Kharif,1999,17.94,35866.1
Cotton,Tamil Nadu,Rabi,1315,24.3,31956.29
Wheat,Punjab,Kharif,4812,29.3,141014.39
Soybean,Punjab,Rabi,2856,34.07,97294.43
Maize,Maharashtra,Rabi,4110,18.55,76254.61
Wheat,Maharashtra,Kharif,2012,26.48,53281.81
Cotton,Maharashtra,Rabi,2341,30.01,70258.36
Wheat,Tamil Nadu,Rabi,4416,29.68,131046.45
Maize,Maharashtra,Rabi,4200,33.68,141459.98
Soybean,Tamil Nadu,Kharif,715,24.31,17381.04
Cotton,Punjab,Rabi,2985,26.84,80119.35
Rice,Gujarat,Rabi,1158,31.0,35903.23
Cotton,Tamil Nadu,Rabi,4882,18.15,88626.31
Soybean,Punjab,Kharif,622,16.77,10430.15
Cotton,Punjab,Rabi,4114,20.7,85149.1
Rice,Punjab,Kharif,1706,33.24,56703.99
Cotton,Gujarat,Kharif,3682,22.67,83487.24
Cotton,Gujarat,Rabi,3396,27.38,92981.11
Maize,Karnataka,Kharif,4278,30.12,128842.87
Cotton,Punjab,Kharif,1244,19.66,24458.09
Rice,Maharashtra,Rabi,1629,33.89,55213.27
Wheat,Gujarat,Kharif,3000,27.9,83707.14
Soybean,Tamil Nadu,Rabi,916,24.18,22149.41
Maize,Gujarat,Kharif,1267,28.08,35574.67
Cotton,Karnataka,Kharif,1528,22.42,34256.41
Wheat,Tamil Nadu,Rabi,1834,15.11,27717.17
Rice,Karnataka,Kharif,3234,20.58,66570.63
Rice,Gujarat,Rabi,4548,28.93,131563.37
Soybean,Tamil Nadu,Kharif,1614,22.25,35915.11
Wheat,Karnataka,Rabi,1669,31.49,52551.65
Rice,Punjab,Rabi,4591,20.71,95089.0
Wheat,Punjab,Kharif,4369,28.71,125440.13
Maize,Tamil Nadu,Rabi,2874,23.28,66911.17
Soybean,Maharashtra,Rabi,1877,30.81,57823.97
Wheat,Tamil Nadu,Kharif,4123,15.44,63672.88
Rice,Punjab,Kharif,975,24.08,23482.24
Maize,Karnataka,Kharif,975,32.98,32154.54
Maize,Maharashtra,Kharif,3798,22.13,84068.44
Soybean,Tamil Nadu,Kharif,1840,17.79,32737.26
Cotton,Punjab,Rabi,2078,26.14,54311.94
Rice,Tamil Nadu,Rabi,2091,31.6,66078.2
Wheat,Maharashtra,Rabi,622,20.07,12483.05
Cotton,Gujarat,Kharif,2998,30.1,90248.99
Cotton,Karnataka,Rabi,725,27.14,19678.76
Cotton,Maharashtra,Rabi,3672,30.87,113367.73
Rice,Karnataka,Rabi,2224,23.22,51636.98
Wheat,Punjab,Kharif,1556,26.14,40666.46
Rice,Maharashtra,Kharif,1415,16.46,23293.62
Cotton,Tamil Nadu,Rabi,1920,17.53,33663.21
Maize,Maharashtra,Kharif,2549,34.16,87077.97
Wheat,Karnataka,Kharif,4085,20.6,84151.35
Maize,Tamil Nadu,Rabi,3187,23.03,73382.62
Rice,Gujarat,Rabi,2142,24.2,51835.83
Cotton,Gujarat,Rabi,3468,29.31,101651.87
Soybean,Maharashtra,Kharif,715,15.85,11329.97
Cotton,Gujarat,Kharif,4120,32.76,134954.26
Maize,Gujarat,Rabi,2944,33.41,98369.97
Soybean,Maharashtra,Rabi,3120,15.34,47866.35
Wheat,Karnataka,Rabi,2602,24.83,64602.4
Soybean,Gujarat,Rabi,1160,30.75,35671.01
Soybean,Tamil Nadu,Kharif,2390,31.96,76378.45
Cotton,Gujarat,Kharif,2643,16.75,44257.37
Rice,Tamil Nadu,Kharif,4699,30.53,143480.33
Soybean,Maharashtra,Rabi,3850,18.74,72167.42
Wheat,Maharashtra,Kharif,2724,29.69,80879.77
Wheat,Gujarat,Kharif,4732,27.27,129031.94
Wheat,Maharashtra,Rabi,3608,29.75,107345.48
Maize,Maharashtra,Rabi,1159,21.94,25426.28
Cotton,Maharashtra,Rabi,2233,30.21,67459.45
Rice,Karnataka,Kharif,4438,29.27,129909.82
Maize,Maharashtra,Rabi,4260,32.7,139284.09
Maize,Gujarat,Kharif,2920,26.61,77692.31
Cotton,Punjab,Rabi,4288,27.33,117209.45
Maize,Punjab,Rabi,746,33.65,25104.34
Cotton,Maharashtra,Rabi,4944,34.08,168497.27
Maize,Maharashtra,Rabi,4623,20.84,96337.15
Rice,Tamil Nadu,Rabi,3978,15.27,60747.63
Wheat,Punjab,Kharif,1820,22.15,40321.32
Cotton,Maharashtra,Rabi,1682,24.94,41956.19
Cotton,Gujarat,Kharif,1615,29.05,46914.27
Rice,Karnataka,Rabi,3978,23.47,93359.99
Rice,Tamil Nadu,Rabi,3560,34.76,123735.29
Maize,Punjab,Rabi,1043,19.72,20564.86
Wheat,Karnataka,Rabi,571,30.46,17394.35
Rice,Karnataka,Kharif,1114,24.4,27180.87
Cotton,Gujarat,Kharif,2292,34.43,78921.03
Soybean,Karnataka,Kharif,1626,30.05,48859.82
Soybean,Punjab,Rabi,3774,18.41,69466.31
Maize,Karnataka,Kharif,3429,33.71,115605.01
Rice,Karnataka,Rabi,4806,34.98,168129.85
Maize,Punjab,Kharif,3402,17.84,60685.14
Cotton,Tamil Nadu,Rabi,803,19.97,16038.92
Wheat,Karnataka,Rabi,3118,25.87,80676.19
Wheat,Gujarat,Rabi,2323,21.54,50040.23
Maize,Tamil Nadu,Rabi,4058,17.61,71475.35
Rice,Gujarat,Rabi,948,29.6,28056.88
Rice,Karnataka,Rabi,1152,34.52,39762.23
Soybean,Tamil Nadu,Kharif,1757,32.33,56809.33
Cotton,Maharashtra,Kharif,2994,33.83,101282.5
Soybean,Maharashtra,Rabi,4407,21.21,93468.46
Cotton,Maharashtra,Kharif,4149,21.82,90551.49
Soybean,Punjab,Kharif,2514,33.87,85159.82
Soybean,Karnataka,Rabi,3755,19.27,72360.14
Rice,Tamil Nadu,Rabi,2464,31.17,76814.1
Soybean,Tamil Nadu,Kharif,4166,31.73,132175.69
Cotton,Punjab,Rabi,937,23.74,22243.34
Rice,Karnataka,Rabi,3782,34.49,130450.56
Wheat,Punjab,Rabi,2638,28.58,75406.18
Cotton,Tamil Nadu,Kharif,4995,22.92,114497.48
Rice,Karnataka,Kharif,800,30.14,24110.75
Cotton,Punjab,Rabi,1061,21.6,22914.76
Cotton,Tamil Nadu,Rabi,3180,16.93,53846.21
Wheat,Gujarat,Rabi,3350,34.81,116629.59
Cotton,Gujarat,Kharif,904,24.08,21769.66
Rice,Gujarat,Rabi,3112,16.32,50794.76
Wheat,Tamil Nadu,Rabi,3491,24.17,84373.19
Maize,Punjab,Rabi,3320,27.2,90292.72
Wheat,Tamil Nadu,Kharif,3279,28.25,92622.93
Cotton,Gujarat,Kharif,1335,31.3,41784.79
Cotton,Tamil Nadu,Rabi,3134,27.31,85579.81
Soybean,Karnataka,Rabi,2610,28.7,74919.25
Rice,Tamil Nadu,Rabi,594,23.23,13798.5
Rice,Maharashtra,Rabi,989,31.57,31223.9
Maize,Maharashtra,Kharif,3467,27.07,93859.79
Wheat,Punjab,Kharif,2279,29.11,66345.69
Cotton,Maharashtra,Rabi,4663,32.49,151508.37
Cotton,Karnataka,Kharif,1589,28.31,44985.56
Wheat,Maharashtra,Kharif,3467,17.37,60206.82
Cotton,Maharashtra,Kharif,1244,16.68,20751.43
Cotton,Maharashtra,Rabi,2952,27.81,82105.86
Wheat,Karnataka,Rabi,4187,30.92,129480.36
Maize,Karnataka,Rabi,4516,29.14,131596.85
Maize,Gujarat,Kharif,3442,17.28,59466.57
Soybean,Gujarat,Kharif,768,29.92,22980.35
Wheat,Karnataka,Rabi,2735,23.42,64042.12
Soybean,Maharashtra,Rabi,4974,24.33,120999.3
Rice,Tamil Nadu,Kharif,2205,27.64,60953.83
Cotton,Punjab,Kharif,4549,26.23,119337.25
Wheat,Punjab,Rabi,2943,29.78,87649.05
Rice,Tamil Nadu,Rabi,3066,33.09,101457.32
Cotton,Tamil Nadu,Kharif,4449,31.42,139782.98
Soybean,Gujarat,Kharif,546,17.98,9815.38
Maize,Karnataka,Kharif,4265,29.75,126878.28
Wheat,Karnataka,Rabi,1173,34.06,39952.3
Maize,Karnataka,Kharif,4053,15.2,61619.73
Soybean,Tamil Nadu,Kharif,3257,30.17,98262.58
Maize,Karnataka,Rabi,3273,31.71,103779.93
Rice,Karnataka,Kharif,4831,23.95,115702.84
Cotton,Tamil Nadu,Kharif,2305,33.46,77130.64
Rice,Maharashtra,Rabi,3007,19.47,58556.83
Maize,Punjab,Rabi,1040,19.5,20283.78
Maize,Gujarat,Rabi,4150,15.91,66020.27
Rice,Punjab,Rabi,2930,21.12,61893.88
Cotton,Tamil Nadu,Rabi,2572,33.37,85822.42
Wheat,Tamil Nadu,Rabi,1680,33.82,56817.7
Cotton,Karnataka,Rabi,509,23.51,11965.61
Cotton,Gujarat,Kharif,4505,17.46,78653.01
Cotton,Punjab,Rabi,3358,23.08,77489.49
Soybean,Punjab,Kharif,2249,19.8,44524.07
Wheat,Punjab,Kharif,3127,21.69,67818.39
Maize,Karnataka,Kharif,4291,34.72,148981.2
Soybean,Tamil Nadu,Kharif,2392,20.64,49381.43
Rice,Gujarat,Kharif,1291,18.54,23938.73
Wheat,Tamil Nadu,Kharif,2461,30.18,74281.1
Rice,Gujarat,Kharif,3717,20.33,75565.26
Maize,Maharashtra,Kharif,4572,16.23,74195.37
Soybean,Punjab,Rabi,3153,29.91,94310.18
Wheat,Gujarat,Kharif,4265,23.08,98432.69
Cotton,Karnataka,Kharif,2248,27.09,60893.43
Cotton,Karnataka,Rabi,3006,30.67,92203.54
Maize,Punjab,Kharif,4302,34.51,148472.91
Rice,Karnataka,Rabi,2526,21.59,54528.44
Wheat,Karnataka,Rabi,4691,34.72,162894.46
Rice,Maharashtra,Kharif,3183,24.33,77432.42
Soybean,Karnataka,Rabi,1047,27.67,28966.37
Soybean,Maharashtra,Rabi,4853,28.44,137995.76
Maize,Karnataka,Rabi,2154,20.29,43703.25
Wheat,Gujarat,Rabi,4551,21.21,96540.25
Rice,Maharashtra,Rabi,4655,31.16,145060.84
Rice,Punjab,Kharif,2331,21.82,50855.24
Wheat,Punjab,Rabi,4893,34.7,169793.62
Cotton,Tamil Nadu,Rabi,1085,18.63,20217.17
Maize,Karnataka,Kharif,4567,15.22,69521.01
Soybean,Punjab,Rabi,3330,32.0,106556.94
Wheat,Karnataka,Kharif,4014,15.25,61205.98
Rice,Gujarat,Rabi,3452,21.68,74841.74
Rice,Karnataka,Rabi,4726,22.03,104123.72
Maize,Tamil Nadu,Rabi,1657,21.86,36224.17
Cotton,Tamil Nadu,Kharif,3637,27.5,100010.66
Rice,Gujarat,Rabi,3167,32.59,103206.75
Rice,Tamil Nadu,Kharif,4017,18.9,75908.86
Wheat,Gujarat,Rabi,917,17.05,15634.43
Rice,Karnataka,Rabi,3218,15.22,48970.51
Rice,Punjab,Rabi,3789,34.22,129649.7
Cotton,Tamil Nadu,Kharif,2963,27.41,81202.75
Cotton,Punjab,Rabi,3023,26.22,79274.8
Rice,Gujarat,Rabi,4053,27.91,113128.56
Maize,Gujarat,Rabi,767,17.32,13287.51
Cotton,Punjab,Kharif,4398,22.57,99265.12
Maize,Punjab,Rabi,3709,29.01,107596.48
Cotton,Karnataka,Rabi,3990,29.03,115812.83
Cotton,Punjab,Rabi,4607,18.55,85477.51
Wheat,Maharashtra,Kharif,2706,17.63,47715.09
Cotton,Punjab,Rabi,4720,25.38,119817.1
Wheat,Karnataka,Rabi,4785,34.6,165543.54
Maize,Punjab,Rabi,4517,20.28,91596.79
Soybean,Gujarat,Kharif,2285,25.43,58114.68
Soybean,Tamil Nadu,Kharif,677,25.49,17257.97
Soybean,Tamil Nadu,Rabi,4030,19.3,77770.07
Maize,Karnataka,Kharif,1935,30.7,59401.0
Rice,Punjab,Rabi,2844,28.42,80826.16
Wheat,Karnataka,Rabi,751,18.77,14097.54
Soybean,Tamil Nadu,Kharif,1950,21.32,41576.35
Cotton,Karnataka,Kharif,1615,16.69,26960.84
Soybean,Maharashtra,Rabi,3267,15.16,49539.75
Rice,Gujarat,Kharif,927,31.67,29361.1
Maize,Gujarat,Rabi,2273,20.79,47252.84
Soybean,Maharashtra,Kharif,3138,33.47,105041.57
Wheat,Gujarat,Kharif,3137,24.96,78285.85
Wheat,Gujarat,Rabi,2164,21.18,45841.51
Soybean,Gujarat,Rabi,1830,18.59,34012.7
Cotton,Gujarat,Kharif,3633,29.43,106904.32
Cotton,Punjab,Rabi,1903,22.43,42692.67
Wheat,Karnataka,Rabi,786,34.92,27450.42
Cotton,Punjab,Kharif,1042,15.2,15840.83
Soybean,Karnataka,Kharif,4014,18.23,73193.07
Rice,Maharashtra,Kharif,2622,32.27,84621.34
Wheat,Tamil Nadu,Rabi,2645,23.88,63162.73
Maize,Punjab,Kharif,1953,16.15,31542.64
Rice,Punjab,Kharif,3414,16.44,56142.09
Cotton,Punjab,Kharif,2222,20.44,45427.11
Maize,Gujarat,Kharif,2383,28.73,68464.51
Rice,Punjab,Rabi,3183,23.46,74687.83
Wheat,Gujarat,Rabi,2160,16.48,35605.58
Soybean,Maharashtra,Kharif,2315,21.99,50917.31
Soybean,Punjab,Kharif,1657,16.0,26514.84
Cotton,Gujarat,Rabi,3606,28.68,103422.66
Soybean,Maharashtra,Kharif,1012,28.62,28961.79
Wheat,Tamil Nadu,Kharif,1892,33.63,63636.1
Maize,Karnataka,Rabi,2240,30.33,67933.02
Soybean,Maharashtra,Rabi,1317,15.67,20642.63
Maize,Karnataka,Rabi,1622,23.2,37629.07
Maize,Tamil Nadu,Kharif,1669,22.69,37870.13
Rice,Punjab,Kharif,1148,27.03,31026.73
Wheat,Tamil Nadu,Rabi,2570,32.01,82264.63
Soybean,Gujarat,Rabi,3500,32.28,112970.59
Cotton,Punjab,Kharif,1909,15.54,29667.18
Cotton,Punjab,Kharif,1154,15.32,17682.74
Wheat,Gujarat,Rabi,3237,22.61,73189.24
Maize,Punjab,Rabi,3968,19.37,76852.82
Rice,Maharashtra,Kharif,2191,21.99,48170.04
Rice,Tamil Nadu,Rabi,2072,25.77,53389.69
Soybean,Karnataka,Kharif,3308,31.0,102541.57
Wheat,Karnataka,Kharif,4630,16.78,77672.49
Wheat,Karnataka,Kharif,1644,19.55,32143.46
Rice,Maharashtra,Rabi,2241,28.56,64011.29
Maize,Maharashtra,Rabi,940,27.19,25557.41
Maize,Punjab,Kharif,1592,31.41,50009.78
Cotton,Gujarat,Kharif,3079,25.84,79569.79
Maize,Tamil Nadu,Kharif,3842,28.83,110776.08
Rice,Tamil Nadu,Rabi,4946,21.94,108494.25
Maize,Tamil Nadu,Kharif,619,25.39,15718.93
Maize,Tamil Nadu,Rabi,4117,31.82,131022.96
Soybean,Tamil Nadu,Kharif,1793,23.84,42738.6
Wheat,Tamil Nadu,Kharif,3283,15.95,52371.78
Wheat,Punjab,Rabi,4770,23.69,113003.23
Soybean,Karnataka,Kharif,1788,34.98,62535.49
Soybean,Punjab,Rabi,4748,17.42,82690.33
Soybean,Gujarat,Rabi,936,30.31,28366.52
Maize,Maharashtra,Rabi,1407,33.95,47763.9
Rice,Gujarat,Rabi,3258,24.96,81327.85
Soybean,Karnataka,Kharif,2754,23.54,64830.89
Rice,Karnataka,Rabi,596,34.05,20292.65
Soybean,Punjab,Kharif,2653,26.24,69608.67
Wheat,Gujarat,Rabi,1875,23.81,44635.84
Rice,Tamil Nadu,Kharif,2394,15.16,36302.69
Cotton,Tamil Nadu,Kharif,4174,25.42,106090.91
Soybean,Punjab,Rabi,4199,33.76,141757.58
Cotton,Tamil Nadu,Kharif,2798,28.58,79957.73
Maize,Tamil Nadu,Kharif,4428,21.59,95611.47
Maize,Punjab,Kharif,2289,17.81,40762.84
Wheat,Tamil Nadu,Rabi,755,33.65,25404.25
Wheat,Punjab,Rabi,4277,23.23,99336.79
Rice,Karnataka,Kharif,4608,23.46,108098.24
Maize,Gujarat,Rabi,4242,21.69,92021.63
Soybean,Tamil Nadu,Rabi,1717,15.84,27198.26
Rice,Maharashtra,Kharif,3615,33.44,120897.97
Maize,Maharashtra,Rabi,3244,32.93,106811.77
Soybean,Gujarat,Kharif,1377,31.59,43500.66
Maize,Gujarat,Kharif,3090,22.99,71048.12
Rice,Tamil Nadu,Kharif,3678,28.04,103146.79
Maize,Gujarat,Rabi,1206,27.89,33635.72
Soybean,Gujarat,Rabi,4321,34.41,148696.98
Wheat,Tamil Nadu,Rabi,752,28.96,21778.38
Wheat,Karnataka,Rabi,4457,16.4,73084.41
Cotton,Gujarat,Kharif,2115,28.86,61041.53
Soybean,Gujarat,Kharif,4709,26.87,126524.93
Rice,Maharashtra,Rabi,890,15.83,14088.18
Rice,Punjab,Kharif,2870,21.22,60906.61
Maize,Tamil Nadu,Rabi,1752,26.34,46155.04
Wheat,Tamil Nadu,Rabi,2312,25.41,58746.48
Rice,Punjab,Rabi,4385,34.93,153159.43
Rice,Gujarat,Rabi,1972,20.23,39890.53
Wheat,Karnataka,Rabi,4507,23.39,105433.6
Wheat,Maharashtra,Rabi,2352,23.76,55894.95
Wheat,Tamil Nadu,Rabi,645,16.02,10331.36
Rice,Tamil Nadu,Kharif,3380,17.3,58477.44
Maize,Maharashtra,Rabi,3708,27.77,102955.07
Soybean,Karnataka,Kharif,504,22.19,11181.26
Cotton,Tamil Nadu,Kharif,2653,22.26,59052.79
Maize,Tamil Nadu,Kharif,2798,21.67,60621.05
Cotton,Gujarat,Rabi,2204,27.42,60443.95
Rice,Gujarat,Rabi,2901,17.16,49767.89
Maize,Gujarat,Kharif,4733,34.9,165170.0
Soybean,Tamil Nadu,Kharif,1533,24.92,38207.79
Maize,Punjab,Rabi,2573,18.94,48736.8
Rice,Gujarat,Kharif,4996,21.06,105210.81
Maize,Gujarat,Kharif,2644,17.7,46789.23
Maize,Karnataka,Kharif,1109,27.59,30601.95
Soybean,Gujarat,Rabi,4034,27.51,110988.01
Soybean,Punjab,Rabi,913,26.12,23850.94
Maize,Tamil Nadu,Rabi,4441,31.45,139651.5
Cotton,Gujarat,Rabi,2767,28.16,77916.85
Wheat,Punjab,Kharif,898,17.09,15349.54
Soybean,Maharashtra,Rabi,2868,16.71,47930.89
Wheat,Punjab,Kharif,4276,19.15,81893.26
Wheat,Karnataka,Kharif,2417,20.93,50588.63
Cotton,Maharashtra,Kharif,2483,25.15,62450.03
Cotton,Punjab,Rabi,1894,15.11,28611.53
Wheat,Punjab,Rabi,3804,16.36,62240.68
Cotton,Maharashtra,Kharif,4268,34.07,145428.5
Wheat,Maharashtra,Rabi,4708,20.53,96663.56
Wheat,Tamil Nadu,Kharif,4363,27.69,120804.24
Cotton,Karnataka,Rabi,3026,22.94,69424.75
Cotton,Punjab,Kharif,1941,15.85,30758.35
Wheat,Tamil Nadu,Rabi,1388,32.22,44724.75
Rice,Maharashtra,Kharif,1025,15.71,16099.95
Maize,Karnataka,Kharif,2910,30.28,88120.35
Cotton,Karnataka,Kharif,2408,31.0,74636.92
Wheat,Punjab,Kharif,3029,25.62,77610.93
Rice,Karnataka,Kharif,2707,28.43,76961.27
Wheat,Maharashtra,Rabi,2161,27.1,58573.37
Maize,Punjab,Rabi,4245,30.16,128025.01
Wheat,Maharashtra,Kharif,4291,15.03,64508.89
Cotton,Gujarat,Rabi,4256,18.07,76886.1
Cotton,Gujarat,Kharif,2747,34.12,93719.02
Soybean,Karnataka,Rabi,1444,34.29,49519.02
Soybean,Gujarat,Kharif,2973,24.16,71819.8
Cotton,Karnataka,Rabi,1060,25.49,27017.06
Maize,Punjab,Kharif,2115,16.71,35337.17
Rice,Punjab,Rabi,3326,16.62,55278.21
Cotton,Gujarat,Rabi,4330,17.87,77364.06
Maize,Tamil Nadu,Kharif,4845,32.29,156458.33
Maize,Punjab,Rabi,2491,22.76,56700.54
Cotton,Gujarat,Rabi,2902,21.32,61884.26
Cotton,Tamil Nadu,Rabi,1710,22.95,39241.66
Maize,Maharashtra,Rabi,1383,30.92,42758.37
Wheat,Tamil Nadu,Kharif,1206,33.83,40796.99
Soybean,Gujarat,Rabi,2625,30.53,80139.01
Cotton,Maharashtra,Kharif,3248,22.04,71575.57
Rice,Maharashtra,Rabi,3754,19.61,73605.76
Cotton,Maharashtra,Kharif,4605,18.64,85849.09
Wheat,Gujarat,Rabi,907,25.45,23081.55
Wheat,Maharashtra,Kharif,4501,16.1,72446.96
Maize,Maharashtra,Rabi,4256,25.7,109387.73
Rice,Punjab,Rabi,2863,22.17,63479.41
Maize,Punjab,Rabi,1290,24.2,31219.97
Soybean,Karnataka,Kharif,4791,17.95,85992.6
Wheat,Maharashtra,Rabi,587,24.59,14435.45
Maize,Tamil Nadu,Rabi,2789,34.31,95697.49
Rice,Gujarat,Rabi,3464,23.02,79750.52
Wheat,Maharashtra,Kharif,2176,30.1,65498.96
Rice,Karnataka,Kharif,1064,32.23,34288.15
Maize,Maharashtra,Kharif,3977,20.84,82879.62
Wheat,Punjab,Kharif,3293,30.49,100419.49
Rice,Maharashtra,Kharif,3975,32.56,129434.26
Cotton,Maharashtra,Kharif,4135,25.5,105456.85
Rice,Tamil Nadu,Kharif,2218,28.17,62489.45
Rice,Karnataka,Rabi,1732,30.56,52932.91
Wheat,Maharashtra,Rabi,4823,26.82,129373.91
Rice,Tamil Nadu,Kharif,2523,16.65,42015.66
Cotton,Punjab,Rabi,1398,17.77,24836.08
Maize,Maharashtra,Kharif,541,27.33,14785.65
Soybean,Gujarat,Kharif,3270,27.85,91076.65
Rice,Karnataka,Rabi,2842,25.67,72957.66
Rice,Gujarat,Kharif,2226,18.7,41633.32
Rice,Punjab,Rabi,4780,22.73,108669.69
Maize,Tamil Nadu,Kharif,3635,27.84,101182.03
Soybean,Maharashtra,Rabi,1197,19.75,23639.85
Rice,Punjab,Rabi,3702,26.64,98608.88
Maize,Karnataka,Rabi,4086,34.54,141143.54
Cotton,Tamil Nadu,Rabi,1270,26.11,33161.38
Rice,Punjab,Kharif,4452,21.07,93804.14
Maize,Gujarat,Kharif,1848,16.17,29886.07
Wheat,Tamil Nadu,Rabi,2044,31.73,64852.02
Cotton,Tamil Nadu,Rabi,974,33.73,32850.92
Wheat,Tamil Nadu,Kharif,4975,16.44,81793.51
Rice,Maharashtra,Kharif,4045,31.63,127945.58
Wheat,Maharashtra,Kharif,2074,21.23,44026.35
Wheat,Maharashtra,Kharif,2817,30.07,84693.18
Wheat,Karnataka,Rabi,923,15.82,14604.45
Soybean,Maharashtra,Rabi,4487,23.51,105482.51
Cotton,Punjab,Rabi,1131,17.35,19623.48
Wheat,Tamil Nadu,Rabi,3397,32.12,109101.5
Wheat,Tamil Nadu,Rabi,3601,16.36,58925.67
Soybean,Maharashtra,Kharif,3889,21.26,82661.95
Soybean,Gujarat,Kharif,759,15.24,11568.16
Maize,Gujarat,Kharif,1480,22.89,33873.0
Wheat,Maharashtra,Rabi,2108,23.35,49225.26
Rice,Gujarat,Kharif,1018,29.71,30244.97
Rice,Gujarat,Rabi,3992,22.73,90739.77
Wheat,Tamil Nadu,Kharif,1138,33.03,37584.12
Soybean,Maharashtra,Kharif,4806,30.62,147180.41
Wheat,Maharashtra,Rabi,1806,25.37,45816.91
Soybean,Karnataka,Kharif,3744,30.47,114094.56
Soybean,Maharashtra,Rabi,3823,17.67,67564.62
Maize,Karnataka,Rabi,4898,31.04,152031.36
Soybean,Gujarat,Rabi,2513,31.53,79228.69
Cotton,Maharashtra,Rabi,873,26.65,23261.22
Wheat,Gujarat,Kharif,3831,24.55,94065.65
Wheat,Karnataka,Kharif,2230,31.88,71097.68
Maize,Punjab,Kharif,1760,17.84,31404.44
Maize,Tamil Nadu,Kharif,2874,27.56,79206.67
Soybean,Punjab,Rabi,1173,32.77,38440.32
Soybean,Punjab,Rabi,3311,27.15,89902.93
Rice,Karnataka,Rabi,1601,26.13,41841.9
Rice,Gujarat,Rabi,4319,18.21,78660.62
Cotton,Punjab,Rabi,1070,15.87,16976.24
Rice,Gujarat,Rabi,4252,28.86,122709.84
Wheat,Punjab,Kharif,4809,22.97,110438.92
Soybean,Maharashtra,Rabi,906,25.15,22787.69
Maize,Gujarat,Rabi,3707,15.02,55660.8
Maize,Punjab,Rabi,4432,23.19,102766.45
Rice,Maharashtra,Rabi,1648,20.43,33663.61
Soybean,Karnataka,Rabi,3441,20.01,68867.69
Soybean,Maharashtra,Kharif,4870,25.8,125660.64
Soybean,Karnataka,Kharif,4527,25.31,114576.19
Rice,Karnataka,Kharif,1931,31.85,61507.19
Soybean,Maharashtra,Kharif,1835,28.77,52794.01
Wheat,Karnataka,Kharif,4044,15.4,62283.84
Wheat,Punjab,Kharif,3196,22.6,72243.34
Maize,Gujarat,Kharif,4860,21.35,103741.22
Cotton,Tamil Nadu,Rabi,4275,33.46,143062.82
Soybean,Maharashtra,Rabi,3407,29.58,100793.83
Rice,Karnataka,Rabi,3873,34.47,133512.02
Cotton,Gujarat,Kharif,4788,26.61,127424.45
Soybean,Tamil Nadu,Rabi,2364,26.96,63742.85
Wheat,Punjab,Rabi,2444,27.26,66634.05
Wheat,Punjab,Rabi,1150,19.12,21992.76
Maize,Maharashtra,Kharif,1248,17.57,21927.16
Wheat,Maharashtra,Rabi,973,23.97,23319.07
Wheat,Maharashtra,Rabi,2526,20.34,51377.9
Rice,Tamil Nadu,Rabi,2424,16.83,40786.28
Cotton,Punjab,Kharif,2360,32.66,77087.88
Soybean,Punjab,Rabi,3004,23.4,70282.23
Rice,Tamil Nadu,Kharif,1605,22.33,35844.74
Maize,Punjab,Rabi,3289,34.22,112544.19
Rice,Maharashtra,Rabi,3705,15.85,58739.66
Wheat,Gujarat,Kharif,3569,33.21,118532.34
Maize,Karnataka,Kharif,1673,15.43,25812.76
Wheat,Tamil Nadu,Kharif,3098,30.92,95778.25
Cotton,Gujarat,Rabi,4583,15.74,72119.63
Cotton,Punjab,Rabi,1894,20.94,39663.92
Soybean,Tamil Nadu,Kharif,3015,22.89,69010.78
Soybean,Punjab,Rabi,2876,31.67,91090.43
Wheat,Tamil Nadu,Rabi,686,32.96,22611.18
Wheat,Gujarat,Kharif,3644,22.02,80229.11
Rice,Gujarat,Rabi,731,15.14,11065.68
Wheat,Punjab,Rabi,3173,23.31,73976.41
Soybean,Karnataka,Rabi,2488,23.39,58197.3
Maize,Maharashtra,Kharif,845,23.8,20114.02
Rice,Karnataka,Rabi,2556,27.25,69653.63
Cotton,Karnataka,Rabi,4532,20.19,91485.11
Maize,Karnataka,Rabi,3709,33.48,124173.27
Wheat,Punjab,Rabi,4173,31.47,131325.17
Cotton,Punjab,Kharif,1384,18.16,25135.48
Cotton,Punjab,Rabi,1120,23.91,26780.73
Wheat,Gujarat,Rabi,1552,25.15,39037.04
Rice,Tamil Nadu,Rabi,2962,18.86,55871.72
Maize,Gujarat,Rabi,4476,19.55,87487.97
Wheat,Maharashtra,Kharif,4381,23.16,101459.59
Cotton,Maharashtra,Kharif,1893,21.09,39920.34
Cotton,Tamil Nadu,Kharif,3383,24.02,81258.92
Maize,Punjab,Rabi,3678,26.87,98842.5
Maize,Tamil Nadu,Rabi,4350,25.38,110409.02
Maize,Gujarat,Kharif,4411,17.5,77193.42
Maize,Gujarat,Rabi,2791,26.69,74481.87
Soybean,Karnataka,Rabi,3619,20.48,74116.13
Maize,Tamil Nadu,Kharif,1623,23.9,38797.28
Soybean,Maharashtra,Rabi,1197,32.62,39044.07
Soybean,Tamil Nadu,Kharif,3394,17.84,60532.06
Wheat,Gujarat,Kharif,3193,30.26,96622.4
Maize,Maharashtra,Rabi,4465,34.98,156172.42
Maize,Punjab,Kharif,4210,21.11,88889.19
Maize,Tamil Nadu,Kharif,3232,25.61,82774.8
Rice,Gujarat,Kharif,969,20.95,20299.32
Maize,Tamil Nadu,Kharif,2074,19.61,40680.35
Wheat,Karnataka,Rabi,1528,33.22,50758.82
Cotton,Maharashtra,Kharif,4139,25.19,104281.36
Rice,Punjab,Rabi,4687,17.13,80284.7
Wheat,Karnataka,Kharif,3706,32.89,121884.3
Rice,Tamil Nadu,Rabi,793,16.58,13146.45
Soybean,Punjab,Kharif,3454,21.09,72829.5
Maize,Tamil Nadu,Kharif,3749,33.27,124730.2
Soybean,Karnataka,Rabi,2364,30.17,71333.29
Cotton,Karnataka,Rabi,2156,32.51,70102.23
Maize,Punjab,Kharif,1102,18.12,19972.2
Soybean,Gujarat,Rabi,1798,17.69,31801.44
Wheat,Karnataka,Rabi,2885,28.25,81503.52
Cotton,Tamil Nadu,Kharif,4513,18.48,83395.76
Maize,Gujarat,Kharif,3845,16.92,65062.41
Cotton,Tamil Nadu,Rabi,2721,22.81,62062.26
Soybean,Punjab,Rabi,1601,32.68,52320.23
Maize,Karnataka,Kharif,1720,16.68,28688.99
Wheat,Karnataka,Rabi,2104,17.04,35848.46
Cotton,Maharashtra,Kharif,2485,22.92,56954.83
Wheat,Maharashtra,Rabi,970,30.07,29168.13
Maize,Karnataka,Kharif,1163,15.59,18127.43
Maize,Punjab,Kharif,2062,18.94,39061.37
Soybean,Maharashtra,Rabi,2413,30.83,74392.65
Wheat,Punjab,Rabi,4640,26.52,123039.93
Rice,Tamil Nadu,Kharif,1228,24.48,30065.0
Maize,Maharashtra,Kharif,2625,24.74,64943.3
Soybean,Karnataka,Kharif,4469,17.61,78681.02
Maize,Tamil Nadu,Rabi,4368,27.54,120298.0
Maize,Gujarat,Kharif,3515,28.97,101842.99
Maize,Karnataka,Rabi,2992,25.37,75895.64
Cotton,Tamil Nadu,Rabi,540,28.51,15394.58
Cotton,Maharashtra,Kharif,3494,23.9,83509.55
Soybean,Punjab,Rabi,3095,16.05,49676.77
Rice,Maharashtra,Rabi,2572,21.79,56033.58
Cotton,Karnataka,Rabi,2669,26.72,71307.63
Rice,Tamil Nadu,Rabi,2345,18.22,42720.8
Rice,Tamil Nadu,Kharif,3113,22.52,70113.36
Rice,Karnataka,Rabi,1726,22.07,38086.05
Rice,Maharashtra,Rabi,1127,17.85,20117.29
Wheat,Maharashtra,Rabi,3558,17.98,63988.54
Rice,Maharashtra,Kharif,1258,29.63,37279.43
Soybean,Maharashtra,Kharif,3899,23.77,92661.58
Rice,Karnataka,Kharif,1309,22.21,29071.68
Soybean,Gujarat,Rabi,2085,32.56,67880.4
Cotton,Karnataka,Kharif,1170,25.37,29681.58
Wheat,Maharashtra,Rabi,2274,16.83,38261.16
Rice,Punjab,Kharif,750,31.4,23546.8
Rice,Karnataka,Kharif,1823,34.06,62085.57
Wheat,Gujarat,Kharif,1573,33.28,52348.85
Maize,Tamil Nadu,Kharif,1372,24.34,33395.05
Cotton,Tamil Nadu,Rabi,852,27.46,23395.02
Cotton,Punjab,Kharif,1275,28.68,36565.95
Rice,Gujarat,Rabi,1398,31.86,44538.34
Cotton,Punjab,Rabi,2236,21.24,47481.78
Maize,Gujarat,Rabi,3687,19.51,71946.87
Soybean,Karnataka,Kharif,1729,22.13,38254.62
Maize,Tamil Nadu,Rabi,3193,15.39,49130.46
Cotton,Gujarat,Rabi,1752,25.02,43831.84
Cotton,Gujarat,Kharif,1717,22.67,38920.57
Wheat,Karnataka,Kharif,617,16.92,10440.08
Wheat,Tamil Nadu,Rabi,4118,25.85,106460.72
Maize,Tamil Nadu,Kharif,2787,17.48,48723.77
Soybean,Maharashtra,Kharif,4124,27.91,115086.31
Soybean,Karnataka,Rabi,1590,26.28,41787.0
Cotton,Tamil Nadu,Rabi,3877,29.98,116219.72
Maize,Karnataka,Rabi,978,24.27,23737.7
Soybean,Punjab,Kharif,1651,16.59,27389.13
Wheat,Punjab,Kharif,1596,31.82,50789.7
Wheat,Gujarat,Rabi,2259,15.92,35961.42
Wheat,Gujarat,Kharif,4038,16.06,64835.23
Soybean,Punjab,Rabi,4669,30.94,144447.68
Cotton,Karnataka,Kharif,1604,27.3,43783.7
Maize,Maharashtra,Kharif,1364,22.81,31112.59
Wheat,Karnataka,Kharif,4269,29.27,124963.34
Cotton,Tamil Nadu,Rabi,4911,34.28,168343.64
Rice,Maharashtra,Kharif,2223,25.56,56810.29
Wheat,Maharashtra,Kharif,1220,24.96,30452.6
Rice,Punjab,Rabi,4972,24.97,124155.98
Cotton,Gujarat,Kharif,4452,27.91,124262.67
Soybean,Punjab,Rabi,2826,28.32,80021.06
Cotton,Tamil Nadu,Rabi,1653,17.29,28580.14
Cotton,Maharashtra,Kharif,1423,15.39,21898.46
Cotton,Tamil Nadu,Kharif,3171,15.27,48413.78
Cotton,Maharashtra,Rabi,3348,24.96,83565.09
Soybean,Punjab,Kharif,3977,16.24,64577.69
Maize,Tamil Nadu,Kharif,3552,23.65,83999.17
Wheat,Gujarat,Rabi,555,15.5,8604.98
Cotton,Karnataka,Kharif,962,23.98,23064.67
Rice,Gujarat,Kharif,3095,24.1,74592.5
Cotton,Tamil Nadu,Kharif,4944,18.76,92727.67
Cotton,Karnataka,Kharif,4054,28.31,114780.89
Soybean,Punjab,Rabi,4953,22.39,110891.32
Soybean,Maharashtra,Rabi,3579,32.0,114526.67
Maize,Punjab,Kharif,2415,26.14,63124.37
Soybean,Tamil Nadu,Kharif,631,30.14,19018.73
Rice,Punjab,Rabi,1235,16.72,20649.8
Soybean,Maharashtra,Kharif,3581,22.09,79095.12
Wheat,Maharashtra,Rabi,3221,32.61,105022.16
Wheat,Maharashtra,Kharif,4702,19.31,90795.22
Rice,Maharashtra,Rabi,4386,31.66,138868.77
Wheat,Gujarat,Rabi,1990,27.55,54826.47
Wheat,Tamil Nadu,Kharif,1917,21.31,40841.76
Rice,Karnataka,Rabi,4183,30.71,128473.18
Rice,Maharashtra,Kharif,4122,24.12,99426.89
Cotton,Punjab,Kharif,4030,16.62,66966.85
Rice,Tamil Nadu,Kharif,1878,22.02,41346.95
Cotton,Punjab,Rabi,2388,25.06,59844.81
Rice,Maharashtra,Rabi,1480,25.22,37323.58
Rice,Karnataka,Rabi,1930,16.56,31962.72
Soybean,Punjab,Rabi,2833,17.67,50063.84
Cotton,Punjab,Kharif,2930,20.59,60335.26
Rice,Punjab,Rabi,3288,16.16,53120.81
Soybean,Karnataka,Rabi,1659,25.92,43004.6
Soybean,Tamil Nadu,Rabi,2263,22.44,50776.96
Rice,Gujarat,Kharif,1784,16.71,29816.0
Wheat,Maharashtra,Rabi,1539,20.54,31606.51
Cotton,Punjab,Rabi,2465,33.48,82516.36
Wheat,Tamil Nadu,Kharif,3284,16.73,54932.99
Soybean,Tamil Nadu,Kharif,2134,34.11,72784.72
Maize,Karnataka,Kharif,2161,21.51,46476.24
Rice,Maharashtra,Kharif,1878,15.47,29059.73
Rice,Maharashtra,Kharif,2926,33.49,97980.79
Soybean,Karnataka,Rabi,2790,20.54,57318.75
Cotton,Maharashtra,Rabi,845,25.91,21890.27
Wheat,Maharashtra,Rabi,1927,23.46,45200.39
Wheat,Gujarat,Kharif,1823,22.18,40435.71
Soybean,Tamil Nadu,Kharif,689,21.17,14589.2
Maize,Tamil Nadu,Rabi,933,20.13,18784.61
Wheat,Maharashtra,Kharif,2242,24.25,54377.32
Soybean,Gujarat,Kharif,686,20.06,13762.76
Wheat,Karnataka,Kharif,1236,30.13,37242.56
Soybean,Punjab,Kharif,918,25.63,23530.04
Maize,Maharashtra,Kharif,4084,31.01,126642.46
Soybean,Tamil Nadu,Kharif,3785,20.37,77093.61
Soybean,Karnataka,Kharif,4977,33.24,165417.14
Maize,Karnataka,Kharif,1128,26.93,30374.79
Rice,Gujarat,Kharif,2009,22.79,45791.39
Rice,Karnataka,Rabi,1330,28.24,37553.25
Maize,Karnataka,Rabi,2066,25.42,52519.21
Cotton,Gujarat,Rabi,1312,27.84,36523.8
Maize,Karnataka,Rabi,2159,30.54,65940.44
Wheat,Punjab,Kharif,1140,32.81,37399.69
Soybean,Karnataka,Rabi,3137,19.76,61992.91
Maize,Punjab,Kharif,1339,17.55,23495.96
Rice,Gujarat,Rabi,3563,21.82,77742.02
Soybean,Karnataka,Rabi,4850,18.23,88423.88
Wheat,Gujarat,Kharif,2229,24.3,54164.94
Maize,Tamil Nadu,Kharif,3945,18.62,73444.99
Soybean,Karnataka,Kharif,976,17.74,17316.94
Rice,Tamil Nadu,Rabi,2985,18.7,55812.58
Wheat,Karnataka,Kharif,2382,33.58,79986.23
Soybean,Punjab,Kharif,4521,20.77,93915.16
Rice,Tamil Nadu,Kharif,4794,27.35,131132.32
Wheat,Gujarat,Rabi,4590,26.29,120686.28
Soybean,Tamil Nadu,Rabi,735,24.34,17891.51
Rice,Maharashtra,Rabi,3241,23.16,75056.9
Maize,Gujarat,Rabi,4352,19.1,83141.43
Cotton,Gujarat,Kharif,3924,32.9,129095.59
Maize,Maharashtra,Rabi,789,24.17,19070.31
Soybean,Gujarat,Rabi,3477,30.31,105370.86
Maize,Karnataka,Rabi,1022,16.72,17084.88
Cotton,Gujarat,Kharif,4264,18.52,78957.86
Soybean,Maharashtra,Kharif,2285,18.37,41986.65
Wheat,Tamil Nadu,Kharif,2807,23.54,66080.89
Maize,Tamil Nadu,Rabi,2743,19.45,53345.46
Maize,Punjab,Rabi,3480,25.77,89664.15
Wheat,Punjab,Rabi,1617,33.41,54019.11
Soybean,Karnataka,Rabi,2501,18.69,46753.78
Wheat,Gujarat,Rabi,4100,34.31,140663.83
Soybean,Karnataka,Kharif,2048,22.5,46080.98
Soybean,Karnataka,Kharif,4274,24.74,105750.8
Maize,Tamil Nadu,Kharif,1218,23.15,28194.87
Cotton,Gujarat,Kharif,1405,27.44,38556.09
Maize,Karnataka,Rabi,1242,17.18,21334.6
Wheat,Maharashtra,Rabi,3030,21.32,64604.14
Soybean,Gujarat,Kharif,4051,34.35,139143.01
Soybean,Gujarat,Rabi,3437,31.1,106900.89
Maize,Punjab,Rabi,3069,20.54,63035.1
Soybean,Maharashtra,Kharif,3645,17.63,64271.48
Wheat,Gujarat,Kharif,2701,20.02,54065.75
Wheat,Tamil Nadu,Rabi,647,25.8,16691.04
Rice,Karnataka,Rabi,917,34.94,32035.9
Maize,Tamil Nadu,Kharif,4181,26.04,108888.08
Maize,Karnataka,Rabi,3387,17.35,58774.9
Cotton,Punjab,Kharif,3845,33.33,128150.85
Cotton,Tamil Nadu,Rabi,2428,31.93,77530.15
Wheat,Tamil Nadu,Rabi,4577,17.95,82154.85
Soybean,Gujarat,Rabi,911,26.84,24453.13
Wheat,Karnataka,Kharif,4548,33.53,152507.41
Cotton,Gujarat,Rabi,1479,25.01,36996.7
Maize,Karnataka,Rabi,571,23.94,13667.05
Maize,Maharashtra,Rabi,1312,33.24,43609.59
Cotton,Karnataka,Kharif,1103,22.63,24958.62
Maize,Gujarat,Rabi,2478,29.13,72176.74
Wheat,Punjab,Rabi,1108,31.98,35430.2
Maize,Gujarat,Rabi,841,26.72,22475.33
Soybean,Tamil Nadu,Kharif,1653,15.01,24815.48
Soybean,Gujarat,Kharif,4854,32.69,158663.08
Cotton,Gujarat,Rabi,3421,17.38,59456.06
Maize,Tamil Nadu,Rabi,2581,22.96,59261.88
Rice,Punjab,Kharif,972,22.67,22036.6
Wheat,Punjab,Kharif,2388,26.34,62888.93
Soybean,Punjab,Kharif,1016,32.56,33076.95
Rice,Punjab,Rabi,4866,16.55,80553.92
Soybean,Punjab,Kharif,1303,23.88,31113.57
Cotton,Karnataka,Kharif,3981,23.55,93767.78
Maize,Punjab,Kharif,3336,21.31,71076.52
Cotton,Punjab,Kharif,1866,23.53,43900.97
Cotton,Gujarat,Kharif,4124,27.56,113655.93
Soybean,Maharashtra,Rabi,1735,27.32,47392.98
Maize,Maharashtra,Rabi,1390,20.84,28967.1
Soybean,Maharashtra,Rabi,4283,28.75,123133.56
Wheat,Tamil Nadu,Rabi,4597,20.4,93760.19
Soybean,Karnataka,Rabi,1657,33.53,55563.69
Cotton,Tamil Nadu,Rabi,2507,30.44,76309.85
Soybean,Punjab,Kharif,732,28.71,21016.65
Cotton,Maharashtra,Kharif,3210,29.37,94268.78
Cotton,Karnataka,Rabi,4842,32.45,157124.9
Wheat,Karnataka,Kharif,3641,24.04,87519.46
Wheat,Karnataka,Kharif,4364,17.42,76042.06
Soybean,Maharashtra,Rabi,2544,34.56,87919.16
Maize,Maharashtra,Kharif,2448,25.24,61786.48
Cotton,Punjab,Rabi,3945,24.55,96831.74
Soybean,Maharashtra,Rabi,3265,15.54,50738.2
Cotton,Tamil Nadu,Rabi,3868,23.8,92052.72
Cotton,Punjab,Rabi,1940,25.32,49123.72
Rice,Maharashtra,Kharif,587,18.53,10875.1
Cotton,Karnataka,Rabi,2130,17.98,38297.62
Soybean,Gujarat,Kharif,2564,21.68,55589.85
Cotton,Karnataka,Kharif,2558,28.93,73997.17
Rice,Gujarat,Rabi,2436,30.39,74019.13
Rice,Punjab,Kharif,2483,22.91,56894.65
Rice,Gujarat,Rabi,4032,17.3,69769.23
Rice,Maharashtra,Rabi,2992,16.53,49465.43
Cotton,Punjab,Kharif,4258,21.52,91638.52
Rice,Punjab,Rabi,1501,19.92,29904.2
Maize,Tamil Nadu,Kharif,3720,32.93,122488.59
Soybean,Punjab,Kharif,4437,27.21,120740.1
Wheat,Karnataka,Kharif,4490,23.19,104110.0
Wheat,Karnataka,Rabi,817,28.59,23354.58
Cotton,Gujarat,Rabi,1943,24.55,47703.06
Soybean,Maharashtra,Rabi,758,16.68,12641.2
Soybean,Karnataka,Rabi,3973,31.97,127018.83
Wheat,Punjab,Rabi,1726,29.56,51026.9
Maize,Karnataka,Kharif,1048,15.82,16575.73
Rice,Karnataka,Kharif,3520,29.12,102510.85
Maize,Maharashtra,Kharif,2040,31.95,65182.08
Cotton,Karnataka,Rabi,2432,17.83,43359.78
Cotton,Maharashtra,Rabi,2922,34.31,100266.14
Wheat,Punjab,Rabi,2517,29.67,74668.98
Rice,Punjab,Rabi,4144,28.26,117110.8
Maize,Tamil Nadu,Kharif,3471,19.05,66121.87
Wheat,Gujarat,Rabi,546,16.13,8806.97
Wheat,Gujarat,Kharif,3820,30.73,117379.17
Rice,Maharashtra,Rabi,2274,23.32,53040.23
Cotton,Tamil Nadu,Kharif,646,19.38,12520.37
Rice,Gujarat,Rabi,3027,19.43,58801.95
Wheat,Gujarat,Kharif,3746,26.47,99160.93
Cotton,Karnataka,Kharif,2755,22.34,61556.83
Wheat,Tamil Nadu,Kharif,1413,23.55,33279.26
Wheat,Karnataka,Rabi,1609,26.71,42981.66
Cotton,Tamil Nadu,Rabi,2390,31.9,76232.02
Maize,Tamil Nadu,Kharif,552,29.45,16257.67
Soybean,Tamil Nadu,Kharif,3384,34.05,115239.56
Maize,Gujarat,Kharif,3683,31.13,114663.96
Soybean,Karnataka,Rabi,3244,31.12,100964.54
Rice,Maharashtra,Kharif,2731,15.23,41599.72
Rice,Punjab,Kharif,4255,27.73,118010.01
Wheat,Punjab,Rabi,4984,27.68,137935.02
Wheat,Maharashtra,Kharif,2316,27.29,63194.38
Wheat,Gujarat,Kharif,2746,30.83,84655.77
Soybean,Punjab,Rabi,2956,22.2,65613.31
Maize,Punjab,Rabi,3701,15.11,55931.26
Wheat,Maharashtra,Kharif,4642,26.1,121156.16
Maize,Gujarat,Kharif,1590,27.66,43984.06
Maize,Karnataka,Kharif,2380,21.43,51006.08
Rice,Maharashtra,Rabi,2223,15.64,34762.04
Soybean,Maharashtra,Rabi,2888,30.64,88488.75
Cotton,Gujarat,Kharif,1227,24.9,30557.18
Maize,Maharashtra,Rabi,4234,33.23,140706.46
Maize,Gujarat,Rabi,2857,29.41,84029.17
Wheat,Gujarat,Rabi,1903,29.74,56603.62
Wheat,Karnataka,Kharif,3488,30.45,106226.45
Soybean,Gujarat,Rabi,951,32.09,30515.07
Soybean,Tamil Nadu,Kharif,908,21.31,19349.18
Cotton,Karnataka,Rabi,643,22.43,14421.86
Rice,Gujarat,Rabi,872,34.66,30227.01
Rice,Maharashtra,Kharif,3332,32.04,106754.09
Cotton,Maharashtra,Rabi,2594,31.42,81503.45
Wheat,Karnataka,Kharif,3906,16.27,63559.63
Cotton,Punjab,Rabi,2099,31.44,65997.81
Wheat,Tamil Nadu,Kharif,4128,32.59,134527.93
Rice,Gujarat,Kharif,1696,23.18,39313.22
Maize,Punjab,Rabi,1349,16.73,22574.0
Wheat,Tamil Nadu,Rabi,3185,24.56,78218.92
Wheat,Tamil Nadu,Rabi,678,30.99,21012.98
Maize,Gujarat,Rabi,4468,31.87,142394.02
Cotton,Karnataka,Kharif,4319,24.36,105190.66
Rice,Maharashtra,Kharif,619,18.42,11399.13
Cotton,Gujarat,Kharif,4798,31.23,149836.71
Maize,Tamil Nadu,Kharif,3583,27.17,97349.08
Wheat,Punjab,Rabi,3972,22.74,90327.01
Rice,Gujarat,Kharif,4178,33.97,141944.29
Wheat,Gujarat,Kharif,3085,20.35,62779.88
Soybean,Maharashtra,Rabi,1895,31.49,59665.07
Rice,Gujarat,Rabi,2283,16.44,37530.68
Maize,Gujarat,Rabi,564,29.67,16732.99
Rice,Punjab,Kharif,4670,34.76,162344.07
Wheat,Karnataka,Rabi,2049,33.93,69512.49
Maize,Tamil Nadu,Rabi,4598,28.35,130335.56
Maize,Gujarat,Kharif,2279,18.84,42940.29
Wheat,Punjab,Rabi,1677,31.52,52865.71
Maize,Gujarat,Kharif,2000,16.5,33005.98
Rice,Punjab,Kharif,4367,34.64,151264.7
Wheat,Maharashtra,Kharif,2339,20.94,48984.16
Cotton,Maharashtra,Rabi,2033,16.43,33401.33
Soybean,Tamil Nadu,Rabi,1706,29.92,51044.5
Maize,Gujarat,Kharif,918,33.88,31099.07
Wheat,Maharashtra,Kharif,3736,31.82,118887.05
Soybean,Tamil Nadu,Rabi,3129,22.15,69308.6
Maize,Tamil Nadu,Rabi,1092,18.45,20146.54
Maize,Gujarat,Kharif,3640,25.08,91275.26
Wheat,Maharashtra,Rabi,978,15.38,15039.34
Soybean,Punjab,Rabi,4232,18.11,76659.38
Wheat,Karnataka,Rabi,3245,20.72,67222.22
Soybean,Karnataka,Kharif,4936,29.31,144698.57
Wheat,Gujarat,Rabi,3370,32.31,108873.7
Maize,Karnataka,Kharif,2497,25.8,64413.56
Cotton,Karnataka,Rabi,1303,34.81,45351.01
Cotton,Maharashtra,Rabi,739,32.71,24173.98
Maize,Maharashtra,Kharif,3008,20.36,61245.17
Maize,Tamil Nadu,Kharif,2149,29.26,62887.03
Wheat,Maharashtra,Kharif,3379,21.58,72903.3
Cotton,Karnataka,Kharif,3325,22.85,75989.51
Maize,Punjab,Rabi,2774,22.86,63410.29
Rice,Maharashtra,Rabi,2636,25.65,67602.84
Cotton,Karnataka,Kharif,596,23.13,13783.08
Rice,Gujarat,Kharif,3140,19.03,59760.06
Maize,Maharashtra,Rabi,3385,34.24,115899.55
Wheat,Karnataka,Rabi,2160,32.98,71230.78
Rice,Maharashtra,Kharif,2194,17.29,37930.72
Soybean,Punjab,Rabi,4216,18.88,79605.79
Rice,Gujarat,Rabi,4037,27.03,109134.75
Soybean,Tamil Nadu,Kharif,1330,24.2,32180.42
Cotton,Karnataka,Kharif,2093,29.67,62108.5
Rice,Tamil Nadu,Kharif,1498,34.74,52033.53
Soybean,Maharashtra,Rabi,2111,31.53,66555.69
Maize,Tamil Nadu,Kharif,4968,28.07,139450.03
Cotton,Maharashtra,Kharif,2843,31.96,90871.67
Cotton,Gujarat,Rabi,4762,33.45,159292.3
Soybean,Gujarat,Rabi,3356,17.42,58455.06
Rice,Tamil Nadu,Rabi,2966,25.41,75356.13
Wheat,Karnataka,Kharif,4137,33.01,136567.93
Wheat,Punjab,Rabi,4055,15.92,64571.05
Rice,Punjab,Rabi,3585,21.38,76637.12
Cotton,Tamil Nadu,Kharif,2434,34.23,83304.34
Maize,Punjab,Kharif,4153,21.16,87872.25
Soybean,Gujarat,Rabi,870,18.4,16010.02
Maize,Tamil Nadu,Kharif,3380,34.69,117260.06
Rice,Tamil Nadu,Kharif,2260,32.5,73451.56
Rice,Gujarat,Rabi,3110,30.04,93409.76
Cotton,Karnataka,Kharif,1614,21.92,35380.13
Maize,Karnataka,Rabi,1342,31.4,42135.49
Rice,Maharashtra,Kharif,1727,28.88,49876.65
Soybean,Maharashtra,Kharif,1078,29.6,31911.33
Cotton,Punjab,Kharif,1602,21.34,34183.41
Maize,Punjab,Rabi,2689,16.63,44729.64
Wheat,Karnataka,Rabi,1716,19.17,32901.1
Rice,Punjab,Rabi,3628,24.94,90493.07
Rice,Maharashtra,Kharif,2974,21.05,62611.77
Cotton,Gujarat,Rabi,1411,17.3,24412.45
Maize,Tamil Nadu,Rabi,4965,25.95,128837.54
Maize,Maharashtra,Kharif,4027,26.92,108391.53
Rice,Tamil Nadu,Kharif,538,28.9,15550.55
Rice,Punjab,Rabi,3233,15.0,48506.78
Cotton,Maharashtra,Kharif,3149,25.74,81068.38
Wheat,Karnataka,Rabi,2222,31.49,69973.33
Maize,Maharashtra,Rabi,2140,18.67,39951.35
Rice,Punjab,Kharif,3736,20.73,77435.01
Wheat,Maharashtra,Rabi,3520,29.86,105091.98
Wheat,Karnataka,Rabi,4116,17.36,71455.14
Maize,Tamil Nadu,Rabi,2264,20.07,45436.44
Cotton,Punjab,Rabi,4239,32.47,137647.13
Soybean,Maharashtra,Rabi,4267,21.45,91520.32
Rice,Punjab,Kharif,1246,33.3,41488.98
Maize,Punjab,Kharif,3786,23.57,89238.04
Wheat,Karnataka,Rabi,3942,21.06,83010.8
Cotton,Gujarat,Rabi,1744,31.96,55745.41
Cotton,Maharashtra,Kharif,4852,28.34,137504.76
Soybean,Punjab,Kharif,2049,30.45,62384.98
Soybean,Punjab,Kharif,4049,23.26,94167.09
Maize,Karnataka,Kharif,3944,19.37,76394.58
Wheat,Karnataka,Kharif,1208,15.05,18180.54
Maize,Gujarat,Rabi,3856,33.37,128671.29
Rice,Tamil Nadu,Kharif,622,21.44,13333.17
Soybean,Gujarat,Kharif,2535,19.93,50511.42
Cotton,Tamil Nadu,Kharif,2731,27.66,75540.9
Wheat,Karnataka,Kharif,4079,24.53,100064.42
Soybean,Karnataka,Kharif,1057,15.44,16316.29
Maize,Maharashtra,Kharif,2653,23.84,63245.18
Cotton,Gujarat,Rabi,2416,22.69,54812.06
Maize,Gujarat,Rabi,2507,17.62,44179.47
Rice,Karnataka,Rabi,4634,16.58,76849.86
Cotton,Punjab,Rabi,4629,17.34,80285.31
Soybean,Karnataka,Rabi,4815,19.03,91616.1
Wheat,Maharashtra,Kharif,4550,31.7,144243.42
Soybean,Karnataka,Rabi,3173,25.18,79904.86
Soybean,Karnataka,Kharif,3480,21.07,73339.97
Wheat,Maharashtra,Kharif,4707,15.67,73779.15
Wheat,Maharashtra,Kharif,2348,21.25,49896.03
Cotton,Karnataka,Rabi,3648,34.8,126944.8
Rice,Punjab,Kharif,4297,17.26,74163.58
Soybean,Karnataka,Kharif,4249,31.54,134002.13
Soybean,Maharashtra,Kharif,3849,32.27,124203.7
Cotton,Karnataka,Rabi,1029,31.17,32071.68
Maize,Tamil Nadu,Rabi,4443,33.31,147987.44
Wheat,Maharashtra,Rabi,3668,34.25,125615.96
Rice,Karnataka,Kharif,2282,27.39,62504.86
Rice,Maharashtra,Rabi,3265,24.61,80353.07
Wheat,Maharashtra,Rabi,4495,22.45,100892.17
Soybean,Tamil Nadu,Kharif,4637,26.52,122972.2
Soybean,Tamil Nadu,Rabi,3744,19.46,72870.97
Wheat,Tamil Nadu,Kharif,4136,19.35,80025.04
Wheat,Gujarat,Rabi,4024,16.03,64493.77
Maize,Tamil Nadu,Kharif,882,15.94,14062.05
Maize,Punjab,Rabi,2307,30.99,71500.8
Cotton,Gujarat,Kharif,2331,15.2,35421.19
Maize,Gujarat,Kharif,3676,33.71,123933.92
Wheat,Maharashtra,Kharif,4111,32.48,133542.32
Rice,Punjab,Rabi,1671,24.58,41076.5
Maize,Tamil Nadu,Rabi,1268,16.37,20758.74
Maize,Tamil Nadu,Kharif,1525,22.3,34013.6
Maize,Karnataka,Kharif,2285,34.34,78475.91
Maize,Gujarat,Kharif,590,16.59,9789.25
Rice,Punjab,Kharif,3048,28.9,88086.76
Rice,Gujarat,Rabi,4543,17.21,78186.54
Wheat,Gujarat,Rabi,2577,30.97,79814.84
Soybean,Gujarat,Kharif,3296,25.9,85362.09
Wheat,Maharashtra,Kharif,4901,16.94,83007.2
Maize,Karnataka,Rabi,3376,29.32,98984.35
Wheat,Gujarat,Kharif,1372,28.87,39609.59
Wheat,Maharashtra,Kharif,1220,23.38,28527.56
Wheat,Tamil Nadu,Kharif,4083,29.02,118507.77
Maize,Tamil Nadu,Kharif,1390,23.79,33068.5
Maize,Karnataka,Rabi,4392,15.54,68234.28
Wheat,Karnataka,Kharif,4524,31.71,143453.76
Maize,Maharashtra,Rabi,962,33.46,32187.86
Cotton,Punjab,Rabi,666,32.29,21504.01
Wheat,Punjab,Kharif,967,19.83,19171.22
Wheat,Maharashtra,Kharif,4012,18.1,72611.2
Wheat,Tamil Nadu,Kharif,1036,17.96,18609.76
Soybean,Punjab,Rabi,957,22.24,21285.02
Maize,Tamil Nadu,Rabi,704,22.78,16036.26
Wheat,Gujarat,Rabi,3655,29.43,107561.9
Maize,Maharashtra,Kharif,845,23.31,19696.14
Maize,Gujarat,Kharif,776,33.46,25965.08
Wheat,Maharashtra,Kharif,3029,27.37,82904.06
Wheat,Karnataka,Kharif,3841,16.17,62122.84
Soybean,Gujarat,Kharif,724,34.75,25156.78
Maize,Tamil Nadu,Rabi,3307,26.16,86517.24
Maize,Gujarat,Rabi,3019,32.2,97216.64
Wheat,Punjab,Rabi,4282,20.8,89083.72
Wheat,Tamil Nadu,Rabi,2675,20.17,53953.83
Rice,Punjab,Kharif,1986,22.02,43739.98
Maize,Maharashtra,Rabi,3493,23.91,83510.7
Wheat,Karnataka,Rabi,752,25.3,19023.64
Rice,Karnataka,Rabi,3652,16.04,58574.72
Soybean,Maharashtra,Kharif,2132,27.83,59335.2
Rice,Tamil Nadu,Rabi,1500,27.24,40858.97
Soybean,Karnataka,Kharif,2734,26.61,72742.15
Rice,Punjab,Kharif,1747,22.24,38847.82
Rice,Gujarat,Kharif,631,26.32,16606.61
Rice,Gujarat,Kharif,1011,25.52,25804.67
Rice,Karnataka,Kharif,3192,16.34,52167.82
Cotton,Gujarat,Kharif,4595,29.77,136772.54
Wheat,Punjab,Kharif,2064,17.63,36389.84
Wheat,Karnataka,Kharif,631,29.55,18644.11
Rice,Karnataka,Kharif,3020,21.85,65986.31
Cotton,Maharashtra,Kharif,3747,28.94,108442.57
Cotton,Punjab,Kharif,4794,30.42,145844.17
Soybean,Gujarat,Rabi,1273,22.44,28563.48
Soybean,Gujarat,Rabi,2399,31.16,74745.75
Maize,Gujarat,Rabi,4225,15.38,64968.88
Cotton,Gujarat,Rabi,3682,28.38,104505.4
Wheat,Karnataka,Rabi,2638,31.17,82236.21
Cotton,Gujarat,Kharif,3769,29.49,111132.92
Maize,Maharashtra,Rabi,4361,15.23,66400.01
Maize,Tamil Nadu,Kharif,1463,20.14,29460.8
Maize,Tamil Nadu,Rabi,4604,18.12,83445.1
Maize,Karnataka,Rabi,3105,26.94,83640.97
Cotton,Maharashtra,Kharif,4837,22.03,106563.0
Wheat,Punjab,Kharif,3764,18.09,68074.48
Maize,Maharashtra,Kharif,2638,15.8,41680.25
Wheat,Maharashtra,Rabi,3817,16.26,62060.19
Cotton,Gujarat,Rabi,956,18.11,17312.43
Rice,Tamil Nadu,Rabi,3219,16.85,54232.99
Wheat,Maharashtra,Kharif,3164,31.29,98989.98
Rice,Maharashtra,Kharif,3449,19.91,68670.11
Rice,Gujarat,Kharif,573,32.4,18567.25
Cotton,Maharashtra,Kharif,2591,25.5,66081.7
Rice,Punjab,Rabi,4795,20.12,96480.51
Rice,Tamil Nadu,Rabi,3193,29.79,95120.28
Cotton,Karnataka,Kharif,1113,34.17,38033.94
Wheat,Tamil Nadu,Rabi,4983,33.64,167632.5
Wheat,Punjab,Kharif,2362,32.4,76522.72
Rice,Karnataka,Kharif,3439,18.78,64573.46
Cotton,Gujarat,Rabi,4646,22.06,102477.55
Soybean,Punjab,Rabi,4566,18.5,84462.83
Soybean,Maharashtra,Rabi,851,32.87,27969.72
Rice,Maharashtra,Rabi,2376,24.37,57891.44
Wheat,Gujarat,Kharif,2217,25.04,55522.63
Cotton,Punjab,Kharif,4324,27.07,117061.49
Maize,Tamil Nadu,Kharif,3093,25.51,78911.67
Rice,Karnataka,Rabi,4171,30.38,126733.71
Soybean,Gujarat,Rabi,4219,20.24,85393.97
Soybean,Karnataka,Rabi,2028,16.32,33099.61
Soybean,Karnataka,Kharif,767,22.61,17338.65
Cotton,Punjab,Rabi,1128,16.45,18560.36
Rice,Karnataka,Kharif,3777,25.62,96756.58
Rice,Maharashtra,Rabi,1174,25.89,30399.76
Rice,Karnataka,Kharif,3274,30.34,99330.27
Cotton,Gujarat,Rabi,2762,28.98,80045.45
Maize,Tamil Nadu,Rabi,2331,22.21,51781.31
Rice,Tamil Nadu,Kharif,752,34.07,25617.46
Maize,Karnataka,Rabi,4892,23.93,117071.14
Maize,Karnataka,Rabi,3968,30.54,121169.78
Soybean,Gujarat,Kharif,4649,21.18,98469.65
Wheat,Maharashtra,Kharif,3075,28.69,88207.95
Soybean,Maharashtra,Kharif,2262,30.76,69587.95
Soybean,Maharashtra,Rabi,858,27.66,23734.12
Soybean,Gujarat,Kharif,2098,23.36,49015.38
Rice,Punjab,Rabi,1024,27.02,27665.99
Rice,Karnataka,Rabi,4543,27.34,124222.11
Cotton,Punjab,Kharif,2608,22.97,59899.54
Soybean,Karnataka,Kharif,4876,16.17,78854.97
Cotton,Punjab,Kharif,2729,30.35,82828.72
Maize,Gujarat,Rabi,2490,29.76,74097.09
Wheat,Karnataka,Kharif,4763,23.79,113321.91
Cotton,Gujarat,Kharif,1146,27.89,31956.45
Soybean,Maharashtra,Rabi,3352,17.46,58514.85
Wheat,Maharashtra,Kharif,4028,16.28,65584.89
Cotton,Tamil Nadu,Kharif,1988,18.2,36172.43
Soybean,Maharashtra,Rabi,4644,28.89,134163.93
Soybean,Punjab,Kharif,722,30.56,22066.16
Cotton,Punjab,Rabi,3003,25.36,76152.95
Rice,Gujarat,Rabi,1668,21.97,36640.09
Cotton,Maharashtra,Kharif,1961,23.9,46861.86
Wheat,Karnataka,Rabi,799,28.6,22848.09
Maize,Punjab,Rabi,2351,15.27,35898.63
Wheat,Maharashtra,Rabi,1692,28.37,48000.21
Maize,Karnataka,Kharif,4749,27.34,129849.29
Maize,Gujarat,Kharif,3539,15.57,55087.4
Soybean,Punjab,Rabi,2295,26.42,60642.09
Wheat,Karnataka,Kharif,3503,16.83,58948.72
Soybean,Punjab,Rabi,4830,25.04,120957.58
Cotton,Tamil Nadu,Kharif,4031,28.93,116611.72
Rice,Gujarat,Kharif,3537,17.42,61630.67
Wheat,Maharashtra,Kharif,984,15.79,15532.78
Soybean,Karnataka,Rabi,3697,18.14,67058.5
Maize,Maharashtra,Rabi,2239,16.72,37434.72
Maize,Tamil Nadu,Rabi,3925,32.29,126727.22
Soybean,Punjab,Rabi,4713,26.84,126477.19
Wheat,Gujarat,Kharif,3484,31.33,109164.46
Cotton,Punjab,Kharif,1972,24.0,47336.23
Soybean,Tamil Nadu,Kharif,4102,32.36,132738.58
Wheat,Karnataka,Rabi,4133,26.5,109508.61
Maize,Tamil Nadu,Rabi,2273,22.66,51515.07
Maize,Maharashtra,Kharif,976,21.99,21460.3
Cotton,Maharashtra,Rabi,2087,32.4,67628.86
Cotton,Punjab,Rabi,3381,17.69,59805.71
Cotton,Karnataka,Kharif,3488,30.9,107792.47
Soybean,Maharashtra,Kharif,2468,28.34,69939.32
Soybean,Gujarat,Kharif,2795,32.91,91988.46
Rice,Punjab,Kharif,3610,27.46,99119.47
Rice,Karnataka,Rabi,4443,23.25,103280.27
Cotton,Punjab,Kharif,1176,16.33,19201.76
Maize,Punjab,Kharif,1696,22.64,38392.93
Soybean,Punjab,Rabi,3805,24.45,93019.19
Rice,Punjab,Rabi,4591,21.87,100415.31
Soybean,Gujarat,Kharif,1180,33.67,39731.84
Maize,Punjab,Kharif,3277,21.77,71346.09
Maize,Punjab,Rabi,1187,20.14,23903.54
Cotton,Punjab,Rabi,2484,31.01,77021.75
Wheat,Maharashtra,Rabi,3817,30.25,115463.18
Maize,Maharashtra,Rabi,556,24.92,13856.48
Soybean,Punjab,Kharif,3696,33.65,124383.03
Maize,Maharashtra,Rabi,2949,25.71,75813.99
Cotton,Punjab,Kharif,514,19.01,9773.29
Soybean,Maharashtra,Rabi,1817,34.86,63338.88
Wheat,Maharashtra,Kharif,1433,20.89,29928.96
Rice,Tamil Nadu,Rabi,4416,28.06,123923.54
Cotton,Maharashtra,Kharif,3961,16.46,65204.28
Rice,Punjab,Rabi,1394,34.6,48237.77
Maize,Karnataka,Kharif,1908,34.9,66585.01
Cotton,Gujarat,Rabi,4926,20.4,100481.47
Wheat,Gujarat,Kharif,2365,26.82,63441.01
Cotton,Tamil Nadu,Kharif,4148,22.48,93226.58
Soybean,Gujarat,Rabi,4116,19.32,79504.1
Soybean,Tamil Nadu,Rabi,4599,28.87,132774.66
Wheat,Maharashtra,Rabi,3672,16.22,59542.59
Soybean,Karnataka,Kharif,3603,31.28,112714.39
Maize,Punjab,Rabi,3540,15.47,54770.27
Rice,Gujarat,Rabi,3638,31.17,113413.0
Cotton,Punjab,Rabi,2622,18.84,49397.08
Wheat,Maharashtra,Kharif,4081,30.42,124135.97
Soybean,Karnataka,Kharif,3362,16.32,54860.41
Maize,Tamil Nadu,Kharif,1633,27.32,44611.54
Rice,Gujarat,Rabi,3046,29.47,89756.23
Wheat,Tamil Nadu,Kharif,3231,26.72,86330.07
Wheat,Maharashtra,Kharif,4867,33.0,160615.2
Maize,Tamil Nadu,Kharif,809,29.31,23710.31
Rice,Maharashtra,Kharif,1734,18.31,31742.7
Maize,Punjab,Rabi,1741,23.54,40981.68
Rice,Gujarat,Rabi,2932,28.39,83237.83
Rice,Karnataka,Kharif,1268,33.31,42237.56
Rice,Punjab,Rabi,783,31.56,24711.64
Cotton,Gujarat,Kharif,3980,20.55,81790.39
Rice,Tamil Nadu,Kharif,618,15.42,9531.41
Maize,Tamil Nadu,Kharif,4372,32.98,144204.14
Wheat,Punjab,Rabi,2143,21.89,46902.67
Maize,Tamil Nadu,Kharif,2394,23.59,56468.94
Maize,Maharashtra,Kharif,4051,22.37,90626.64
Wheat,Gujarat,Kharif,1986,30.13,59847.95
Cotton,Tamil Nadu,Rabi,2100,24.84,52168.64
Rice,Maharashtra,Rabi,2994,19.6,58672.83
Maize,Punjab,Rabi,1957,19.73,38606.92
Maize,Karnataka,Rabi,4589,26.57,121931.74
Maize,Gujarat,Rabi,2250,33.34,75017.65
Soybean,Gujarat,Kharif,2350,16.5,38783.86
Wheat,Tamil Nadu,Rabi,1522,22.51,34256.43
Maize,Gujarat,Kharif,848,21.04,17841.76
Rice,Tamil Nadu,Kharif,2999,25.97,77873.44
Wheat,Punjab,Rabi,4228,33.82,142978.3
Maize,Gujarat,Rabi,2193,19.87,43568.91
Soybean,Maharashtra,Rabi,547,28.44,15555.6
Cotton,Karnataka,Rabi,2726,18.63,50790.2
Wheat,Punjab,Kharif,1299,19.32,25101.75
Soybean,Karnataka,Kharif,1656,17.98,29775.71
Cotton,Karnataka,Kharif,1083,32.99,35729.67
Cotton,Tamil Nadu,Rabi,1633,25.36,41416.22
Soybean,Gujarat,Rabi,4921,34.83,171377.89
Maize,Gujarat,Rabi,3539,22.67,80232.37
Cotton,Karnataka,Rabi,4339,18.99,82383.68
Maize,Maharashtra,Kharif,3843,25.1,96454.46
Cotton,Gujarat,Rabi,3338,20.72,69166.85
Cotton,Tamil Nadu,Rabi,3188,31.28,99709.27
Wheat,Gujarat,Rabi,3074,25.5,78375.1
Soybean,Maharashtra,Kharif,3226,15.6,50310.03
Wheat,Karnataka,Kharif,4497,21.09,94844.52
Maize,Tamil Nadu,Kharif,1881,24.06,45249.21
Soybean,Gujarat,Rabi,4417,34.62,152908.29
Soybean,Maharashtra,Rabi,3975,29.25,116286.08
Wheat,Punjab,Rabi,1388,27.47,38123.49
Maize,Tamil Nadu,Kharif,1034,21.46,22187.52
Maize,Maharashtra,Rabi,4724,22.15,104655.96
Cotton,Punjab,Kharif,3788,18.59,70432.26
Rice,Maharashtra,Kharif,1529,26.94,41187.32
Wheat,Punjab,Rabi,4142,28.33,117338.35
Rice,Tamil Nadu,Kharif,1737,24.47,42497.04
Maize,Maharashtra,Rabi,4441,22.05,97908.06
Wheat,Karnataka,Rabi,2664,25.63,68278.58
Soybean,Gujarat,Kharif,651,32.5,21156.88
Wheat,Punjab,Kharif,3271,24.39,79766.45
Rice,Karnataka,Rabi,4125,25.33,104474.77
Soybean,Punjab,Kharif,1961,16.03,31440.11
Maize,Tamil Nadu,Kharif,1891,25.7,48601.38
Wheat,Tamil Nadu,Rabi,1243,24.94,31001.96
Soybean,Karnataka,Rabi,3771,28.29,106674.12
Maize,Maharashtra,Kharif,2000,16.3,32599.42
Cotton,Maharashtra,Kharif,3134,16.99,53255.31
Rice,Karnataka,Rabi,3903,27.79,108458.63
Rice,Gujarat,Kharif,1103,20.27,22355.2
Maize,Gujarat,Kharif,1035,19.63,20314.43
Rice,Tamil Nadu,Kharif,2334,27.33,63780.91
Cotton,Maharashtra,Rabi,4584,25.51,116916.42
Rice,Karnataka,Rabi,714,34.06,24319.05
Wheat,Tamil Nadu,Rabi,1412,20.24,28580.97
Maize,Maharashtra,Kharif,1558,19.43,30270.48
Maize,Maharashtra,Kharif,1113,25.12,27957.12
Maize,Gujarat,Kharif,1221,20.25,24722.33
Maize,Tamil Nadu,Rabi,3772,18.62,70249.6
Maize,Karnataka,Kharif,3597,19.16,68915.48
Wheat,Gujarat,Kharif,1216,20.77,25261.4
Cotton,Karnataka,Rabi,762,19.07,14529.37
Cotton,Maharashtra,Kharif,3313,18.21,60317.32
Rice,Maharashtra,Rabi,1401,33.0,46229.41
Cotton,Gujarat,Kharif,889,18.23,16202.23
Soybean,Karnataka,Rabi,2699,26.58,71741.59
Rice,Maharashtra,Kharif,1064,24.71,26291.73
Rice,Karnataka,Rabi,3723,31.01,115460.08
Wheat,Karnataka,Kharif,4227,25.25,106740.47
Rice,Gujarat,Kharif,2846,19.04,54178.3
Wheat,Punjab,Kharif,4818,21.61,104113.67
Cotton,Punjab,Kharif,792,18.53,14677.14
Maize,Gujarat,Kharif,1206,33.04,39850.55
Wheat,Punjab,Rabi,1241,21.91,27188.16
Cotton,Tamil Nadu,Rabi,3491,24.14,84275.2
Maize,Tamil Nadu,Kharif,3267,22.52,73557.77
Wheat,Tamil Nadu,Rabi,4243,25.38,107682.9
Soybean,Karnataka,Kharif,3937,23.95,94281.31
Maize,Maharashtra,Kharif,1466,25.52,37417.34
Rice,Punjab,Kharif,659,26.32,17347.87
Rice,Tamil Nadu,Rabi,1485,19.03,28263.33
Wheat,Karnataka,Kharif,2130,34.11,72663.09
Rice,Karnataka,Rabi,893,28.1,25092.81
Maize,Punjab,Kharif,3967,25.93,102878.92
Cotton,Maharashtra,Rabi,2937,16.72,49102.32
Wheat,Tamil Nadu,Rabi,609,16.88,10280.4
Wheat,Gujarat,Kharif,2702,21.86,59068.37
Soybean,Tamil Nadu,Kharif,2954,21.84,64526.46
Wheat,Punjab,Kharif,3193,15.96,50971.52
Maize,Karnataka,Kharif,4246,23.46,99610.98
Wheat,Maharashtra,Kharif,1315,20.52,26977.88
Rice,Gujarat,Rabi,1330,34.32,45642.08
Cotton,Gujarat,Kharif,2319,29.72,68930.55
Wheat,Gujarat,Kharif,4737,22.24,105338.28
Rice,Punjab,Kharif,4657,16.15,75218.69
Soybean,Maharashtra,Kharif,4862,34.34,166958.03
Maize,Maharashtra,Kharif,2315,29.89,69189.1
Cotton,Karnataka,Rabi,2949,20.78,61278.8
Soybean,Tamil Nadu,Kharif,2639,34.4,90772.12
Wheat,Tamil Nadu,Kharif,764,18.4,14057.35
Maize,Punjab,Rabi,682,22.46,15318.47
Wheat,Punjab,Kharif,3510,30.09,105627.83
Wheat,Punjab,Rabi,3712,21.28,79002.82
Rice,Gujarat,Kharif,1757,32.78,57599.62
Wheat,Punjab,Rabi,1670,33.03,55166.67
Wheat,Karnataka,Rabi,3008,21.57,64877.51
Soybean,Tamil Nadu,Rabi,1833,21.26,38975.8
Cotton,Tamil Nadu,Kharif,2770,27.66,76627.12
Cotton,Tamil Nadu,Rabi,922,25.71,23703.58
Cotton,Gujarat,Rabi,1720,33.31,57290.73
Soybean,Maharashtra,Kharif,3240,21.7,70292.04
Soybean,Gujarat,Rabi,1381,26.41,36468.29
Wheat,Maharashtra,Kharif,3553,17.2,61117.22
Soybean,Karnataka,Kharif,695,23.83,16559.11
Wheat,Gujarat,Kharif,2827,29.31,82864.27
Rice,Tamil Nadu,Rabi,1902,34.62,65848.53
Rice,Tamil Nadu,Kharif,3127,20.92,65403.06
Rice,Punjab,Rabi,4587,33.46,153496.78
Cotton,Karnataka,Kharif,1164,30.71,35750.48
Cotton,Karnataka,Kharif,2097,17.64,36999.6
Soybean,Maharashtra,Rabi,1152,23.96,27596.27
Cotton,Maharashtra,Kharif,3810,16.85,64192.69
Rice,Karnataka,Kharif,4636,19.7,91316.36
Maize,Maharashtra,Rabi,3565,18.93,67503.2
Wheat,Tamil Nadu,Kharif,3109,24.67,76708.13
Cotton,Gujarat,Rabi,1129,24.37,27514.14
Maize,Tamil Nadu,Kharif,3254,29.54,96116.01
Soybean,Karnataka,Kharif,2834,21.1,59790.27
Soybean,Gujarat,Kharif,1092,18.81,20538.76
Cotton,Tamil Nadu,Rabi,3447,32.98,113689.12
Soybean,Gujarat,Kharif,4054,15.18,61555.27
Wheat,Punjab,Rabi,2645,27.46,72624.52
Wheat,Tamil Nadu,Kharif,3433,23.4,80333.69
Cotton,Punjab,Kharif,1206,27.67,33374.69
Cotton,Gujarat,Kharif,998,20.61,20569.79
Cotton,Tamil Nadu,Rabi,2530,23.31,58977.31
Wheat,Punjab,Rabi,3471,34.85,120957.01
Wheat,Tamil Nadu,Kharif,1353,16.27,22018.42
Rice,Tamil Nadu,Rabi,1822,33.83,61642.01
Wheat,Gujarat,Kharif,866,31.82,27557.15
Wheat,Punjab,Rabi,4336,18.85,81746.33
Soybean,Punjab,Kharif,4341,18.73,81315.81
Rice,Punjab,Rabi,910,34.43,31329.01
Soybean,Tamil Nadu,Kharif,4735,30.18,142906.44
Maize,Maharashtra,Kharif,2607,29.23,76208.11
Rice,Karnataka,Rabi,548,26.32,14422.1
Soybean,Tamil Nadu,Rabi,2503,34.22,85661.47
Rice,Karnataka,Rabi,4825,24.4,117720.63
Wheat,Punjab,Kharif,1153,21.16,24400.78
Soybean,Karnataka,Rabi,3135,31.3,98134.49
Maize,Gujarat,Kharif,3208,20.19,64756.99
Wheat,Maharashtra,Rabi,4587,19.06,87414.65
Soybean,Gujarat,Kharif,4654,23.4,108890.67
Rice,Maharashtra,Kharif,688,23.97,16488.3
Maize,Punjab,Kharif,3743,24.33,91071.85
Maize,Gujarat,Kharif,2569,34.8,89398.56
Rice,Punjab,Rabi,1971,31.34,61777.62
Cotton,Karnataka,Kharif,3541,23.31,82554.82
Cotton,Karnataka,Kharif,4776,29.34,140105.36
Cotton,Tamil Nadu,Rabi,2939,15.76,46321.25
Wheat,Maharashtra,Rabi,2826,21.85,61743.36
Soybean,Punjab,Rabi,2129,25.59,54471.27
Rice,Tamil Nadu,Rabi,1822,29.36,53487.94
Wheat,Punjab,Rabi,4701,26.18,123080.22
Soybean,Tamil Nadu,Kharif,2789,17.81,49683.07
Maize,Tamil Nadu,Kharif,519,34.07,17683.6
Wheat,Tamil Nadu,Kharif,4281,19.22,82300.97
Cotton,Maharashtra,Rabi,4851,20.94,101556.94
Cotton,Punjab,Kharif,930,26.64,24778.27
Rice,Punjab,Kharif,1109,33.12,36730.87
Rice,Gujarat,Rabi,2406,27.24,65529.24
Maize,Karnataka,Rabi,3070,30.43,93429.98
Maize,Gujarat,Rabi,1914,22.23,42548.34
Maize,Gujarat,Rabi,2121,25.88,54884.82
Soybean,Punjab,Kharif,3516,23.62,83032.86
Cotton,Punjab,Kharif,3579,21.93,78498.66
Wheat,Punjab,Kharif,1683,22.27,37484.39
Maize,Karnataka,Rabi,4673,27.16,126911.17
Maize,Karnataka,Rabi,801,30.02,24044.4
Soybean,Maharashtra,Kharif,3020,25.67,77511.87
Soybean,Punjab,Kharif,4402,19.51,85878.62
Rice,Maharashtra,Kharif,1956,25.05,48994.25
Cotton,Maharashtra,Kharif,1590,23.31,37060.48
Rice,Maharashtra,Kharif,4407,15.04,66297.07
Cotton,Karnataka,Rabi,4749,24.39,115824.93
Soybean,Gujarat,Kharif,3594,26.81,96342.73
Soybean,Punjab,Rabi,3124,23.53,73497.18
Wheat,Tamil Nadu,Rabi,2412,25.63,61808.04
Wheat,Punjab,Kharif,1868,18.67,34866.81
Rice,Maharashtra,Rabi,2564,20.88,53526.74
Soybean,Maharashtra,Rabi,618,20.4,12604.4
Cotton,Tamil Nadu,Rabi,902,26.59,23982.27
Rice,Punjab,Rabi,868,29.46,25568.48
Soybean,Karnataka,Rabi,2371,17.79,42178.55
Soybean,Tamil Nadu,Kharif,1925,25.75,49577.78
Soybean,Punjab,Rabi,4246,20.61,87515.79
Wheat,Tamil Nadu,Kharif,3768,22.68,85472.78
Soybean,Maharashtra,Rabi,2477,22.97,56891.41
Soybean,Punjab,Kharif,2300,30.77,70781.13
Cotton,Maharashtra,Rabi,4581,28.69,131432.58
Rice,Maharashtra,Rabi,4285,33.58,143877.36
Maize,Karnataka,Rabi,4856,15.36,74591.32
Maize,Karnataka,Rabi,3525,22.32,78667.58
Wheat,Gujarat,Rabi,4340,17.31,75120.54
Soybean,Karnataka,Kharif,2210,31.43,69456.5
Rice,Maharashtra,Rabi,1947,34.6,67366.82
Rice,Maharashtra,Kharif,836,27.53,23011.34
Maize,Gujarat,Kharif,1532,20.94,32079.43
Soybean,Punjab,Kharif,2896,28.92,83745.66
Rice,Karnataka,Rabi,3167,26.44,83746.11
Maize,Gujarat,Kharif,4602,23.33,107342.07
Soybean,Maharashtra,Kharif,3560,20.4,72610.53
Maize,Karnataka,Kharif,3605,17.08,61578.45
Soybean,Karnataka,Kharif,1297,15.03,19499.49
Soybean,Tamil Nadu,Rabi,3801,20.13,76515.3
Cotton,Punjab,Kharif,4839,24.59,118990.71
Soybean,Karnataka,Kharif,1783,30.95,55183.5
Maize,Gujarat,Rabi,1421,27.82,39530.29
Wheat,Tamil Nadu,Rabi,4352,15.46,67276.31
Wheat,Karnataka,Kharif,2471,27.05,66830.81
Cotton,Gujarat,Rabi,3612,20.54,74193.08
Maize,Maharashtra,Kharif,821,28.32,23246.79
Maize,Gujarat,Kharif,4340,33.4,144974.06
Cotton,Tamil Nadu,Rabi,4751,30.52,145011.18
Cotton,Maharashtra,Rabi,1640,27.85,45671.91
Cotton,Gujarat,Rabi,3645,27.7,100972.47
Rice,Punjab,Kharif,3502,24.47,85685.92
Soybean,Tamil Nadu,Kharif,4604,16.0,73673.44
Rice,Tamil Nadu,Kharif,4458,18.37,81874.96
Maize,Karnataka,Kharif,2542,17.67,44905.29
Wheat,Punjab,Kharif,4607,20.45,94209.2
Cotton,Karnataka,Kharif,2025,25.57,51786.18
Soybean,Punjab,Kharif,1825,33.85,61771.57
Maize,Punjab,Kharif,1117,21.37,23875.15
Rice,Maharashtra,Kharif,1989,15.03,29893.2
Rice,Maharashtra,Rabi,3387,32.9,111417.3
Wheat,Punjab,Kharif,2564,16.42,42096.69
Cotton,Gujarat,Kharif,4008,31.4,125859.07
Cotton,Gujarat,Kharif,971,29.26,28411.34
Wheat,Gujarat,Kharif,2733,17.18,46957.46
Maize,Tamil Nadu,Rabi,3238,19.13,61928.16
Wheat,Punjab,Kharif,3177,21.79,69212.8
Soybean,Karnataka,Rabi,3041,18.7,56870.83
Rice,Tamil Nadu,Rabi,2624,32.81,86098.95
Wheat,Punjab,Kharif,4698,22.7,106641.07
Wheat,Karnataka,Kharif,1403,32.19,45163.04
Soybean,Karnataka,Rabi,1673,25.51,42678.2
Soybean,Tamil Nadu,Rabi,4391,34.03,149445.69
Rice,Gujarat,Kharif,760,32.05,24354.83
Rice,Karnataka,Kharif,3678,29.36,107981.95
Rice,Punjab,Rabi,2644,31.85,84207.03
Maize,Gujarat,Kharif,1436,20.69,29714.72
Rice,Punjab,Kharif,4707,33.95,159823.28
Wheat,Karnataka,Kharif,2024,23.56,47683.95
Soybean,Punjab,Kharif,4918,19.97,98229.54
Rice,Karnataka,Kharif,2786,21.7,60458.49
Cotton,Maharashtra,Kharif,3438,31.15,107080.89
Maize,Tamil Nadu,Rabi,1032,20.3,20944.96
Maize,Karnataka,Kharif,1035,23.38,24193.5
Soybean,Punjab,Rabi,3210,31.23,100233.31
Rice,Tamil Nadu,Kharif,4927,23.87,117597.95
Soybean,Gujarat,Rabi,4293,32.6,139970.55
Maize,Tamil Nadu,Kharif,3808,17.57,66891.63
Maize,Punjab,Kharif,3320,29.91,99312.25
Cotton,Tamil Nadu,Kharif,4665,16.15,75324.98
Wheat,Tamil Nadu,Kharif,3272,31.39,102700.48
Wheat,Punjab,Rabi,4564,20.72,94545.97
Wheat,Maharashtra,Rabi,3428,32.43,111181.02
Soybean,Punjab,Rabi,2662,17.78,47329.42
Soybean,Gujarat,Rabi,2310,15.65,36143.98
Rice,Karnataka,Rabi,1403,17.37,24371.25
Cotton,Tamil Nadu,Kharif,3612,18.48,66754.66
Soybean,Gujarat,Kharif,1591,31.6,50268.74
Maize,Punjab,Kharif,2803,33.84,94842.16
Soybean,Maharashtra,Rabi,4245,29.55,125447.17
Wheat,Maharashtra,Rabi,4673,18.29,85478.5
Soybean,Karnataka,Kharif,1397,19.0,26540.33
Rice,Tamil Nadu,Kharif,2976,22.67,67471.2
Rice,Punjab,Rabi,4757,31.43,149519.08
Soybean,Punjab,Rabi,3371,34.49,116259.97
Wheat,Karnataka,Rabi,1176,30.19,35507.93
Maize,Maharashtra,Rabi,1686,25.9,43673.25
Maize,Tamil Nadu,Rabi,4370,26.81,117180.86
Rice,Karnataka,Rabi,2691,26.22,70546.37
Rice,Gujarat,Rabi,2643,31.21,82484.48
Soybean,Punjab,Rabi,3734,29.87,111535.18
Soybean,Punjab,Kharif,3183,20.69,65847.18
Soybean,Maharashtra,Kharif,1339,20.09,26894.12
Soybean,Maharashtra,Rabi,4983,32.76,163249.26
Cotton,Gujarat,Kharif,663,23.14,15339.48
Maize,Gujarat,Kharif,2305,29.95,69041.52
Maize,Karnataka,Rabi,1910,17.8,33991.45
Wheat,Gujarat,Kharif,4628,15.18,70270.55
Maize,Karnataka,Kharif,2763,30.16,83339.87
Cotton,Punjab,Rabi,2258,25.14,56776.04
Rice,Tamil Nadu,Rabi,4310,29.44,126884.32
Maize,Gujarat,Kharif,2752,20.14,55416.87
Soybean,Gujarat,Rabi,2051,30.36,62268.6
Cotton,Punjab,Rabi,2079,23.42,48699.84
Rice,Karnataka,Rabi,4177,21.74,90823.2
Soybean,Tamil Nadu,Kharif,1051,24.32,25562.93
Wheat,Gujarat,Rabi,4747,32.06,152168.27
Cotton,Karnataka,Rabi,2763,31.38,86709.32
Maize,Karnataka,Rabi,4685,21.05,98608.86
Rice,Karnataka,Kharif,1170,25.45,29774.04
Maize,Punjab,Rabi,953,16.12,15365.11
Wheat,Tamil Nadu,Kharif,4194,22.28,93458.63
Maize,Gujarat,Kharif,4553,34.48,156997.3
Wheat,Tamil Nadu,Rabi,847,26.61,22535.18
Soybean,Gujarat,Kharif,3395,27.09,91968.84
Rice,Karnataka,Kharif,2042,22.96,46876.19
Rice,Tamil Nadu,Rabi,2998,32.6,97744.02
Wheat,Tamil Nadu,Kharif,3788,30.83,116792.28
Maize,Maharashtra,Kharif,3252,19.51,63444.41
Rice,Tamil Nadu,Rabi,1078,18.85,20317.85
Maize,Punjab,Kharif,4582,30.2,138391.59
Cotton,Punjab,Kharif,2622,25.61,67148.7
Wheat,Gujarat,Kharif,4807,23.06,110865.44
Soybean,Tamil Nadu,Kharif,1199,26.12,31315.26
Cotton,Gujarat,Rabi,809,19.31,15621.84
Maize,Tamil Nadu,Rabi,1021,21.38,21826.2
Wheat,Gujarat,Kharif,4826,30.33,146393.32
Maize,Tamil Nadu,Kharif,734,33.71,24739.63
Wheat,Gujarat,Rabi,1457,32.04,46682.27
Cotton,Maharashtra,Rabi,2645,18.81,49753.7
Wheat,Punjab,Rabi,2328,28.77,66973.5
Cotton,Punjab,Kharif,2296,24.36,55939.49
Cotton,Punjab,Rabi,3996,33.96,135692.04
Wheat,Gujarat,Rabi,3334,25.07,83576.07
Rice,Gujarat,Kharif,4461,30.6,136488.85
Maize,Karnataka,Kharif,1463,33.2,48574.28
Rice,Karnataka,Rabi,3379,26.1,88195.0
Wheat,Gujarat,Rabi,1904,24.76,47134.72
Rice,Tamil Nadu,Rabi,3263,20.89,68167.92
Rice,Karnataka,Rabi,4001,18.5,74028.98
Rice,Karnataka,Kharif,2932,27.47,80548.5
Rice,Karnataka,Rabi,1051,17.61,18502.96
Soybean,Punjab,Kharif,1437,20.25,29094.48
Wheat,Karnataka,Rabi,1168,18.82,21979.62
Rice,Tamil Nadu,Kharif,4485,18.95,84988.52
Rice,Punjab,Kharif,1564,20.97,32802.29
Rice,Gujarat,Rabi,3800,33.13,125892.21
Maize,Tamil Nadu,Kharif,1963,24.73,48550.76
Maize,Punjab,Rabi,2228,31.86,70978.12
Wheat,Punjab,Kharif,4285,34.64,148425.96
Wheat,Tamil Nadu,Kharif,3132,32.19,100811.95
Rice,Karnataka,Kharif,1405,33.66,47296.3
Wheat,Maharashtra,Kharif,4328,31.62,136854.03
Rice,Karnataka,Kharif,3770,32.42,122212.16
Soybean,Karnataka,Kharif,4565,27.27,124506.43
Wheat,Karnataka,Rabi,4863,16.06,78082.14
Maize,Maharashtra,Kharif,1168,27.14,31700.45
Cotton,Punjab,Rabi,3885,20.65,80222.09
Maize,Karnataka,Kharif,2126,20.85,44324.01
Rice,Punjab,Rabi,4146,18.55,76913.8
Maize,Maharashtra,Kharif,4332,27.1,117405.09
Rice,Tamil Nadu,Kharif,884,33.38,29509.51
Soybean,Maharashtra,Rabi,4800,26.11,125317.68
Wheat,Tamil Nadu,Rabi,3663,15.86,58105.07
Rice,Karnataka,Kharif,2634,17.5,46102.54
Soybean,Gujarat,Kharif,1810,19.74,35732.38
Rice,Karnataka,Kharif,1389,25.3,35147.55
Wheat,Gujarat,Rabi,2861,28.81,82427.4
Cotton,Karnataka,Rabi,3805,24.16,91913.55
Cotton,Maharashtra,Rabi,1110,34.62,38430.38
Wheat,Maharashtra,Rabi,1359,34.02,46232.62
Cotton,Tamil Nadu,Kharif,2079,31.85,66212.99
Wheat,Maharashtra,Kharif,3536,22.21,78528.26
Soybean,Tamil Nadu,Kharif,790,33.2,26227.02
Wheat,Gujarat,Rabi,2939,17.61,51751.59
Wheat,Punjab,Rabi,609,23.54,14334.92
Rice,Karnataka,Kharif,903,32.66,29491.47
Cotton,Karnataka,Kharif,504,20.38,10273.65
Rice,Punjab,Rabi,2276,19.16,43614.39
Wheat,Punjab,Kharif,4394,28.03,123165.05
Soybean,Punjab,Rabi,2348,20.89,49055.67
Rice,Karnataka,Kharif,2303,31.11,71651.37
Maize,Tamil Nadu,Kharif,3355,22.68,76100.7
Wheat,Gujarat,Kharif,3991,27.92,111420.81
Maize,Gujarat,Rabi,2928,31.75,92970.87
Rice,Maharashtra,Kharif,1299,22.29,28956.26
Wheat,Punjab,Rabi,3747,33.91,127069.93
Cotton,Punjab,Rabi,3387,22.55,76378.07
Maize,Gujarat,Kharif,1667,27.17,45293.72
Rice,Maharashtra,Rabi,3178,32.57,103507.01
Cotton,Punjab,Kharif,1776,33.55,59576.87
Maize,Maharashtra,Rabi,3123,25.42,79399.39
Cotton,Tamil Nadu,Kharif,1029,21.4,22016.61
Rice,Punjab,Kharif,1865,25.93,48366.02
Rice,Punjab,Kharif,1327,28.9,38344.86
Rice,Tamil Nadu,Kharif,3037,34.67,105286.32
Soybean,Karnataka,Rabi,4226,15.5,65505.32
Soybean,Karnataka,Rabi,3566,24.52,87432.7
Maize,Tamil Nadu,Kharif,4400,16.99,74764.42
Soybean,Karnataka,Kharif,2151,34.59,74396.43
Wheat,Punjab,Rabi,3463,31.23,108164.21
Cotton,Karnataka,Rabi,895,34.64,31004.28
Cotton,Gujarat,Rabi,4491,28.64,128616.19
Cotton,Gujarat,Rabi,4668,25.03,116839.74
Soybean,Punjab,Kharif,1431,23.34,33393.62
Cotton,Tamil Nadu,Kharif,4917,17.4,85535.81
Wheat,Maharashtra,Kharif,2117,18.06,38235.22
Wheat,Tamil Nadu,Kharif,3713,24.54,91109.38
Soybean,Gujarat,Rabi,3827,24.87,95159.14
Maize,Tamil Nadu,Kharif,4062,31.16,126566.36
Maize,Punjab,Kharif,1655,21.27,35208.62
Soybean,Gujarat,Rabi,1486,33.09,49168.28
Cotton,Gujarat,Kharif,717,23.16,16606.21
Cotton,Maharashtra,Rabi,3821,33.93,129641.55
Wheat,Gujarat,Rabi,2486,16.42,40813.0
Rice,Karnataka,Rabi,2231,27.19,60660.58
Maize,Gujarat,Rabi,3256,33.58,109348.97
Maize,Maharashtra,Rabi,854,15.48,13215.95
Wheat,Maharashtra,Kharif,2915,28.1,81910.99
Maize,Karnataka,Kharif,528,30.09,15884.96
Rice,Karnataka,Rabi,2561,21.05,53907.31
Rice,Maharashtra,Kharif,4542,34.91,158574.93
Rice,Punjab,Kharif,1697,29.22,49582.7
Rice,Gujarat,Kharif,1557,16.74,26068.53
Cotton,Tamil Nadu,Kharif,2033,16.47,33487.51
Soybean,Maharashtra,Rabi,1979,24.91,49298.62
Cotton,Punjab,Kharif,3247,25.57,83032.9
Soybean,Karnataka,Rabi,3060,24.7,75569.68
Soybean,Tamil Nadu,Rabi,772,19.84,15315.13
Wheat,Punjab,Kharif,4155,34.3,142497.67
Wheat,Karnataka,Rabi,2770,20.09,55648.28
Cotton,Maharashtra,Rabi,1430,17.51,25043.2
Maize,Karnataka,Kharif,681,18.07,12308.27
Wheat,Karnataka,Rabi,4878,30.83,150388.7
Maize,Punjab,Kharif,1677,16.73,28050.81
Rice,Maharashtra,Kharif,3428,31.08,106558.51
Wheat,Gujarat,Kharif,3234,28.02,90600.56
Wheat,Tamil Nadu,Kharif,4492,25.21,113248.18
Maize,Tamil Nadu,Kharif,4997,29.14,145603.52
Wheat,Punjab,Rabi,3747,22.28,83471.39
Soybean,Tamil Nadu,Kharif,4182,28.21,117994.07
Cotton,Karnataka,Kharif,4557,26.18,119320.61
Wheat,Karnataka,Kharif,2530,27.92,70631.34
Rice,Tamil Nadu,Rabi,2332,33.08,77147.15
Soybean,Karnataka,Kharif,2978,25.59,76216.69
Soybean,Karnataka,Rabi,3503,26.9,94218.56
Cotton,Gujarat,Rabi,2758,25.18,69451.71
Wheat,Gujarat,Kharif,1439,29.29,42145.43
Maize,Maharashtra,Kharif,1036,23.65,24506.0
Wheat,Maharashtra,Rabi,680,22.4,15233.73
Soybean,Karnataka,Rabi,1096,22.33,24473.53
Wheat,Punjab,Rabi,1163,23.56,27401.31
Rice,Maharashtra,Kharif,1003,15.97,16022.51
Rice,Maharashtra,Kharif,1002,31.09,31151.25
Wheat,Gujarat,Kharif,4890,20.2,98762.93
Cotton,Punjab,Kharif,1870,26.24,49076.95
Soybean,Maharashtra,Kharif,1645,22.0,36187.08
Soybean,Karnataka,Rabi,3034,17.62,53457.6
Rice,Tamil Nadu,Rabi,504,17.46,8801.99
Soybean,Gujarat,Kharif,624,26.09,16278.65
Rice,Gujarat,Kharif,4188,28.38,118873.94
Soybean,Tamil Nadu,Rabi,3650,34.02,124177.6
Soybean,Punjab,Rabi,715,34.63,24758.71
Soybean,Punjab,Kharif,2234,18.48,41282.1
Rice,Gujarat,Kharif,4998,18.54,92639.61
Cotton,Gujarat,Kharif,1399,23.94,33491.81
Maize,Karnataka,Kharif,2706,20.13,54471.17
Soybean,Tamil Nadu,Rabi,1931,20.17,38953.2
Soybean,Gujarat,Kharif,4220,30.31,127908.91
Wheat,Maharashtra,Kharif,4203,17.09,71844.13
Cotton,Maharashtra,Rabi,4677,23.6,110392.25
Soybean,Karnataka,Rabi,4141,20.69,85666.19
Soybean,Karnataka,Kharif,2156,18.33,39521.69
Wheat,Gujarat,Kharif,814,27.86,22676.86
Wheat,Gujarat,Rabi,966,24.53,23699.16
Soybean,Maharashtra,Kharif,1403,24.74,34705.23
Wheat,Maharashtra,Kharif,2764,28.22,77987.41
Wheat,Gujarat,Kharif,1228,20.44,25099.45
Wheat,Tamil Nadu,Rabi,4760,30.83,146743.85
Soybean,Gujarat,Rabi,3562,28.77,102466.21
Cotton,Tamil Nadu,Rabi,2379,16.9,40213.15
Cotton,Punjab,Kharif,4577,17.69,80959.91
Rice,Maharashtra,Kharif,1055,22.14,23361.17
Soybean,Tamil Nadu,Rabi,944,20.89,19717.5
Soybean,Maharashtra,Kharif,4954,26.67,132120.54
Wheat,Tamil Nadu,Rabi,3239,17.39,56336.4
Rice,Punjab,Rabi,3584,15.91,57018.51
Maize,Karnataka,Kharif,2554,30.43,77716.88
Wheat,Gujarat,Kharif,1014,23.33,23652.83
Wheat,Karnataka,Rabi,4547,18.61,84611.38
Cotton,Gujarat,Kharif,1494,23.16,34598.22
Soybean,Karnataka,Rabi,4847,17.57,85147.73
Wheat,Karnataka,Kharif,754,33.68,25393.31
Soybean,Punjab,Rabi,4302,29.92,128700.93
Rice,Tamil Nadu,Rabi,3622,19.39,70239.45
Wheat,Punjab,Rabi,2856,22.71,64864.33
Cotton,Punjab,Rabi,1320,30.12,39762.12
Wheat,Maharashtra,Kharif,4989,30.13,150335.05
Cotton,Tamil Nadu,Kharif,3197,16.03,51252.75
Cotton,Maharashtra,Kharif,3549,22.06,78286.1
Soybean,Tamil Nadu,Kharif,3132,22.08,69151.67
Wheat,Gujarat,Kharif,4908,27.06,132826.23
Maize,Karnataka,Rabi,3975,20.8,82688.04
Cotton,Punjab,Kharif,2354,34.21,80527.92
Maize,Tamil Nadu,Kharif,3854,24.22,93356.68
Cotton,Karnataka,Kharif,3609,27.0,97430.94
Wheat,Tamil Nadu,Rabi,4651,28.41,132118.93
Rice,Karnataka,Rabi,771,23.29,17957.95
Rice,Maharashtra,Kharif,4100,22.11,90633.61
Cotton,Gujarat,Kharif,3695,19.15,70766.72
Rice,Maharashtra,Rabi,4403,24.9,109638.4
Rice,Karnataka,Rabi,3440,31.77,109303.41
Cotton,Gujarat,Kharif,2402,23.89,57389.04
Rice,Gujarat,Kharif,4148,33.56,139187.22
Soybean,Karnataka,Kharif,2661,24.35,64805.4
Soybean,Maharashtra,Kharif,504,18.44,9294.41
Rice,Gujarat,Kharif,3325,32.49,108030.91
Rice,Karnataka,Kharif,4264,26.19,111663.44
Soybean,Tamil Nadu,Kharif,4698,23.42,110010.54
Wheat,Maharashtra,Rabi,1182,30.56,36117.41
Rice,Tamil Nadu,Rabi,1301,26.14,34006.72
Rice,Karnataka,Rabi,2018,28.45,57402.42
Rice,Punjab,Kharif,3495,24.84,86814.23
Soybean,Punjab,Kharif,1169,34.43,40252.98
Cotton,Punjab,Rabi,3110,33.22,103329.63
Rice,Tamil Nadu,Rabi,2629,22.31,58644.95
Cotton,Punjab,Rabi,771,33.4,25754.09
Maize,Gujarat,Kharif,2255,33.57,75709.12
Soybean,Karnataka,Kharif,1880,28.36,53307.57
Rice,Gujarat,Rabi,1468,16.76,24597.66
Maize,Gujarat,Kharif,3232,22.63,73137.93
Soybean,Tamil Nadu,Kharif,1380,17.71,24440.77
Wheat,Tamil Nadu,Kharif,2698,21.26,57346.24
Maize,Maharashtra,Kharif,2763,20.31,56103.81
Soybean,Karnataka,Kharif,4334,15.63,67729.82
Maize,Tamil Nadu,Rabi,986,22.35,22033.42
Cotton,Tamil Nadu,Kharif,3389,34.8,117929.33
Maize,Maharashtra,Kharif,4275,24.14,103196.25
Rice,Gujarat,Kharif,4034,24.46,98655.89
Wheat,Punjab,Kharif,1470,22.21,32641.91
Wheat,Gujarat,Rabi,2010,25.67,51588.58
Maize,Tamil Nadu,Kharif,3463,16.11,55790.87
Maize,Tamil Nadu,Kharif,2237,18.87,42215.3
Wheat,Gujarat,Kharif,993,28.04,27839.85
Rice,Tamil Nadu,Rabi,3595,24.98,89809.14
Maize,Tamil Nadu,Rabi,4720,30.05,141824.01
Maize,Maharashtra,Kharif,2858,23.53,67244.51
Maize,Punjab,Rabi,657,34.94,22956.36
Cotton,Punjab,Rabi,4702,30.53,143541.48
Rice,Gujarat,Kharif,1536,31.2,47916.7
Maize,Tamil Nadu,Rabi,1158,31.7,36706.57
Cotton,Punjab,Kharif,800,34.46,27568.7
Maize,Maharashtra,Rabi,3234,20.2,65320.9
Rice,Tamil Nadu,Rabi,1817,23.12,42001.13
Wheat,Karnataka,Kharif,1577,20.05,31618.82
Cotton,Tamil Nadu,Kharif,695,21.1,14662.7
Wheat,Maharashtra,Kharif,1178,29.06,34230.24
Rice,Punjab,Kharif,4253,28.26,120201.06
Wheat,Tamil Nadu,Rabi,2950,17.51,51653.04
Maize,Maharashtra,Kharif,2704,25.91,70056.21
Wheat,Gujarat,Rabi,4069,30.71,124965.37
Maize,Gujarat,Kharif,3348,29.98,100358.54
Soybean,Punjab,Rabi,2525,23.77,60026.61
Wheat,Tamil Nadu,Kharif,1784,23.28,41532.66
Cotton,Karnataka,Kharif,4239,26.03,110350.62
Wheat,Punjab,Kharif,560,18.84,10552.57
Maize,Karnataka,Kharif,4451,33.58,149461.12
Maize,Punjab,Rabi,3977,15.27,60745.9
Soybean,Gujarat,Kharif,1696,24.69,41882.28
Maize,Punjab,Kharif,3007,22.84,68673.94
Soybean,Punjab,Kharif,2829,20.06,56753.48
Soybean,Tamil Nadu,Kharif,2810,17.76,49918.9
Maize,Punjab,Kharif,548,21.12,11574.73
Wheat,Tamil Nadu,Rabi,672,31.87,21414.78
Cotton,Gujarat,Kharif,2513,20.41,51288.57
Soybean,Tamil Nadu,Kharif,3790,15.1,57223.99
Rice,Tamil Nadu,Rabi,4944,27.86,137736.98
Cotton,Gujarat,Kharif,1594,27.7,44152.04
Rice,Karnataka,Kharif,3093,28.86,89251.86
Maize,Tamil Nadu,Kharif,4342,15.3,66417.15
Cotton,Maharashtra,Rabi,774,26.45,20472.15
Rice,Punjab,Rabi,2005,17.83,35745.49
Wheat,Punjab,Kharif,1369,30.91,42311.24
Soybean,Karnataka,Rabi,2787,22.86,63720.47
Wheat,Gujarat,Rabi,2949,21.57,63612.73
Maize,Tamil Nadu,Kharif,863,20.37,17583.29
Maize,Punjab,Kharif,4773,29.04,138630.83
Maize,Punjab,Kharif,4034,17.02,68653.18
Cotton,Maharashtra,Kharif,3186,31.48,100290.03
Rice,Punjab,Rabi,848,23.65,20051.22
Soybean,Gujarat,Rabi,2813,30.33,85332.06
Maize,Punjab,Rabi,1560,27.82,43396.24
Cotton,Maharashtra,Kharif,4718,28.98,136724.9
Rice,Gujarat,Kharif,927,19.57,18137.4
Wheat,Maharashtra,Kharif,513,20.8,10671.63
Rice,Gujarat,Rabi,2170,30.99,67256.13
Cotton,Gujarat,Rabi,3055,19.85,60634.24
Wheat,Punjab,Kharif,1430,18.6,26602.34
Wheat,Tamil Nadu,Rabi,723,26.8,19374.48
Maize,Punjab,Rabi,1660,15.89,26374.09
Rice,Tamil Nadu,Kharif,3672,24.34,89364.25
Soybean,Tamil Nadu,Kharif,2612,25.66,67022.7
Wheat,Tamil Nadu,Kharif,4182,19.01,79479.9
Soybean,Gujarat,Kharif,4717,33.97,160220.64
Wheat,Maharashtra,Rabi,1808,20.42,36916.31
Rice,Maharashtra,Rabi,511,22.12,11303.6
Soybean,Gujarat,Rabi,4602,29.07,133796.46
Maize,Tamil Nadu,Rabi,3879,16.27,63115.59
Maize,Punjab,Kharif,2550,20.32,51811.01
Maize,Punjab,Rabi,4752,32.33,153633.6
Cotton,Gujarat,Kharif,4520,24.1,108912.68
Soybean,Gujarat,Kharif,3180,20.35,64717.87
Maize,Karnataka,Kharif,2139,34.59,73993.89
Wheat,Maharashtra,Rabi,3850,17.64,67910.02
Rice,Punjab,Kharif,3779,25.05,94650.72
Maize,Karnataka,Kharif,4483,27.82,124725.03
Cotton,Karnataka,Kharif,3110,29.53,91841.02
Maize,Punjab,Rabi,3666,18.85,69095.64
Rice,Karnataka,Kharif,4798,31.7,152078.67
Rice,Karnataka,Rabi,2608,18.5,48241.49
Rice,Punjab,Kharif,3155,21.88,69037.47
Maize,Gujarat,Kharif,3225,18.62,60033.86
Wheat,Maharashtra,Kharif,549,20.31,11151.95
Soybean,Karnataka,Rabi,2485,28.12,69876.7
Cotton,Tamil Nadu,Kharif,3383,31.81,107622.12
Wheat,Karnataka,Kharif,2333,22.85,53318.58
Maize,Tamil Nadu,Rabi,3096,19.16,59326.5
Wheat,Tamil Nadu,Kharif,4521,26.57,120134.51
Wheat,Gujarat,Rabi,3680,16.06,59109.06
Cotton,Karnataka,Rabi,3867,32.8,126856.58
Soybean,Maharashtra,Rabi,4262,30.54,130169.98
Rice,Maharashtra,Kharif,4881,25.7,125433.25
Soybean,Tamil Nadu,Rabi,950,29.4,27925.51
Wheat,Punjab,Rabi,715,31.59,22590.26
Maize,Tamil Nadu,Kharif,3659,15.6,57095.99
Rice,Tamil Nadu,Kharif,2575,28.05,72222.28
Soybean,Gujarat,Rabi,933,22.92,21381.15
Maize,Maharashtra,Kharif,3139,31.9,100145.89
Cotton,Maharashtra,Kharif,2249,22.46,50516.92
Soybean,Punjab,Rabi,4646,18.81,87377.41
Maize,Gujarat,Rabi,994,33.45,33246.07
Maize,Tamil Nadu,Rabi,2781,21.25,59104.89
Maize,Maharashtra,Kharif,3080,22.54,69427.48
Soybean,Punjab,Kharif,3659,24.47,89550.6
Rice,Karnataka,Rabi,978,28.7,28067.71
Maize,Maharashtra,Kharif,1851,20.8,38499.06
Maize,Maharashtra,Kharif,3553,33.95,120633.16
Rice,Punjab,Kharif,1643,15.53,25518.51
Rice,Maharashtra,Kharif,3652,23.92,87353.61
Maize,Tamil Nadu,Kharif,2351,30.67,72106.32
Rice,Tamil Nadu,Kharif,3297,32.65,107635.19
Wheat,Punjab,Kharif,1982,17.87,35416.36
Soybean,Gujarat,Rabi,2301,33.21,76419.58
Maize,Gujarat,Kharif,3253,23.84,77552.16
Rice,Maharashtra,Kharif,3350,16.03,53698.16
Maize,Maharashtra,Rabi,2979,33.91,101005.63
Rice,Karnataka,Kharif,2713,31.74,86120.12
Maize,Punjab,Kharif,1014,21.33,21625.69
Maize,Punjab,Rabi,2748,17.38,47748.5
Soybean,Karnataka,Kharif,3461,31.18,107898.85
Soybean,Punjab,Rabi,3170,26.03,82503.32
Maize,Maharashtra,Rabi,3967,26.01,103164.89
Wheat,Gujarat,Kharif,552,34.6,19098.25
Soybean,Maharashtra,Kharif,879,24.62,21640.14
Soybean,Tamil Nadu,Rabi,3548,21.04,74650.14
Cotton,Karnataka,Rabi,4574,30.89,141277.75
Rice,Maharashtra,Rabi,1012,21.8,22063.79
Wheat,Punjab,Rabi,2287,34.15,78112.22
Soybean,Punjab,Rabi,4537,32.81,148867.58
Maize,Gujarat,Kharif,3734,34.09,127277.23
Wheat,Gujarat,Rabi,4056,31.09,126085.22
Wheat,Tamil Nadu,Kharif,4363,17.82,77729.72
Maize,Tamil Nadu,Kharif,827,32.73,27067.35
Wheat,Maharashtra,Rabi,4388,33.04,144978.41
Cotton,Punjab,Rabi,4535,21.75,98657.92
Wheat,Maharashtra,Kharif,3111,20.11,62573.44
Soybean,Maharashtra,Kharif,883,24.22,21383.65
Soybean,Punjab,Kharif,805,34.86,28061.56
Maize,Karnataka,Rabi,4221,34.59,145995.11
Soybean,Karnataka,Rabi,2215,23.49,52038.43
Rice,Karnataka,Rabi,4512,31.55,142367.38
Maize,Maharashtra,Rabi,4979,24.79,123426.01
Rice,Gujarat,Rabi,4846,18.47,89518.65
Rice,Tamil Nadu,Rabi,2417,32.93,79588.98
Maize,Tamil Nadu,Rabi,3795,23.06,87523.11
Wheat,Karnataka,Kharif,1098,18.43,20236.54
Soybean,Tamil Nadu,Rabi,2520,23.02,58009.41
Wheat,Karnataka,Rabi,707,22.22,15710.49
Soybean,Tamil Nadu,Rabi,4236,23.24,98426.04
Wheat,Maharashtra,Rabi,1123,28.08,31533.93
Soybean,Gujarat,Rabi,2059,23.93,49278.82
Cotton,Punjab,Rabi,708,30.21,21388.21
Rice,Maharashtra,Rabi,2573,23.85,61375.79
Soybean,Punjab,Kharif,4256,34.36,146242.64
Cotton,Maharashtra,Rabi,3779,15.61,59003.42
Soybean,Maharashtra,Rabi,1777,24.08,42782.38
Soybean,Gujarat,Rabi,2872,28.7,82412.89
Rice,Maharashtra,Kharif,2419,29.4,71129.58
Soybean,Tamil Nadu,Rabi,3230,22.08,71310.26
Cotton,Tamil Nadu,Kharif,3466,28.36,98279.04
Maize,Punjab,Rabi,2556,26.12,66750.77
Cotton,Gujarat,Kharif,4875,17.25,84100.05
Maize,Karnataka,Kharif,2647,18.05,47769.34
Wheat,Maharashtra,Rabi,2920,20.65,60299.02
Wheat,Karnataka,Rabi,2398,27.97,67064.81
Rice,Punjab,Rabi,2234,15.91,35551.29
Wheat,Punjab,Rabi,3996,25.11,100340.82
Cotton,Gujarat,Rabi,894,31.43,28096.3
Maize,Maharashtra,Rabi,2514,21.0,52782.03
Cotton,Tamil Nadu,Kharif,4207,28.26,118893.57
Maize,Punjab,Kharif,3767,34.63,130448.64
Maize,Tamil Nadu,Kharif,3944,21.38,84320.53
Maize,Maharashtra,Rabi,1635,35.0,57221.84
Wheat,Maharashtra,Rabi,1318,29.8,39271.28
Soybean,Maharashtra,Rabi,2518,33.92,85406.74
Wheat,Gujarat,Rabi,1958,17.28,33842.64
Cotton,Maharashtra,Rabi,2883,23.7,68328.25
Maize,Gujarat,Kharif,1057,22.34,23613.91
Rice,Maharashtra,Rabi,1311,25.43,33340.67
Soybean,Tamil Nadu,Kharif,3763,29.31,110289.34
Soybean,Gujarat,Kharif,1912,24.38,46606.56
Cotton,Karnataka,Rabi,4170,33.94,141512.75
Maize,Karnataka,Kharif,1579,27.27,43067.04
Cotton,Karnataka,Kharif,770,32.27,24846.57
Soybean,Gujarat,Rabi,3274,21.8,71386.43
Rice,Maharashtra,Rabi,1456,15.92,23184.16
Rice,Tamil Nadu,Rabi,2059,16.7,34376.15
Maize,Maharashtra,Kharif,2530,28.78,72805.57
Maize,Punjab,Rabi,3244,33.58,108947.66
Soybean,Maharashtra,Kharif,1117,18.78,20979.11
Maize,Tamil Nadu,Kharif,4075,29.98,122173.18
Wheat,Gujarat,Kharif,2875,23.17,66599.59
Rice,Tamil Nadu,Rabi,2569,25.35,65116.48
Rice,Gujarat,Kharif,4460,20.28,90458.73
Maize,Maharashtra,Rabi,3698,25.32,93634.8
Wheat,Tamil Nadu,Kharif,1265,26.23,33178.19
Soybean,Gujarat,Kharif,1826,29.75,54320.42
Soybean,Karnataka,Rabi,3022,17.48,52828.06
Maize,Gujarat,Rabi,4817,31.9,153685.24
Soybean,Maharashtra,Kharif,802,22.22,17820.84
Soybean,Punjab,Rabi,935,28.3,26462.34
Wheat,Maharashtra,Kharif,934,33.31,31111.57
Maize,Karnataka,Kharif,2464,32.34,79680.55
Maize,Gujarat,Kharif,1698,23.21,39407.05
Cotton,Karnataka,Kharif,4323,25.76,111381.31
Wheat,Karnataka,Rabi,4681,25.49,119322.38
Soybean,Maharashtra,Rabi,3352,22.06,73936.2
Wheat,Gujarat,Kharif,4808,25.7,123587.23
Cotton,Karnataka,Kharif,1641,33.0,54159.89
Rice,Punjab,Rabi,2723,18.27,49739.41
Wheat,Gujarat,Rabi,852,30.73,26182.64
Cotton,Maharashtra,Rabi,2570,28.66,73663.15
Soybean,Punjab,Kharif,4994,16.22,80994.83
Maize,Gujarat,Kharif,1545,20.03,30947.7
Soybean,Karnataka,Kharif,4930,19.1,94147.17
Wheat,Tamil Nadu,Kharif,957,30.39,29081.26
Rice,Tamil Nadu,Rabi,2247,24.14,54245.76
Soybean,Tamil Nadu,Kharif,1210,15.16,18343.03
Cotton,Tamil Nadu,Kharif,2447,25.15,61542.42
Maize,Karnataka,Rabi,4619,33.84,156293.85
Rice,Maharashtra,Kharif,2337,34.76,81242.49
Maize,Gujarat,Rabi,3799,23.86,90629.17
Wheat,Maharashtra,Kharif,1247,32.05,39968.9
Rice,Tamil Nadu,Kharif,1159,28.92,33524.02
Wheat,Gujarat,Kharif,3726,32.94,122716.15
Wheat,Tamil Nadu,Rabi,4668,17.92,83661.33
Cotton,Punjab,Rabi,4017,16.98,68214.23
Soybean,Maharashtra,Rabi,2894,32.06,92772.76
Cotton,Punjab,Kharif,2912,27.38,79742.26
Maize,Gujarat,Kharif,544,29.19,15882.05
Wheat,Gujarat,Kharif,1095,16.48,18044.95
Maize,Maharashtra,Rabi,2073,23.91,49563.68
Cotton,Punjab,Kharif,4415,26.37,116415.68
Cotton,Gujarat,Kharif,4285,25.87,110849.13
Soybean,Maharashtra,Rabi,905,29.52,26719.31
Wheat,Tamil Nadu,Rabi,2501,18.18,45462.16
Maize,Gujarat,Kharif,1585,32.2,51030.72
Soybean,Maharashtra,Kharif,3875,20.49,79388.17
Wheat,Gujarat,Rabi,3322,20.94,69565.63
Soybean,Gujarat,Rabi,2371,25.75,61044.28
Wheat,Tamil Nadu,Rabi,1590,16.91,26885.17
Soybean,Punjab,Kharif,4887,24.17,118122.32
Soybean,Karnataka,Kharif,2513,26.8,67343.07
Maize,Punjab,Rabi,2314,30.38,70305.26
Cotton,Gujarat,Kharif,2727,15.08,41112.22
Soybean,Punjab,Rabi,1042,25.8,26885.02
Maize,Gujarat,Kharif,3233,29.39,95027.76
Soybean,Punjab,Rabi,4615,26.09,120392.62
Wheat,Gujarat,Kharif,2911,32.13,93541.31
Soybean,Gujarat,Kharif,1710,31.8,54375.98
Cotton,Maharashtra,Kharif,2075,33.37,69234.8
Soybean,Karnataka,Kharif,1304,22.77,29687.16
Wheat,Gujarat,Kharif,1021,23.47,23961.78
Wheat,Maharashtra,Kharif,2008,21.82,43805.1
Wheat,Karnataka,Kharif,2830,24.86,70341.23
Soybean,Punjab,Kharif,4342,30.97,134482.48
Rice,Maharashtra,Kharif,4938,20.48,101144.73
Cotton,Maharashtra,Rabi,4727,27.62,130577.47
Cotton,Maharashtra,Kharif,3847,25.0,96160.28
Soybean,Karnataka,Kharif,3798,28.97,110034.23
Cotton,Tamil Nadu,Rabi,1341,32.09,43029.96
Soybean,Maharashtra,Rabi,510,20.53,10469.88
Soybean,Karnataka,Rabi,3753,22.18,83230.4
Rice,Punjab,Rabi,2360,22.89,54028.73
Rice,Maharashtra,Kharif,1952,18.05,35229.16
Soybean,Gujarat,Rabi,1938,32.05,62112.01
Soybean,Karnataka,Rabi,3636,32.36,117664.73
Cotton,Karnataka,Rabi,2001,15.63,31266.15
Soybean,Gujarat,Kharif,3967,22.33,88598.97
Cotton,Gujarat,Rabi,2713,34.65,94014.04
Soybean,Maharashtra,Rabi,1412,34.59,48846.01
Maize,Gujarat,Kharif,1510,23.17,34990.58
Rice,Punjab,Kharif,2172,20.39,44286.9
Soybean,Tamil Nadu,Kharif,4052,17.69,71681.66
Cotton,Gujarat,Kharif,2146,21.66,46489.24
Maize,Karnataka,Rabi,722,21.89,15807.96
Cotton,Karnataka,Kharif,1746,21.48,37505.47
Soybean,Tamil Nadu,Kharif,3997,29.78,119036.14
Soybean,Karnataka,Rabi,548,21.55,11808.85
Soybean,Gujarat,Rabi,2057,29.5,60678.65
Cotton,Gujarat,Kharif,3101,27.43,85052.7
Cotton,Maharashtra,Rabi,2210,26.15,57796.74
Maize,Maharashtra,Kharif,3342,16.12,53860.72
Rice,Maharashtra,Kharif,2764,34.86,96345.93
Soybean,Tamil Nadu,Rabi,4955,25.82,127919.12
Soybean,Tamil Nadu,Kharif,2912,32.67,95132.22
Rice,Maharashtra,Kharif,1403,18.81,26392.66
Cotton,Gujarat,Rabi,1610,27.25,43876.66
Rice,Karnataka,Kharif,3590,30.03,107802.12
Rice,Maharashtra,Rabi,4399,21.49,94532.09
Soybean,Tamil Nadu,Kharif,4890,33.28,162739.25
Cotton,Gujarat,Rabi,3535,19.56,69150.02
Cotton,Gujarat,Kharif,887,32.63,28943.92
Rice,Punjab,Kharif,1002,17.69,17728.37
Rice,Tamil Nadu,Rabi,4109,30.78,126490.17
Wheat,Gujarat,Kharif,3576,25.3,90479.6
Rice,Gujarat,Kharif,4163,33.9,141116.49
Cotton,Gujarat,Kharif,2688,18.15,48799.98
Maize,Tamil Nadu,Rabi,3145,18.61,58541.07
Cotton,Tamil Nadu,Kharif,3325,20.86,69344.7
Maize,Maharashtra,Rabi,3811,16.22,61832.56
Maize,Maharashtra,Kharif,811,15.28,12393.74
Wheat,Punjab,Kharif,3889,28.97,112669.2
Wheat,Tamil Nadu,Rabi,2573,21.0,54039.47
Maize,Karnataka,Kharif,2220,20.33,45123.64
Maize,Punjab,Kharif,1421,26.59,37784.82
Maize,Karnataka,Kharif,915,26.54,24280.68
Maize,Karnataka,Kharif,2388,20.44,48813.94
Rice,Gujarat,Kharif,3042,27.01,82174.52
Cotton,Gujarat,Kharif,1936,19.86,38456.41
Maize,Karnataka,Rabi,650,23.12,15029.64
Wheat,Tamil Nadu,Kharif,2890,19.73,57028.26
Cotton,Punjab,Rabi,2107,27.57,58079.6
Soybean,Karnataka,Kharif,537,17.48,9389.19
Rice,Punjab,Kharif,555,29.82,16551.17
Wheat,Tamil Nadu,Rabi,2513,15.27,38361.93
Rice,Punjab,Kharif,3472,18.09,62810.09
Soybean,Maharashtra,Rabi,3253,19.29,62738.45
Rice,Maharashtra,Rabi,899,29.29,26329.24
Rice,Maharashtra,Kharif,4103,17.78,72933.33
Wheat,Gujarat,Kharif,1712,18.87,32302.24
Rice,Maharashtra,Kharif,1418,30.17,42778.03
Soybean,Tamil Nadu,Rabi,3556,24.28,86339.01
Rice,Tamil Nadu,Rabi,4996,21.05,105145.08
Soybean,Punjab,Rabi,1348,25.64,34559.19
Cotton,Tamil Nadu,Rabi,1001,22.04,22058.48
Maize,Gujarat,Rabi,4464,31.98,142754.32
Cotton,Tamil Nadu,Rabi,2881,22.4,64527.37
Rice,Punjab,Kharif,4034,26.84,108278.3
Rice,Tamil Nadu,Kharif,3389,23.01,77969.7
Soybean,Punjab,Rabi,4469,33.5,149705.95
Cotton,Maharashtra,Kharif,2858,28.74,82145.24
Maize,Karnataka,Kharif,1907,17.16,32730.03
Soybean,Punjab,Rabi,4908,33.91,166438.16
Rice,Karnataka,Kharif,3419,26.51,90623.23
Rice,Karnataka,Rabi,2239,29.12,65195.25
Wheat,Karnataka,Rabi,1590,33.26,52876.17
Maize,Tamil Nadu,Kharif,3835,19.54,74917.53
Wheat,Karnataka,Kharif,2784,33.48,93201.03
Cotton,Tamil Nadu,Kharif,3629,20.48,74326.63
Soybean,Tamil Nadu,Rabi,3055,31.21,95338.21
Soybean,Maharashtra,Kharif,3119,33.16,103436.85
Maize,Gujarat,Kharif,3703,33.05,122376.75
Cotton,Karnataka,Kharif,3928,30.73,120703.56
Soybean,Punjab,Kharif,4935,20.72,102250.18
Soybean,Gujarat,Rabi,2488,25.88,64396.6
Rice,Punjab,Rabi,1417,15.19,21522.0
Soybean,Karnataka,Rabi,4118,32.3,133001.8
Cotton,Gujarat,Kharif,635,32.39,20565.56
Soybean,Punjab,Kharif,4077,15.64,63747.36
Cotton,Karnataka,Rabi,2680,19.93,53402.12
Rice,Punjab,Kharif,725,32.88,23837.22
Rice,Tamil Nadu,Rabi,4610,32.11,148043.5
Maize,Maharashtra,Rabi,1511,15.42,23292.19
Maize,Gujarat,Rabi,3446,27.14,93515.08
Wheat,Punjab,Kharif,3948,15.63,61705.9
Cotton,Punjab,Kharif,557,24.5,13643.77
Maize,Tamil Nadu,Rabi,739,23.37,17267.44
Rice,Karnataka,Rabi,2794,18.16,50743.69
Cotton,Maharashtra,Kharif,3197,31.35,100237.94
Cotton,Punjab,Kharif,1381,20.59,28430.93
Rice,Punjab,Kharif,2850,22.24,63395.99
Maize,Maharashtra,Rabi,805,20.53,16530.4
Maize,Punjab,Rabi,3349,21.87,73235.53
Maize,Karnataka,Rabi,3882,24.86,96494.39
Wheat,Gujarat,Kharif,2787,31.57,87982.04
Maize,Tamil Nadu,Rabi,3566,19.91,71004.85
Cotton,Gujarat,Kharif,3961,21.86,86595.96
Maize,Tamil Nadu,Kharif,585,18.38,10750.96
Maize,Karnataka,Rabi,1208,30.35,36663.75
Maize,Maharashtra,Rabi,4029,25.93,104478.72
Wheat,Maharashtra,Kharif,4035,28.65,115603.15
Wheat,Punjab,Kharif,1825,29.1,53109.26
Rice,Karnataka,Rabi,3872,17.51,67801.29
Wheat,Punjab,Kharif,3832,31.37,120214.79
Soybean,Gujarat,Rabi,3421,29.99,102600.12
Wheat,Gujarat,Rabi,1257,17.98,22604.5
Soybean,Gujarat,Rabi,2497,29.71,74196.07
Cotton,Gujarat,Rabi,2979,20.52,61119.95
Maize,Gujarat,Kharif,4504,15.54,70012.74
Cotton,Gujarat,Kharif,2016,19.67,39663.45
Soybean,Punjab,Kharif,1022,24.03,24554.66
Maize,Karnataka,Kharif,1262,21.67,27352.21
Maize,Tamil Nadu,Rabi,1937,28.4,55003.21
Maize,Maharashtra,Rabi,1027,21.21,21779.29
Rice,Maharashtra,Kharif,2021,33.3,67307.72
Cotton,Maharashtra,Kharif,1325,18.75,24839.78
Soybean,Tamil Nadu,Rabi,3750,32.38,121416.2
Wheat,Punjab,Kharif,1459,28.65,41798.21
Wheat,Maharashtra,Kharif,4205,25.88,108827.54
Cotton,Punjab,Rabi,4824,33.61,162121.37
Wheat,Karnataka,Rabi,3963,18.21,72164.14
Cotton,Gujarat,Rabi,3468,20.87,72370.47
Wheat,Gujarat,Rabi,3742,20.59,77032.57
Rice,Karnataka,Kharif,1417,20.36,28852.83
Maize,Maharashtra,Kharif,2836,15.5,43952.17
Cotton,Tamil Nadu,Kharif,4807,29.15,140100.62
Maize,Punjab,Kharif,2478,25.24,62533.95
Maize,Karnataka,Kharif,2053,17.06,35014.19
Rice,Punjab,Kharif,1456,29.99,43658.18
Wheat,Tamil Nadu,Kharif,3562,30.8,109696.34
Cotton,Punjab,Kharif,3981,18.33,72964.29
Wheat,Tamil Nadu,Rabi,516,19.5,10063.44
Soybean,Punjab,Rabi,3131,16.81,52635.96
Cotton,Gujarat,Kharif,3237,26.13,84591.21
Wheat,Gujarat,Rabi,3488,28.26,98570.4
Rice,Tamil Nadu,Kharif,3115,26.68,83102.42
Maize,Gujarat,Rabi,4661,30.88,143943.43
Soybean,Maharashtra,Kharif,3580,18.15,64993.68
Cotton,Gujarat,Rabi,1499,33.44,50126.84
Rice,Karnataka,Kharif,3954,33.95,134239.42
Rice,Punjab,Rabi,3874,16.42,63622.28
Rice,Gujarat,Rabi,1564,22.75,35576.19
Maize,Maharashtra,Kharif,2491,21.77,54218.53
Wheat,Punjab,Rabi,2978,31.93,95086.58
Maize,Tamil Nadu,Rabi,3988,17.72,70667.29
Cotton,Tamil Nadu,Kharif,1078,16.26,17531.66
Rice,Gujarat,Rabi,4480,20.49,91809.6
Soybean,Punjab,Kharif,705,28.91,20379.35
Wheat,Karnataka,Rabi,862,21.17,18251.67
Soybean,Punjab,Kharif,3736,33.82,126351.37
Maize,Karnataka,Rabi,2334,28.5,66518.85
Maize,Gujarat,Kharif,1983,33.86,67152.15
Wheat,Maharashtra,Kharif,2821,31.95,90122.78
Soybean,Maharashtra,Rabi,1256,18.15,22793.76
Maize,Gujarat,Kharif,4927,19.46,95897.07
Wheat,Karnataka,Rabi,3396,18.51,62874.76
Cotton,Punjab,Rabi,4892,16.34,79928.1
Cotton,Maharashtra,Kharif,1914,26.78,51252.94
Rice,Gujarat,Rabi,2992,23.31,69754.67
Wheat,Maharashtra,Kharif,1990,25.0,49745.06
Wheat,Maharashtra,Rabi,3836,20.0,76729.68
Wheat,Tamil Nadu,Rabi,1342,21.37,28673.77
Cotton,Punjab,Kharif,2682,29.03,77866.57
Soybean,Karnataka,Rabi,2860,29.84,85335.22
Cotton,Gujarat,Kharif,1844,34.38,63396.12
Rice,Punjab,Kharif,3682,21.08,77632.17
Maize,Maharashtra,Kharif,4515,24.6,111052.87
Maize,Maharashtra,Rabi,4747,21.94,104163.65
Wheat,Punjab,Rabi,3740,19.2,71797.01
Cotton,Karnataka,Rabi,732,20.75,15185.9
Wheat,Karnataka,Rabi,3229,18.96,61217.12
Cotton,Punjab,Rabi,1240,24.96,30955.91
Wheat,Tamil Nadu,Rabi,1727,18.16,31370.64
Maize,Karnataka,Kharif,2538,27.07,68700.31
Maize,Maharashtra,Kharif,3485,18.7,65161.08
Cotton,Tamil Nadu,Rabi,4292,26.99,115861.61
Wheat,Punjab,Kharif,1812,20.34,36864.63
Soybean,Tamil Nadu,Kharif,4038,28.43,114812.47
Rice,Karnataka,Kharif,2476,16.06,39762.16
Wheat,Karnataka,Kharif,854,21.02,17950.87
Wheat,Maharashtra,Rabi,4417,34.27,151370.22
Wheat,Tamil Nadu,Rabi,1266,28.9,36582.84
Soybean,Maharashtra,Rabi,4011,32.08,128677.53
Maize,Punjab,Kharif,1533,19.37,29686.77
Rice,Karnataka,Kharif,3463,20.76,71896.51
Rice,Gujarat,Kharif,1922,16.55,31809.94
Soybean,Maharashtra,Rabi,2393,23.2,55517.19
Maize,Tamil Nadu,Rabi,3461,28.7,99339.53
Soybean,Karnataka,Kharif,3347,34.53,115579.28
Maize,Tamil Nadu,Rabi,2281,17.65,40267.17
Wheat,Tamil Nadu,Rabi,4033,22.12,89201.36
Soybean,Punjab,Kharif,2972,23.47,69753.04
Soybean,Tamil Nadu,Rabi,4434,18.77,83248.0
Rice,Tamil Nadu,Kharif,2859,20.87,59678.87
Maize,Karnataka,Kharif,695,25.77,17912.87
Rice,Tamil Nadu,Kharif,912,17.85,16281.78
Maize,Punjab,Rabi,1829,15.02,27467.61
Soybean,Tamil Nadu,Rabi,4424,17.46,77228.48
Soybean,Karnataka,Rabi,4098,17.0,69679.21
Wheat,Gujarat,Rabi,671,33.85,22716.29
Rice,Tamil Nadu,Rabi,4217,29.19,123101.11
Cotton,Maharashtra,Kharif,1575,16.35,25758.57
Cotton,Gujarat,Rabi,1958,18.21,35652.85
Cotton,Punjab,Rabi,2735,19.49,53310.42
Cotton,Maharashtra,Kharif,3761,31.95,120160.09
Cotton,Gujarat,Kharif,2399,27.55,66092.11
Wheat,Tamil Nadu,Kharif,673,26.46,17806.23
Wheat,Gujarat,Kharif,764,31.03,23709.1
Soybean,Gujarat,Kharif,4043,28.62,115716.87
Wheat,Karnataka,Kharif,2655,23.39,62092.08
Wheat,Punjab,Rabi,4989,30.31,151207.63
Cotton,Punjab,Rabi,3375,34.55,116593.34
Cotton,Punjab,Rabi,2229,28.45,63411.29
Maize,Karnataka,Rabi,2957,15.46,45715.56
Cotton,Karnataka,Kharif,3011,18.27,55013.84
Cotton,Gujarat,Rabi,2588,15.56,40270.62
Wheat,Punjab,Rabi,3921,18.07,70850.66
Wheat,Tamil Nadu,Kharif,4265,30.84,131527.04
Wheat,Gujarat,Kharif,3482,34.66,120693.83
Maize,Karnataka,Rabi,2636,30.78,81137.88
Wheat,Punjab,Kharif,4320,29.47,127291.42
Rice,Punjab,Kharif,806,26.84,21635.35
Wheat,Maharashtra,Kharif,515,15.14,7795.21
Soybean,Karnataka,Kharif,4415,28.36,125226.5
Cotton,Punjab,Kharif,2483,20.62,51193.54
Wheat,Tamil Nadu,Kharif,1576,20.11,31694.41
Soybean,Maharashtra,Rabi,666,29.43,19597.19
Maize,Tamil Nadu,Rabi,3433,27.26,93598.41
Soybean,Tamil Nadu,Rabi,1820,22.58,41099.52
Maize,Maharashtra,Rabi,1088,32.34,35188.89
Maize,Tamil Nadu,Rabi,2604,29.19,76006.53
Wheat,Maharashtra,Rabi,4040,22.96,92776.98
Rice,Punjab,Kharif,526,22.65,11911.86
Maize,Karnataka,Kharif,696,19.94,13877.47
Cotton,Tamil Nadu,Kharif,3208,34.51,110722.31
Wheat,Karnataka,Kharif,4424,31.36,138739.85
Cotton,Punjab,Kharif,672,19.53,13123.13
Maize,Karnataka,Kharif,2488,33.65,83709.79
Rice,Maharashtra,Rabi,1056,21.21,22393.71
Maize,Karnataka,Kharif,4606,15.71,72344.74
Soybean,Gujarat,Rabi,3997,31.94,127683.11
Maize,Gujarat,Rabi,651,27.07,17620.87
Rice,Tamil Nadu,Kharif,4165,15.55,64745.63
Maize,Tamil Nadu,Rabi,2304,26.9,61974.75
Wheat,Tamil Nadu,Rabi,4792,20.94,100331.77
Wheat,Gujarat,Rabi,4432,24.35,107935.46
Maize,Karnataka,Rabi,2242,33.57,75273.52
Cotton,Punjab,Rabi,1145,26.17,29961.41
Wheat,Maharashtra,Rabi,3755,19.78,74267.25
Soybean,Punjab,Kharif,3556,23.47,83466.79
Cotton,Karnataka,Kharif,3443,31.66,109004.52
Wheat,Gujarat,Kharif,4376,17.92,78402.26
Maize,Tamil Nadu,Kharif,4891,15.45,75543.2
Wheat,Karnataka,Rabi,1763,20.75,36574.81
Cotton,Punjab,Rabi,4741,15.12,71707.59
Soybean,Punjab,Rabi,4358,29.94,130458.61
Cotton,Punjab,Rabi,2301,24.94,57394.23
Cotton,Punjab,Kharif,1644,17.94,29498.71
Soybean,Maharashtra,Kharif,4785,33.5,160292.25
Wheat,Punjab,Kharif,3052,23.92,72989.45
Maize,Karnataka,Kharif,4589,32.11,147353.65
Soybean,Punjab,Rabi,2838,25.9,73504.23
Maize,Karnataka,Rabi,3933,17.09,67229.9
Wheat,Gujarat,Kharif,3545,23.46,83162.9
Soybean,Maharashtra,Rabi,3198,30.56,97743.12
Rice,Karnataka,Kharif,3708,28.81,106831.55
Rice,Tamil Nadu,Rabi,1915,15.12,28947.8
Rice,Maharashtra,Rabi,1065,24.95,26576.6
Soybean,Maharashtra,Rabi,2272,22.67,51502.14
Rice,Karnataka,Rabi,4624,25.45,117693.44
Wheat,Maharashtra,Rabi,3822,34.38,131405.93
Soybean,Tamil Nadu,Rabi,594,26.7,15859.1
Maize,Maharashtra,Kharif,2129,19.11,40678.12
Rice,Maharashtra,Kharif,3117,21.65,67473.96
Wheat,Karnataka,Kharif,1891,24.02,45426.81
Cotton,Tamil Nadu,Kharif,4183,20.9,87415.71
Maize,Karnataka,Rabi,1719,23.96,41182.24
Cotton,Maharashtra,Kharif,3093,33.41,103339.79
Wheat,Karnataka,Rabi,2044,24.28,49632.06
Cotton,Karnataka,Kharif,2912,32.61,94964.38
Rice,Karnataka,Rabi,4272,19.97,85292.23
Maize,Punjab,Kharif,2902,21.63,62766.86
Soybean,Punjab,Kharif,3931,33.96,133509.66
Cotton,Maharashtra,Rabi,3938,34.22,134738.7
Rice,Punjab,Rabi,1048,17.87,18726.25
Rice,Maharashtra,Kharif,4322,34.19,147773.96
Soybean,Tamil Nadu,Rabi,2277,32.18,73272.01
Rice,Tamil Nadu,Rabi,1645,23.67,38942.66
Wheat,Tamil Nadu,Kharif,1028,17.51,18001.37
Rice,Punjab,Kharif,3684,21.21,78125.47
Rice,Punjab,Rabi,2726,16.44,44825.4
Wheat,Maharashtra,Kharif,3604,34.33,123738.0
Maize,Tamil Nadu,Kharif,3265,23.23,75834.8
Maize,Maharashtra,Kharif,3758,29.6,111228.67
Cotton,Maharashtra,Kharif,720,31.61,22762.61
Cotton,Punjab,Rabi,2507,27.77,69613.24
Cotton,Tamil Nadu,Rabi,3319,34.42,114231.75
Cotton,Tamil Nadu,Rabi,4786,19.64,94013.18
Maize,Punjab,Kharif,4926,22.73,111949.06
Maize,Gujarat,Rabi,4147,34.18,141749.62
Soybean,Gujarat,Kharif,948,16.08,15242.52
Wheat,Karnataka,Kharif,3919,34.64,135751.85
Rice,Karnataka,Kharif,3447,17.4,59973.6
Wheat,Punjab,Kharif,2948,20.86,61487.09
Rice,Karnataka,Kharif,2316,27.97,64779.43
Wheat,Karnataka,Rabi,3855,31.29,120620.64
Rice,Tamil Nadu,Kharif,3222,34.28,110449.63
Rice,Tamil Nadu,Rabi,2157,18.3,39483.22
Maize,Karnataka,Kharif,2060,30.94,63735.14
Soybean,Tamil Nadu,Kharif,2827,29.05,82133.31
Wheat,Punjab,Kharif,3825,27.07,103538.24
Rice,Karnataka,Kharif,991,16.95,16795.11
Wheat,Karnataka,Kharif,1016,26.59,27013.56
Rice,Punjab,Kharif,755,18.4,13888.83
Soybean,Maharashtra,Rabi,2996,22.57,67613.18
Soybean,Punjab,Rabi,2395,33.42,80044.36
Cotton,Karnataka,Rabi,2616,20.15,52699.59
Rice,Punjab,Kharif,3445,25.5,87830.3
Wheat,Punjab,Kharif,2672,30.08,80363.41
Maize,Karnataka,Rabi,1507,31.67,47729.64
Maize,Karnataka,Kharif,512,19.15,9806.37
Maize,Tamil Nadu,Kharif,825,18.01,14861.86
Maize,Karnataka,Rabi,4965,24.86,123428.23
Cotton,Punjab,Rabi,2643,21.56,56978.6
Maize,Tamil Nadu,Rabi,742,21.85,16213.98
Maize,Gujarat,Kharif,4023,18.38,73951.96
Maize,Maharashtra,Kharif,3458,27.67,95697.41
Rice,Maharashtra,Rabi,670,17.21,11530.0
Maize,Maharashtra,Rabi,1702,26.45,45020.88
Wheat,Karnataka,Rabi,3906,29.54,115366.65
Rice,Punjab,Rabi,2119,23.88,50593.28
Cotton,Maharashtra,Kharif,948,21.28,20177.04
Maize,Karnataka,Kharif,3745,34.62,129659.15
Rice,Maharashtra,Rabi,4016,15.55,62436.35
Maize,Karnataka,Rabi,1152,25.84,29771.97
Rice,Tamil Nadu,Kharif,2089,34.35,71764.79
Rice,Punjab,Kharif,3669,25.98,95326.85
Wheat,Tamil Nadu,Kharif,871,34.95,30440.81
Cotton,Gujarat,Kharif,1328,25.37,33687.37
Rice,Punjab,Rabi,1681,17.0,28576.35
Soybean,Karnataka,Kharif,4702,25.96,122044.99
Rice,Maharashtra,Rabi,1614,24.43,39422.19
Cotton,Maharashtra,Kharif,3015,20.92,63080.76
Cotton,Punjab,Rabi,3205,21.38,68533.56
Cotton,Karnataka,Rabi,3797,26.28,99770.43
Soybean,Punjab,Rabi,1319,15.3,20174.22
Maize,Maharashtra,Kharif,1364,20.98,28621.2
Wheat,Gujarat,Kharif,2233,25.72,57427.58
Rice,Gujarat,Kharif,1147,20.02,22966.38
Wheat,Punjab,Rabi,2643,32.7,86419.5
Wheat,Karnataka,Kharif,1129,32.58,36785.08
Soybean,Maharashtra,Kharif,3850,30.9,118964.22
Soybean,Karnataka,Kharif,3914,27.11,106116.18
Wheat,Tamil Nadu,Kharif,3458,32.15,111168.79
Rice,Maharashtra,Rabi,4305,31.63,136175.6
Maize,Punjab,Kharif,4879,32.45,158332.39
Rice,Karnataka,Rabi,4279,28.71,122837.27
Rice,Tamil Nadu,Kharif,4133,28.96,119697.87
Rice,Maharashtra,Kharif,813,21.32,17334.75
Maize,Tamil Nadu,Kharif,2137,26.44,56507.92
Soybean,Karnataka,Kharif,1089,27.34,29778.2
Maize,Tamil Nadu,Kharif,2277,23.44,53379.37
Maize,Gujarat,Kharif,4729,15.79,74658.33
Wheat,Maharashtra,Kharif,1670,33.33,55663.44
Rice,Maharashtra,Rabi,941,29.26,27529.91
Soybean,Gujarat,Kharif,3898,30.64,119431.59
Maize,Maharashtra,Rabi,3156,26.42,83386.78
Rice,Gujarat,Rabi,3984,25.94,103349.45
Rice,Tamil Nadu,Kharif,2727,25.91,70668.24
Maize,Gujarat,Rabi,3649,33.56,122475.07
Rice,Gujarat,Kharif,2200,16.53,36372.31
Cotton,Maharashtra,Kharif,2101,17.22,36174.04
Rice,Maharashtra,Rabi,3371,22.01,74184.35
Rice,Maharashtra,Kharif,2684,33.59,90155.69
Rice,Gujarat,Kharif,2178,21.01,45766.72
Rice,Karnataka,Kharif,1607,23.64,37983.77
Wheat,Gujarat,Rabi,1139,30.54,34783.28
Cotton,Punjab,Rabi,3696,29.0,107167.07
Rice,Tamil Nadu,Kharif,3505,16.94,59357.84
Rice,Maharashtra,Rabi,4044,32.44,131178.82
Soybean,Punjab,Rabi,2834,17.87,50650.86
Maize,Karnataka,Rabi,2859,31.18,89142.21
Maize,Gujarat,Kharif,3432,16.29,55901.1
Cotton,Tamil Nadu,Kharif,650,28.85,18753.82
Maize,Tamil Nadu,Kharif,1964,32.34,63515.16
Rice,Karnataka,Rabi,3577,21.49,76873.67
Rice,Punjab,Rabi,2916,18.61,54254.61
Maize,Gujarat,Kharif,821,21.47,17623.99
Maize,Karnataka,Kharif,4454,34.78,154903.04
Soybean,Maharashtra,Rabi,2736,28.48,77928.72
Wheat,Maharashtra,Rabi,4246,21.33,90568.64
Maize,Tamil Nadu,Rabi,2083,33.8,70414.51
Maize,Punjab,Rabi,4957,20.75,102863.93
Soybean,Punjab,Rabi,1382,27.17,37546.92
Maize,Maharashtra,Kharif,4454,27.78,123716.21
Wheat,Maharashtra,Kharif,4655,17.67,82267.34
Wheat,Karnataka,Kharif,4693,19.7,92430.89
Maize,Tamil Nadu,Kharif,4754,18.34,87165.79
Cotton,Gujarat,Kharif,2373,28.42,67452.43
Soybean,Karnataka,Rabi,2985,20.19,60266.0
Wheat,Gujarat,Kharif,4081,21.54,87888.56
Cotton,Punjab,Rabi,737,26.43,19475.91
Soybean,Gujarat,Rabi,3731,28.51,106363.76
Maize,Karnataka,Rabi,4226,25.91,109513.24
Cotton,Gujarat,Rabi,928,15.51,14394.96
Rice,Karnataka,Rabi,3824,22.51,86092.07
Rice,Gujarat,Rabi,4375,15.78,69032.3
Maize,Tamil Nadu,Rabi,4346,31.49,136865.87
Cotton,Maharashtra,Rabi,2979,20.47,60977.24
Rice,Maharashtra,Rabi,1175,32.91,38665.79
Rice,Punjab,Rabi,1410,30.67,43244.09
Rice,Karnataka,Rabi,4363,33.38,145619.8
Cotton,Gujarat,Rabi,2284,26.35,60188.68
Rice,Punjab,Rabi,2282,20.46,46679.22
Rice,Punjab,Rabi,1369,34.23,46857.06
Soybean,Maharashtra,Rabi,3563,22.93,81695.47
Cotton,Tamil Nadu,Kharif,1098,30.76,33777.63
Soybean,Punjab,Rabi,4657,23.35,108761.93
Cotton,Gujarat,Kharif,978,18.09,17691.1
Rice,Karnataka,Kharif,4786,19.04,91115.31
Soybean,Maharashtra,Rabi,1729,22.82,39462.12
Maize,Punjab,Rabi,3022,29.39,88808.01
Cotton,Karnataka,Kharif,739,26.77,19782.65
Maize,Punjab,Kharif,2420,31.15,75373.85
Wheat,Punjab,Kharif,2559,29.32,75031.49
Cotton,Punjab,Kharif,1361,34.96,47580.7
Cotton,Gujarat,Kharif,2178,25.74,56062.71
Rice,Maharashtra,Kharif,4984,23.79,118561.29
Maize,Maharashtra,Rabi,4788,33.25,159211.73
Soybean,Maharashtra,Kharif,2734,16.9,46206.85
Cotton,Maharashtra,Rabi,1006,26.91,27069.37
Rice,Punjab,Rabi,2750,21.8,59954.54
Soybean,Gujarat,Rabi,635,33.6,21338.49
Rice,Maharashtra,Kharif,4967,20.64,102498.88
Soybean,Gujarat,Kharif,577,29.2,16849.62
Maize,Gujarat,Rabi,4042,15.26,61677.27
Soybean,Punjab,Kharif,3663,33.72,123519.66
Cotton,Gujarat,Kharif,3310,17.17,56840.54
Soybean,Maharashtra,Kharif,1224,26.7,32676.84
Rice,Karnataka,Rabi,1730,15.81,27358.59
Soybean,Gujarat,Rabi,2376,26.75,63562.58
Maize,Punjab,Kharif,1062,30.0,31859.95
Soybean,Maharashtra,Rabi,2335,21.35,49851.21
Wheat,Punjab,Rabi,1556,18.98,29533.88
Soybean,Punjab,Rabi,4236,21.37,90540.9
Rice,Punjab,Kharif,4737,19.9,94273.53
Maize,Maharashtra,Kharif,4331,30.16,130611.48
Cotton,Punjab,Rabi,1792,27.79,49799.97
Rice,Punjab,Rabi,3018,19.83,59836.19
Maize,Karnataka,Rabi,4832,26.24,126783.56
Soybean,Karnataka,Kharif,3358,32.32,108522.74
Cotton,Karnataka,Rabi,4698,19.99,93929.43
Rice,Gujarat,Kharif,4086,17.62,72014.93
Cotton,Karnataka,Rabi,4279,21.28,91044.1
Rice,Tamil Nadu,Rabi,2141,25.35,54266.21
Maize,Karnataka,Rabi,1819,15.39,27991.43
Rice,Karnataka,Kharif,2590,18.01,46641.18
Soybean,Punjab,Kharif,1048,23.47,24600.78
Soybean,Gujarat,Kharif,1000,19.04,19035.25
Rice,Punjab,Kharif,3368,28.99,97634.67
Rice,Gujarat,Rabi,2742,21.2,58138.31
Cotton,Maharashtra,Rabi,1300,18.52,24071.02
Cotton,Maharashtra,Rabi,1695,26.92,45634.46
Maize,Maharashtra,Rabi,2629,34.48,90650.96
Soybean,Gujarat,Kharif,807,20.1,16220.44
Rice,Gujarat,Rabi,1377,20.63,28404.2
Rice,Punjab,Kharif,1169,31.29,36575.46
Rice,Gujarat,Rabi,1289,24.33,31364.94
Wheat,Gujarat,Kharif,4291,31.73,136159.73
Rice,Maharashtra,Rabi,1813,19.46,35279.26
Wheat,Gujarat,Kharif,951,25.87,24605.61
Soybean,Gujarat,Rabi,3440,25.25,86846.23
Soybean,Karnataka,Rabi,2842,34.94,99306.75
Wheat,Tamil Nadu,Rabi,1151,24.15,27794.43
Wheat,Karnataka,Rabi,3555,17.71,62965.38
Rice,Karnataka,Kharif,1555,18.4,28612.65
Rice,Karnataka,Rabi,4786,34.02,162813.8
Rice,Punjab,Kharif,4066,20.29,82483.05
Maize,Punjab,Rabi,3164,17.78,56258.24
Rice,Tamil Nadu,Kharif,2290,15.15,34698.76
Rice,Karnataka,Rabi,2639,20.92,55206.21
Wheat,Maharashtra,Kharif,3993,16.11,64333.23
Maize,Maharashtra,Rabi,1158,23.41,27113.8
Soybean,Punjab,Rabi,3481,32.7,113844.91
Maize,Tamil Nadu,Kharif,1872,24.54,45946.96
Soybean,Maharashtra,Kharif,660,17.35,11451.7
Cotton,Karnataka,Kharif,2659,33.18,88235.92
Soybean,Gujarat,Kharif,2157,24.51,52867.06
Soybean,Tamil Nadu,Kharif,2101,18.88,39659.74
Maize,Gujarat,Kharif,4287,20.53,88014.91
Wheat,Punjab,Kharif,2546,26.16,66610.23
Soybean,Punjab,Rabi,2959,16.63,49200.03
Rice,Tamil Nadu,Kharif,2742,25.11,68844.68
Maize,Gujarat,Kharif,3006,19.92,59880.43
Wheat,Gujarat,Kharif,4785,28.06,134259.98
Soybean,Maharashtra,Kharif,1053,30.81,32443.03
Maize,Maharashtra,Kharif,3732,31.29,116768.46
Cotton,Karnataka,Kharif,2703,24.12,65194.08
Rice,Maharashtra,Kharif,3656,31.12,113772.96
Wheat,Tamil Nadu,Kharif,4609,26.53,122299.15
Rice,Tamil Nadu,Rabi,709,23.2,16446.23
Maize,Karnataka,Kharif,710,33.36,23685.21
Soybean,Gujarat,Kharif,741,16.38,12136.26
Soybean,Maharashtra,Kharif,1314,15.99,21016.25
Rice,Maharashtra,Kharif,1717,28.33,48638.78
Cotton,Tamil Nadu,Rabi,4374,21.29,93140.24
Wheat,Punjab,Kharif,4155,29.25,121514.18
Maize,Gujarat,Rabi,1599,29.73,47538.2
Rice,Karnataka,Rabi,1599,17.74,28366.72
Rice,Punjab,Rabi,1427,20.85,29749.57
Wheat,Maharashtra,Kharif,708,20.02,14171.95
Rice,Gujarat,Rabi,4705,29.0,136442.94
Wheat,Maharashtra,Kharif,656,31.56,20702.67
Cotton,Tamil Nadu,Rabi,4525,25.9,117215.41
Soybean,Gujarat,Kharif,3616,23.77,85961.06
Rice,Tamil Nadu,Kharif,3732,21.74,81143.27
Cotton,Maharashtra,Rabi,4807,19.15,92045.15
Rice,Punjab,Rabi,4818,17.4,83830.96
Rice,Karnataka,Kharif,3968,32.92,130646.22
Rice,Punjab,Kharif,1831,18.33,33562.02
Soybean,Tamil Nadu,Kharif,1720,32.02,55081.11
Wheat,Gujarat,Rabi,4199,31.41,131878.98
Rice,Tamil Nadu,Kharif,3630,21.4,77681.04
Soybean,Karnataka,Rabi,3271,25.49,83387.67
Soybean,Punjab,Rabi,3195,33.45,106871.81
Cotton,Karnataka,Rabi,1774,30.76,54560.44
Maize,Karnataka,Kharif,585,28.49,16665.34
Maize,Gujarat,Kharif,4736,29.57,140048.21
Soybean,Tamil Nadu,Rabi,3848,29.51,113556.69
Rice,Maharashtra,Kharif,2793,22.79,63640.16
Cotton,Karnataka,Kharif,2717,27.86,75688.81
Rice,Tamil Nadu,Kharif,3117,25.37,79072.38
Rice,Karnataka,Kharif,1622,27.59,44749.9
Wheat,Tamil Nadu,Rabi,1483,26.45,39222.3
Maize,Tamil Nadu,Rabi,3457,19.73,68223.86
Wheat,Gujarat,Rabi,1974,31.65,62477.46
Soybean,Gujarat,Kharif,4195,25.47,106867.08
Rice,Tamil Nadu,Kharif,1731,23.42,40546.8
Maize,Gujarat,Kharif,1748,27.67,48365.0
Cotton,Karnataka,Kharif,3183,27.82,88549.99
Rice,Tamil Nadu,Kharif,3069,29.43,90328.78
Rice,Karnataka,Rabi,3524,31.6,111342.92
Rice,Tamil Nadu,Rabi,4802,19.02,91350.8
Cotton,Karnataka,Kharif,4144,33.47,138683.92
Rice,Tamil Nadu,Kharif,721,26.93,19413.76
Cotton,Karnataka,Rabi,2471,20.05,49550.08
Rice,Maharashtra,Rabi,576,33.25,19152.22
Soybean,Karnataka,Rabi,4472,34.68,155109.0
Maize,Tamil Nadu,Kharif,2723,24.94,67922.25
Wheat,Karnataka,Kharif,2280,32.98,75183.09
Maize,Tamil Nadu,Kharif,1966,33.53,65914.25
Cotton,Punjab,Rabi,4850,34.98,169659.24
Maize,Maharashtra,Kharif,1422,34.32,48800.06
Maize,Tamil Nadu,Rabi,2879,19.41,55868.05
Soybean,Maharashtra,Kharif,4542,19.64,89188.71
Maize,Karnataka,Rabi,3682,33.63,123824.84
Cotton,Tamil Nadu,Rabi,2987,24.38,72826.91
Rice,Karnataka,Kharif,2885,23.01,66382.4
Wheat,Karnataka,Kharif,2083,26.21,54590.52
Maize,Maharashtra,Kharif,2569,25.31,65024.76
Rice,Karnataka,Kharif,2238,29.25,65472.64
Maize,Punjab,Kharif,3287,25.47,83710.79
Maize,Gujarat,Rabi,626,31.63,19799.91
Rice,Punjab,Rabi,3062,18.7,57257.94
Wheat,Karnataka,Rabi,1192,24.92,29701.64
Wheat,Gujarat,Kharif,1683,30.58,51471.24
Soybean,Karnataka,Rabi,4031,23.27,93793.5
Maize,Karnataka,Rabi,3345,31.57,105608.56
Wheat,Gujarat,Kharif,4216,22.86,96397.52
Cotton,Tamil Nadu,Kharif,3704,22.77,84346.71
Soybean,Maharashtra,Kharif,4289,22.04,94528.43
Maize,Karnataka,Rabi,2373,31.07,73734.95
Wheat,Punjab,Rabi,1057,28.2,29809.59
Cotton,Tamil Nadu,Kharif,3727,27.88,103893.29
Soybean,Tamil Nadu,Rabi,1175,25.36,29799.16
Maize,Gujarat,Kharif,697,15.88,11069.87
Soybean,Tamil Nadu,Rabi,572,29.54,16894.46
Soybean,Gujarat,Kharif,517,22.26,11509.72
Rice,Maharashtra,Kharif,3206,22.58,72382.49
Wheat,Punjab,Kharif,2959,20.77,61469.91
Cotton,Tamil Nadu,Kharif,2591,25.35,65689.8
Maize,Maharashtra,Kharif,2809,29.27,82226.24
Rice,Karnataka,Rabi,2426,32.91,79830.32
Rice,Maharashtra,Rabi,2129,27.6,58767.31
Soybean,Maharashtra,Rabi,3607,21.2,76481.49
Maize,Karnataka,Rabi,3212,15.05,48335.87
Soybean,Tamil Nadu,Kharif,2384,23.65,56372.41
Rice,Karnataka,Kharif,669,20.15,13478.2
Soybean,Tamil Nadu,Kharif,1784,26.59,47442.08
Cotton,Karnataka,Kharif,3031,20.02,60666.67
Soybean,Maharashtra,Rabi,2469,21.88,54009.45
Cotton,Tamil Nadu,Rabi,1829,18.26,33393.77
Soybean,Punjab,Rabi,3478,17.87,62156.31
Rice,Karnataka,Kharif,4958,23.63,117135.08
Cotton,Punjab,Kharif,1507,24.03,36212.25
Soybean,Punjab,Rabi,2690,25.86,69557.66
Maize,Gujarat,Kharif,3129,16.12,50448.53
Soybean,Punjab,Rabi,4034,25.08,101169.54
Maize,Gujarat,Rabi,922,32.44,29908.85
Maize,Maharashtra,Kharif,1329,33.84,44977.46
Maize,Karnataka,Kharif,1058,23.39,24749.34
Soybean,Maharashtra,Rabi,2922,29.85,87226.2
Cotton,Punjab,Rabi,2555,20.77,53071.28
Maize,Maharashtra,Rabi,4248,32.49,138019.05
Cotton,Karnataka,Kharif,2070,34.76,71957.24
Wheat,Punjab,Rabi,4557,27.8,126685.29
Wheat,Punjab,Kharif,2715,25.32,68741.04
Maize,Punjab,Rabi,4005,27.21,108986.63
Soybean,Punjab,Kharif,580,27.74,16087.31
Wheat,Punjab,Rabi,882,16.56,14607.43
Cotton,Karnataka,Kharif,3546,24.03,85221.04
Wheat,Gujarat,Rabi,1699,22.88,38869.59
Wheat,Tamil Nadu,Rabi,819,32.12,26304.24
Cotton,Karnataka,Rabi,1251,18.17,22725.3
Rice,Tamil Nadu,Rabi,3493,29.65,103575.85
Maize,Maharashtra,Kharif,4960,32.71,162248.6
Rice,Gujarat,Rabi,563,34.92,19662.77
Soybean,Tamil Nadu,Rabi,4342,28.75,124847.77
Maize,Karnataka,Kharif,4984,19.31,96252.01
Maize,Punjab,Rabi,4953,16.32,80832.32
Soybean,Punjab,Rabi,4448,23.96,106581.4
Wheat,Maharashtra,Rabi,3402,32.37,110127.81
Rice,Maharashtra,Rabi,3632,31.36,113899.45
Cotton,Maharashtra,Rabi,1167,26.62,31063.8
Cotton,Tamil Nadu,Rabi,3180,21.11,67122.25
Wheat,Gujarat,Kharif,4885,23.5,114783.38
Soybean,Tamil Nadu,Rabi,1441,25.9,37320.68
Maize,Gujarat,Rabi,4821,16.94,81678.56
Wheat,Gujarat,Kharif,2132,21.27,45357.8
Wheat,Gujarat,Rabi,4996,28.29,141355.25
Soybean,Karnataka,Rabi,4528,17.13,77564.31
Soybean,Punjab,Rabi,2264,24.74,56010.34
Maize,Gujarat,Kharif,4316,24.29,104819.81
Cotton,Maharashtra,Rabi,1710,32.77,56037.69
Wheat,Karnataka,Kharif,2488,28.14,70021.53
Rice,Karnataka,Rabi,3733,17.9,66830.45
Maize,Gujarat,Kharif,2914,34.52,100603.49
Rice,Punjab,Kharif,4831,27.65,133558.14
Soybean,Maharashtra,Rabi,2340,28.66,67055.08
Wheat,Punjab,Kharif,1201,20.19,24248.23
Cotton,Maharashtra,Rabi,1576,32.98,51974.01
Rice,Tamil Nadu,Rabi,2295,20.13,46195.07
Soybean,Maharashtra,Kharif,2666,30.79,82094.97
Soybean,Gujarat,Rabi,3254,30.2,98281.12
Soybean,Punjab,Rabi,586,21.32,12495.64
Soybean,Maharashtra,Kharif,4952,18.87,93461.21
Maize,Gujarat,Rabi,4469,22.32,99745.05
Rice,Maharashtra,Rabi,2218,27.54,61092.99
Maize,Gujarat,Rabi,2725,32.8,89370.4
Maize,Gujarat,Rabi,1757,22.41,39373.56
Rice,Tamil Nadu,Kharif,4791,29.54,141519.0
Cotton,Gujarat,Kharif,1397,29.81,41645.64
Wheat,Tamil Nadu,Kharif,4080,27.62,112688.68
Maize,Maharashtra,Kharif,548,33.73,18481.73
Rice,Punjab,Rabi,1428,16.25,23202.72
Wheat,Tamil Nadu,Rabi,3022,25.97,78496.42
Rice,Tamil Nadu,Kharif,2240,17.62,39467.26
Maize,Gujarat,Rabi,3559,28.47,101325.59
Soybean,Punjab,Rabi,1139,31.89,36321.3
Wheat,Maharashtra,Kharif,4173,19.76,82444.43
Rice,Punjab,Kharif,4110,25.4,104402.4
Maize,Tamil Nadu,Kharif,3776,27.68,104537.8
Soybean,Punjab,Rabi,2544,19.9,50621.79
Maize,Tamil Nadu,Rabi,3106,22.31,69306.33
Maize,Gujarat,Rabi,4548,19.23,87471.82
Cotton,Maharashtra,Rabi,1992,25.34,50483.9
Cotton,Karnataka,Kharif,1635,34.83,56951.9
Maize,Tamil Nadu,Kharif,664,34.53,22930.08
Wheat,Maharashtra,Rabi,4572,27.55,125959.27
Rice,Karnataka,Rabi,3065,23.92,73307.61
Wheat,Maharashtra,Rabi,4536,25.05,113626.98
Maize,Tamil Nadu,Rabi,1511,17.86,26984.53
Maize,Karnataka,Rabi,1885,23.92,45080.36
Wheat,Karnataka,Kharif,1090,22.13,24118.83
Soybean,Punjab,Kharif,3438,19.64,67507.59
Cotton,Maharashtra,Kharif,4626,32.89,152127.8
Maize,Karnataka,Rabi,1141,16.61,18947.25
Maize,Punjab,Kharif,1712,16.84,28829.91
Cotton,Karnataka,Kharif,634,27.75,17593.66
Soybean,Gujarat,Kharif,777,30.7,23856.41
Soybean,Karnataka,Kharif,700,17.2,12041.81
Maize,Punjab,Kharif,1200,29.59,35502.67
Soybean,Maharashtra,Rabi,4753,23.3,110753.52
Wheat,Maharashtra,Kharif,4586,32.81,150473.07
Soybean,Gujarat,Kharif,2922,30.23,88326.85
Soybean,Tamil Nadu,Kharif,1875,21.16,39680.59
Soybean,Tamil Nadu,Rabi,4637,22.58,104713.95
Maize,Punjab,Kharif,1034,19.5,20161.46
Soybean,Punjab,Rabi,3567,16.33,58249.19
Rice,Punjab,Rabi,4949,33.45,165551.44
Rice,Tamil Nadu,Rabi,861,19.45,16742.61
Cotton,Maharashtra,Rabi,4631,23.64,109480.26
Cotton,Tamil Nadu,Kharif,4694,15.95,74886.4
Wheat,Karnataka,Rabi,3665,17.4,63764.31
Cotton,Maharashtra,Rabi,3932,26.61,104645.5
Cotton,Karnataka,Kharif,3462,32.11,111164.32
Soybean,Gujarat,Rabi,4703,25.19,118474.23
Cotton,Maharashtra,Rabi,3021,23.58,71229.88
Wheat,Gujarat,Rabi,2835,22.35,63350.46
Wheat,Gujarat,Kharif,4648,26.22,121869.11
Rice,Tamil Nadu,Kharif,3671,26.77,98265.42
Rice,Tamil Nadu,Kharif,2389,30.73,73406.8
Rice,Maharashtra,Rabi,926,19.9,18428.88
Rice,Tamil Nadu,Rabi,2462,33.24,81838.75
Maize,Punjab,Rabi,530,29.9,15844.47
Cotton,Karnataka,Rabi,3646,33.03,120413.24
Cotton,Maharashtra,Rabi,4105,27.71,113735.45
Cotton,Punjab,Rabi,1243,16.51,20522.8
Maize,Punjab,Rabi,3760,21.16,79552.9
Cotton,Karnataka,Kharif,4442,28.47,126443.58
Maize,Punjab,Kharif,1142,25.23,28817.4
Soybean,Maharashtra,Rabi,2882,34.95,100726.44
Cotton,Karnataka,Kharif,3109,20.23,62883.96
Cotton,Tamil Nadu,Rabi,841,30.82,25917.25
Rice,Tamil Nadu,Rabi,2543,24.08,61232.45
Soybean,Gujarat,Kharif,1424,15.58,22183.76
Maize,Karnataka,Rabi,2853,22.83,65121.62
Cotton,Tamil Nadu,Rabi,1004,31.43,31550.92
Cotton,Tamil Nadu,Kharif,3711,24.13,89548.43
Soybean,Gujarat,Rabi,4128,19.69,81295.59
Cotton,Gujarat,Kharif,4924,33.17,163316.49
Soybean,Punjab,Rabi,1961,26.91,52767.55
Soybean,Gujarat,Kharif,4891,31.12,152226.01
Soybean,Tamil Nadu,Rabi,4641,33.73,156552.79
Cotton,Karnataka,Kharif,3466,19.2,66553.76
Wheat,Punjab,Kharif,1317,24.52,32293.56
Soybean,Maharashtra,Rabi,1774,17.18,30475.42
Cotton,Punjab,Rabi,3226,23.48,75733.28
Wheat,Punjab,Rabi,4224,27.91,117910.46
Soybean,Tamil Nadu,Rabi,1448,19.86,28755.02
Rice,Gujarat,Kharif,663,30.38,20140.31
Wheat,Punjab,Rabi,1923,25.57,49164.27
Cotton,Punjab,Kharif,2788,34.76,96913.9
Soybean,Gujarat,Rabi,1126,26.29,29607.29
Rice,Karnataka,Kharif,2670,21.3,56876.14
Rice,Karnataka,Kharif,3378,30.19,101979.92
Maize,Gujarat,Kharif,4874,29.31,142877.79
Wheat,Karnataka,Rabi,1615,28.83,46564.64
Rice,Punjab,Kharif,1007,18.22,18344.04
Wheat,Tamil Nadu,Rabi,1335,17.6,23494.58
Soybean,Maharashtra,Kharif,4665,20.32,94790.72
Maize,Karnataka,Rabi,3531,24.31,85853.83
Wheat,Gujarat,Rabi,1293,28.39,36702.23
Cotton,Karnataka,Rabi,3613,33.03,119319.51
Cotton,Maharashtra,Kharif,4347,22.47,97695.44
Soybean,Karnataka,Rabi,523,31.64,16548.54
Cotton,Gujarat,Rabi,3779,25.29,95586.71
Rice,Punjab,Kharif,1677,22.41,37585.94
Maize,Gujarat,Rabi,1331,27.05,36007.4
Cotton,Karnataka,Kharif,3893,15.82,61581.36
Cotton,Karnataka,Kharif,2434,16.34,39783.64
Soybean,Tamil Nadu,Kharif,3211,26.3,84437.15
Soybean,Tamil Nadu,Rabi,4865,30.93,150457.6
Soybean,Gujarat,Kharif,3821,19.12,73072.91
Maize,Gujarat,Kharif,4849,21.92,106303.93
Rice,Tamil Nadu,Rabi,4547,33.39,151841.65
Soybean,Maharashtra,Kharif,781,19.94,15571.66
Maize,Tamil Nadu,Rabi,4603,21.12,97202.97
Soybean,Gujarat,Rabi,3511,17.72,62211.35
Cotton,Tamil Nadu,Kharif,4263,19.67,83852.06
Soybean,Karnataka,Rabi,2403,24.43,58693.61
Soybean,Maharashtra,Kharif,824,26.55,21879.96
Maize,Gujarat,Rabi,2803,29.82,83578.36
Maize,Gujarat,Rabi,1373,28.08,38551.23
Rice,Punjab,Kharif,1424,34.52,49157.87
Maize,Gujarat,Rabi,4684,25.76,120652.7
Cotton,Tamil Nadu,Rabi,2928,23.34,68348.98
Rice,Maharashtra,Kharif,2754,32.18,88612.58
Maize,Karnataka,Kharif,2606,31.17,81223.4
Wheat,Gujarat,Rabi,3813,31.29,119318.05
Wheat,Tamil Nadu,Rabi,504,32.56,16410.52
Soybean,Gujarat,Kharif,4825,27.48,132592.57
Soybean,Punjab,Kharif,1507,22.87,34463.19
Wheat,Tamil Nadu,Rabi,1611,26.87,43290.04
Wheat,Karnataka,Kharif,3387,25.14,85157.76
Maize,Maharashtra,Kharif,3324,17.97,59727.52
Cotton,Gujarat,Kharif,2024,30.62,61973.92
Rice,Maharashtra,Rabi,3501,22.43,78510.2
Maize,Tamil Nadu,Rabi,2256,26.64,60100.96
Cotton,Punjab,Rabi,1485,17.23,25586.52
Maize,Tamil Nadu,Rabi,2919,20.13,58749.1
Rice,Maharashtra,Kharif,2603,30.2,78610.28
Soybean,Tamil Nadu,Rabi,3173,15.27,48462.72
Rice,Punjab,Rabi,4622,26.6,122924.79
Soybean,Gujarat,Kharif,1039,32.04,33293.01
Wheat,Maharashtra,Rabi,2364,24.52,57966.48
Wheat,Punjab,Kharif,2388,33.43,79822.01
Cotton,Tamil Nadu,Kharif,4660,16.17,75362.03
Wheat,Punjab,Rabi,2443,31.38,76667.91
Rice,Karnataka,Rabi,4407,21.66,95451.86
Soybean,Gujarat,Rabi,2768,20.13,55715.87
Cotton,Karnataka,Kharif,1693,18.67,31610.66
Wheat,Karnataka,Kharif,4291,15.71,67424.74
Rice,Maharashtra,Rabi,3326,26.28,87394.94
Rice,Karnataka,Rabi,1951,23.85,46534.4
Soybean,Karnataka,Kharif,1881,19.55,36780.33
Cotton,Gujarat,Kharif,3092,29.96,92637.56
Cotton,Punjab,Rabi,3632,28.98,105241.3
Maize,Gujarat,Kharif,1695,27.67,46898.86
Cotton,Karnataka,Rabi,1147,31.26,35860.48
Cotton,Maharashtra,Rabi,1382,17.83,24645.6
Maize,Maharashtra,Kharif,3633,18.92,68738.49
Wheat,Punjab,Kharif,2603,26.54,69085.86
Rice,Maharashtra,Rabi,3707,31.09,115234.65
Cotton,Gujarat,Rabi,4554,26.44,120391.55
Soybean,Punjab,Rabi,1964,31.78,62412.22
Rice,Tamil Nadu,Kharif,4665,21.41,99892.35
Wheat,Gujarat,Kharif,4159,23.3,96914.2
Cotton,Maharashtra,Rabi,4546,31.15,141619.1
Cotton,Gujarat,Rabi,4168,19.51,81332.16
Soybean,Tamil Nadu,Rabi,2456,15.78,38759.18
Soybean,Karnataka,Rabi,2187,27.88,60971.45
Soybean,Tamil Nadu,Rabi,4617,27.24,125759.19
Rice,Maharashtra,Rabi,3098,18.62,57691.65
Soybean,Gujarat,Kharif,544,27.61,15017.18
Soybean,Punjab,Kharif,586,22.88,13407.25
Soybean,Karnataka,Rabi,4400,23.65,104077.43
Wheat,Punjab,Kharif,4584,29.88,136976.32
Cotton,Maharashtra,Kharif,795,15.72,12495.84
Soybean,Maharashtra,Kharif,1145,27.58,31573.73
Rice,Tamil Nadu,Rabi,2886,16.17,46652.89
Soybean,Gujarat,Rabi,4454,32.92,146636.78
Wheat,Gujarat,Rabi,1447,29.77,43076.97
Soybean,Karnataka,Kharif,912,30.4,27721.89
Rice,Punjab,Rabi,3046,29.85,90923.99
Cotton,Gujarat,Kharif,3563,28.18,100423.0
Maize,Tamil Nadu,Kharif,3489,19.52,68115.18
Cotton,Karnataka,Kharif,727,18.76,13637.04
Cotton,Gujarat,Rabi,2951,21.34,62963.65
Soybean,Karnataka,Rabi,4936,23.2,114516.26
Soybean,Maharashtra,Rabi,4537,29.98,136031.89
Wheat,Punjab,Kharif,4604,25.46,117211.81
Cotton,Karnataka,Rabi,3595,22.07,79335.79
Cotton,Karnataka,Kharif,1819,32.91,59858.89
Cotton,Gujarat,Rabi,3237,18.3,59239.55
Soybean,Tamil Nadu,Rabi,4651,24.11,112148.5
Wheat,Gujarat,Rabi,2538,28.3,71831.07
Soybean,Punjab,Rabi,2837,15.47,43884.97
Rice,Gujarat,Rabi,2926,25.72,75266.23
Cotton,Tamil Nadu,Kharif,1795,24.09,43242.64
Cotton,Karnataka,Kharif,989,16.83,16641.71
Maize,Punjab,Kharif,2307,18.68,43092.98
Maize,Maharashtra,Kharif,3482,23.72,82584.48
Soybean,Punjab,Rabi,2467,32.13,79268.69
Wheat,Tamil Nadu,Rabi,523,33.78,17664.68
Maize,Tamil Nadu,Kharif,842,27.22,22919.81
Cotton,Gujarat,Rabi,766,26.54,20330.58
Soybean,Punjab,Kharif,3229,20.52,66257.17
Rice,Gujarat,Rabi,2898,17.33,50232.77
Rice,Maharashtra,Rabi,1689,33.78,57058.72
Wheat,Punjab,Rabi,3003,31.68,95140.97
Rice,Karnataka,Kharif,584,20.55,11999.75
Maize,Gujarat,Rabi,3673,27.64,101534.96
Cotton,Karnataka,Rabi,3846,16.79,64590.26
Rice,Punjab,Rabi,4200,22.85,95962.73
Rice,Gujarat,Kharif,4018,33.93,136342.72
Cotton,Gujarat,Kharif,4697,24.24,113876.26
Maize,Maharashtra,Rabi,4506,18.15,81778.92
Soybean,Tamil Nadu,Rabi,3692,29.28,108110.58
Maize,Punjab,Kharif,2827,24.66,69704.57
Rice,Tamil Nadu,Rabi,3201,31.44,100625.34
Cotton,Tamil Nadu,Rabi,4110,18.13,74533.21
Rice,Maharashtra,Kharif,2678,33.37,89375.82
Soybean,Tamil Nadu,Rabi,2952,21.34,62988.24
Maize,Gujarat,Rabi,1148,24.28,27877.27
Rice,Karnataka,Rabi,3107,34.04,105765.15
Rice,Gujarat,Kharif,2345,34.21,80216.07
Cotton,Gujarat,Kharif,4123,31.94,131703.71
Soybean,Punjab,Rabi,2542,19.4,49323.15
Soybean,Karnataka,Rabi,2329,22.49,52375.39
Wheat,Gujarat,Rabi,4356,21.24,92510.32
Rice,Maharashtra,Rabi,3320,18.19,60380.52
Maize,Tamil Nadu,Kharif,4388,32.86,144173.42
Soybean,Punjab,Rabi,2253,25.97,58506.6
Maize,Maharashtra,Rabi,4849,16.26,78851.62
Soybean,Karnataka,Kharif,4872,21.54,104957.05
Soybean,Tamil Nadu,Rabi,1069,17.52,18728.29
Cotton,Tamil Nadu,Kharif,923,32.25,29766.43
Rice,Punjab,Rabi,1455,29.63,43110.03
Soybean,Maharashtra,Kharif,4278,21.14,90431.98
Maize,Punjab,Kharif,4248,15.08,64046.56
Wheat,Karnataka,Kharif,2525,24.17,61023.21
Maize,Karnataka,Kharif,2167,28.44,61634.04
Cotton,Gujarat,Kharif,955,17.33,16554.27
Maize,Gujarat,Rabi,3425,21.97,75250.91
Cotton,Karnataka,Rabi,2245,25.72,57743.33
Cotton,Gujarat,Rabi,3694,24.56,90735.52
Soybean,Punjab,Kharif,2528,22.5,56875.76
Maize,Karnataka,Kharif,4794,27.43,131496.57
Maize,Gujarat,Rabi,2027,26.3,53309.29
Rice,Maharashtra,Rabi,2277,20.42,46504.56
Wheat,Gujarat,Rabi,4277,32.28,138066.5
Wheat,Karnataka,Kharif,622,24.25,15082.02
Soybean,Gujarat,Kharif,1011,26.64,26937.68
Wheat,Tamil Nadu,Rabi,624,30.38,18959.24
Rice,Tamil Nadu,Kharif,1509,28.17,42506.64
Cotton,Karnataka,Rabi,2380,20.65,49154.06
Wheat,Punjab,Kharif,2364,22.09,52224.37
Wheat,Karnataka,Kharif,1434,15.29,21924.35
Soybean,Punjab,Rabi,2456,28.72,70524.14
Maize,Karnataka,Rabi,1564,27.06,42315.67
Soybean,Gujarat,Rabi,3894,29.4,114492.89
Cotton,Gujarat,Rabi,1877,26.16,49098.32
Cotton,Karnataka,Kharif,846,32.05,27113.77
Maize,Gujarat,Kharif,1607,15.28,24559.63
Soybean,Karnataka,Rabi,911,19.94,18168.73
Maize,Maharashtra,Rabi,936,27.21,25463.89
Maize,Maharashtra,Kharif,3906,33.47,130716.43
Cotton,Gujarat,Kharif,1867,33.8,63112.63
Wheat,Maharashtra,Kharif,3335,30.63,102143.38
Cotton,Karnataka,Kharif,4694,29.98,140747.3
Wheat,Tamil Nadu,Rabi,1043,20.27,21138.69
Rice,Gujarat,Rabi,3062,30.27,92685.44
Cotton,Tamil Nadu,Rabi,4860,18.51,89955.82
Rice,Gujarat,Kharif,4665,27.13,126540.01
Cotton,Karnataka,Kharif,4366,20.59,89903.02
Soybean,Tamil Nadu,Kharif,3553,30.87,109664.49
Maize,Tamil Nadu,Rabi,4752,29.69,141107.34
Rice,Punjab,Rabi,2471,24.72,61090.04
Rice,Gujarat,Kharif,736,34.35,25280.89
Rice,Maharashtra,Kharif,4099,18.12,74262.88
Wheat,Tamil Nadu,Rabi,3703,24.02,88952.96
Wheat,Karnataka,Kharif,2888,23.67,68358.7
Maize,Punjab,Rabi,1145,25.25,28908.56
Cotton,Tamil Nadu,Rabi,1721,22.0,37855.7
Maize,Gujarat,Rabi,4938,32.88,162369.48
Soybean,Tamil Nadu,Rabi,4016,21.39,85895.5
Rice,Gujarat,Rabi,1891,16.48,31168.82
Wheat,Karnataka,Rabi,2104,26.05,54802.26
Rice,Tamil Nadu,Kharif,4357,27.04,117792.13
Wheat,Maharashtra,Kharif,3272,22.31,72990.88
Soybean,Punjab,Kharif,1241,18.54,23006.53
Rice,Karnataka,Kharif,3446,17.55,60471.2
Wheat,Tamil Nadu,Rabi,3532,19.76,69808.34
Cotton,Tamil Nadu,Kharif,1567,34.66,54319.28
Soybean,Punjab,Rabi,3072,31.81,97716.99
Maize,Gujarat,Kharif,3990,34.59,137996.86
Rice,Tamil Nadu,Rabi,4240,22.85,96863.49
Wheat,Gujarat,Rabi,2044,23.99,49043.79
Soybean,Gujarat,Kharif,4118,20.11,82810.03
Cotton,Tamil Nadu,Rabi,2020,28.1,56766.51
Rice,Punjab,Kharif,2674,24.3,64968.93
Rice,Gujarat,Rabi,1427,24.34,34736.29
Wheat,Punjab,Rabi,793,18.54,14702.9
Wheat,Tamil Nadu,Kharif,1835,15.14,27775.08
Rice,Punjab,Kharif,910,29.04,26424.24
Cotton,Gujarat,Rabi,2174,32.18,69969.09
Wheat,Tamil Nadu,Kharif,4100,29.08,119232.45
Wheat,Punjab,Rabi,1853,18.3,33905.18
Maize,Maharashtra,Rabi,975,20.93,20410.15
Wheat,Punjab,Rabi,815,29.82,24304.09
Soybean,Maharashtra,Rabi,4599,31.53,145006.36
Cotton,Maharashtra,Rabi,2771,17.38,48148.45
Wheat,Maharashtra,Kharif,3946,16.04,63307.43
Wheat,Punjab,Rabi,1241,19.85,24631.82
Wheat,Karnataka,Rabi,1022,20.97,21431.36
Soybean,Gujarat,Kharif,4918,18.62,91561.26
Cotton,Tamil Nadu,Rabi,1175,21.1,24791.91
Soybean,Karnataka,Kharif,1691,26.62,45014.98
Cotton,Maharashtra,Rabi,3540,30.54,108094.62
Soybean,Punjab,Rabi,2017,33.67,67907.73
Wheat,Gujarat,Rabi,1560,17.41,27163.81
Rice,Tamil Nadu,Rabi,4830,21.62,104410.67
Wheat,Maharashtra,Rabi,4673,25.98,121421.07
Soybean,Karnataka,Rabi,1313,17.73,23273.35
Wheat,Maharashtra,Kharif,1293,20.5,26501.61
Soybean,Maharashtra,Rabi,3382,16.56,56013.16
Wheat,Tamil Nadu,Kharif,1533,31.91,48919.7
Wheat,Karnataka,Rabi,4783,29.38,140522.19
Wheat,Punjab,Kharif,2138,24.17,51678.03
Wheat,Tamil Nadu,Kharif,2650,18.49,49006.75
Cotton,Maharashtra,Rabi,3038,26.11,79321.88
Soybean,Tamil Nadu,Kharif,1357,18.74,25431.45
Wheat,Karnataka,Rabi,4678,25.77,120535.81
Maize,Gujarat,Kharif,1501,24.04,36083.28
Maize,Maharashtra,Rabi,1976,17.3,34178.66
Wheat,Tamil Nadu,Kharif,805,22.48,18096.38
Soybean,Gujarat,Kharif,623,29.09,18126.08
Soybean,Punjab,Kharif,3427,15.95,54668.09
Wheat,Gujarat,Rabi,3623,31.69,114828.1
Cotton,Punjab,Rabi,878,16.32,14332.77
Maize,Tamil Nadu,Rabi,1618,22.9,37051.6
Rice,Punjab,Kharif,2545,31.92,81226.28
Soybean,Gujarat,Kharif,3861,30.77,118794.4
Cotton,Gujarat,Kharif,557,22.44,12499.18
Wheat,Maharashtra,Kharif,3423,21.49,73564.44
Cotton,Karnataka,Rabi,3477,33.6,116839.15
Rice,Karnataka,Rabi,813,34.77,28272.06
Rice,Gujarat,Kharif,3842,31.81,122204.12
Soybean,Punjab,Rabi,872,21.16,18454.62
Cotton,Punjab,Kharif,705,25.39,17899.17
Wheat,Gujarat,Rabi,1753,20.3,35592.35
Rice,Karnataka,Rabi,4285,29.86,127965.84
Soybean,Karnataka,Rabi,2899,23.26,67444.44
Maize,Karnataka,Kharif,2699,15.37,41485.36
Soybean,Punjab,Rabi,3604,27.12,97749.45
Wheat,Gujarat,Rabi,3137,17.41,54601.68
Cotton,Karnataka,Kharif,2888,19.81,57208.54
Maize,Maharashtra,Kharif,781,27.6,21554.85
Cotton,Gujarat,Kharif,3923,24.4,95735.22
Maize,Maharashtra,Rabi,723,27.45,19849.46
Cotton,Maharashtra,Kharif,2551,18.11,46196.49
Cotton,Karnataka,Rabi,2683,24.79,66508.7
Maize,Karnataka,Kharif,1783,26.4,47068.28
Cotton,Maharashtra,Kharif,4926,25.84,127310.38
Wheat,Tamil Nadu,Kharif,2235,20.94,46811.88
Maize,Karnataka,Kharif,559,33.74,18860.33
Soybean,Karnataka,Rabi,3380,20.12,68001.86
Maize,Tamil Nadu,Rabi,589,16.13,9498.93
Maize,Tamil Nadu,Rabi,2133,26.87,57321.01
Rice,Karnataka,Kharif,703,33.52,23561.05
Wheat,Gujarat,Rabi,2927,17.3,50651.6
Rice,Gujarat,Rabi,1632,28.22,46059.07
Wheat,Gujarat,Rabi,4282,29.98,128361.55
Rice,Karnataka,Rabi,3192,15.9,50743.56
Rice,Maharashtra,Rabi,1788,28.37,50728.07
Maize,Maharashtra,Rabi,2637,30.96,81650.1
Cotton,Punjab,Kharif,3055,31.06,94892.58
Cotton,Karnataka,Rabi,560,18.99,10633.48
Wheat,Tamil Nadu,Kharif,2407,28.51,68625.66
Wheat,Karnataka,Rabi,1388,17.03,23634.99
Rice,Karnataka,Kharif,3886,27.14,105471.08
Cotton,Gujarat,Kharif,3620,20.86,75529.25
Rice,Maharashtra,Rabi,3837,23.55,90368.71
Cotton,Karnataka,Kharif,2249,17.62,39630.53
Rice,Gujarat,Kharif,2428,18.67,45338.55
Wheat,Gujarat,Rabi,3436,32.28,110916.89
Rice,Karnataka,Rabi,3877,24.16,93665.09
Maize,Karnataka,Kharif,941,20.65,19434.33
Rice,Gujarat,Kharif,556,17.83,9911.76
Maize,Karnataka,Rabi,829,17.16,14223.8
Cotton,Karnataka,Kharif,4251,34.4,146255.02
Cotton,Punjab,Kharif,3368,29.03,97764.21
Cotton,Tamil Nadu,Kharif,612,15.0,9181.86
Cotton,Tamil Nadu,Kharif,4786,32.8,156961.9
Maize,Tamil Nadu,Rabi,3705,21.38,79220.98
Soybean,Gujarat,Kharif,1191,26.27,31284.54
Cotton,Karnataka,Rabi,1244,22.04,27417.02
Soybean,Karnataka,Kharif,3873,28.38,109898.34
Cotton,Maharashtra,Kharif,2136,18.2,38872.9
Rice,Punjab,Rabi,4594,24.7,113480.14
Maize,Maharashtra,Rabi,3627,16.44,59637.93
Soybean,Karnataka,Kharif,3542,29.17,103330.01
Rice,Punjab,Kharif,1045,22.47,23483.87
Cotton,Gujarat,Kharif,2074,32.66,67743.82
Wheat,Tamil Nadu,Kharif,2399,22.31,53509.88
Maize,Maharashtra,Rabi,654,19.44,12712.8
Rice,Gujarat,Kharif,775,30.9,23943.66
Maize,Punjab,Kharif,705,15.67,11047.2
Soybean,Tamil Nadu,Kharif,2431,17.28,42006.99
Wheat,Punjab,Kharif,2470,33.32,82297.96
Rice,Punjab,Rabi,2664,34.5,91917.54
Rice,Tamil Nadu,Kharif,1423,23.82,33892.55
Maize,Gujarat,Rabi,655,18.4,12053.93
Cotton,Tamil Nadu,Rabi,2857,27.5,78569.85
Maize,Gujarat,Kharif,1620,34.62,56090.51
Rice,Karnataka,Rabi,1419,33.64,47736.21
Maize,Gujarat,Rabi,4979,31.4,156364.64
Wheat,Tamil Nadu,Kharif,622,33.87,21068.72
Wheat,Tamil Nadu,Kharif,3931,27.72,108957.7
Soybean,Gujarat,Kharif,1761,18.29,32207.14
Rice,Punjab,Rabi,2288,33.57,76818.0
Rice,Karnataka,Kharif,2330,28.67,66803.49
Cotton,Karnataka,Kharif,4601,27.5,126525.4
Soybean,Karnataka,Rabi,4324,16.23,70182.6
Rice,Tamil Nadu,Rabi,3558,16.05,57117.16
Rice,Gujarat,Kharif,3561,27.2,96848.4
Soybean,Punjab,Kharif,2752,18.62,51244.83
Soybean,Punjab,Rabi,3504,15.83,55479.73
Wheat,Punjab,Rabi,3491,34.89,121798.84
Maize,Tamil Nadu,Rabi,4564,24.65,112520.21
Maize,Maharashtra,Kharif,2718,30.36,82516.9
Wheat,Punjab,Kharif,3286,24.13,79303.87
Rice,Maharashtra,Kharif,1216,30.91,37592.42
Wheat,Punjab,Rabi,547,23.72,12976.4
Maize,Tamil Nadu,Kharif,1481,29.87,44239.74
Wheat,Punjab,Rabi,931,21.48,20000.79
Soybean,Tamil Nadu,Rabi,2506,29.08,72880.67
Soybean,Punjab,Rabi,1943,26.41,51308.12
Rice,Gujarat,Kharif,1674,25.51,42710.58
Rice,Tamil Nadu,Rabi,4619,25.0,115470.37
Soybean,Tamil Nadu,Rabi,1869,25.46,47590.13
Wheat,Tamil Nadu,Kharif,1625,20.1,32661.51
Rice,Maharashtra,Kharif,4233,18.56,78581.55
Cotton,Tamil Nadu,Kharif,2032,19.43,39481.53
Rice,Maharashtra,Kharif,1410,31.53,44460.66
Soybean,Karnataka,Rabi,2396,32.5,77859.23
Rice,Tamil Nadu,Kharif,3757,23.7,89046.71
Wheat,Maharashtra,Kharif,3649,32.53,118697.0
Rice,Punjab,Kharif,1075,32.01,34406.03
Maize,Punjab,Rabi,4914,21.41,105223.4
Wheat,Punjab,Rabi,3389,25.69,87061.13
Rice,Karnataka,Kharif,4928,27.61,136066.34
Wheat,Gujarat,Kharif,3613,28.99,104723.11
Maize,Gujarat,Rabi,4921,31.02,152639.29
Soybean,Tamil Nadu,Kharif,2274,16.69,37946.34
Cotton,Punjab,Rabi,4316,22.88,98749.7
Cotton,Punjab,Rabi,4477,27.15,121546.93
Rice,Maharashtra,Rabi,2002,18.37,36786.4
Cotton,Karnataka,Kharif,612,20.09,12297.93
Wheat,Punjab,Kharif,2723,31.36,85381.7
Maize,Tamil Nadu,Kharif,2894,24.45,70757.98
Maize,Tamil Nadu,Rabi,1259,16.89,21260.46
Rice,Maharashtra,Kharif,573,15.4,8822.0
Wheat,Tamil Nadu,Rabi,3351,16.77,56196.11
Rice,Maharashtra,Kharif,906,15.82,14334.75
Cotton,Punjab,Rabi,3551,17.4,61802.77
Cotton,Punjab,Rabi,3071,23.45,72007.37
Wheat,Karnataka,Kharif,3410,27.06,92290.42
Wheat,Gujarat,Kharif,4355,16.03,69824.63
Cotton,Gujarat,Rabi,3730,24.68,92039.93
Maize,Tamil Nadu,Kharif,1987,23.07,45836.48
Wheat,Tamil Nadu,Rabi,4151,24.63,102233.67
Rice,Karnataka,Kharif,648,31.47,20395.11
Cotton,Gujarat,Kharif,1310,26.59,34833.43
Wheat,Punjab,Rabi,4289,17.21,73817.53
Wheat,Gujarat,Rabi,1751,25.89,45340.17
Wheat,Punjab,Kharif,2895,19.46,56342.71
Rice,Tamil Nadu,Rabi,4841,31.99,154864.83
Soybean,Tamil Nadu,Rabi,2093,31.76,66476.05
Maize,Maharashtra,Kharif,3875,30.55,118391.45
Wheat,Karnataka,Rabi,3375,16.68,56291.86
Wheat,Punjab,Rabi,3375,32.95,111212.87
Rice,Karnataka,Kharif,1352,17.01,22993.65
Maize,Tamil Nadu,Kharif,1194,33.22,39662.03
Soybean,Maharashtra,Kharif,3030,34.74,105269.63
Maize,Karnataka,Kharif,4796,22.39,107381.11
Maize,Karnataka,Rabi,2370,28.34,67160.31
Wheat,Karnataka,Rabi,4802,20.25,97260.34
Cotton,Tamil Nadu,Kharif,3833,32.16,123285.3
Maize,Maharashtra,Kharif,2313,16.72,38670.74
Rice,Tamil Nadu,Kharif,2330,22.95,53479.46
Maize,Punjab,Rabi,2843,15.37,43707.11
Maize,Gujarat,Rabi,4111,16.57,68109.97
Rice,Gujarat,Rabi,1031,27.04,27881.99
Cotton,Punjab,Rabi,3026,17.67,53473.38
Soybean,Punjab,Kharif,3287,33.94,111548.53
Cotton,Gujarat,Kharif,1818,18.09,32881.65
Maize,Karnataka,Rabi,2352,16.9,39754.08
Wheat,Punjab,Rabi,956,33.85,32359.72
Wheat,Punjab,Kharif,3688,34.34,126642.24
Cotton,Gujarat,Rabi,2451,30.54,74847.16
Rice,Maharashtra,Kharif,4761,34.78,165566.29
Maize,Tamil Nadu,Kharif,3542,31.96,113215.54
Rice,Punjab,Rabi,2519,24.09,60693.13
Maize,Maharashtra,Rabi,3750,17.54,65768.44
Soybean,Karnataka,Kharif,3367,34.47,116063.11
Soybean,Punjab,Kharif,1391,20.32,28264.07
Wheat,Karnataka,Kharif,4105,26.65,109404.13
Cotton,Karnataka,Kharif,4972,28.12,139819.33
Wheat,Maharashtra,Rabi,3119,16.43,51257.25
Maize,Tamil Nadu,Rabi,2982,25.89,77195.47
Cotton,Karnataka,Rabi,796,22.31,17759.49
Cotton,Gujarat,Rabi,2803,19.38,54310.91
Soybean,Karnataka,Kharif,3481,24.35,84757.35
Maize,Maharashtra,Kharif,4226,26.77,113150.33
Rice,Punjab,Rabi,1151,28.71,33047.4
Wheat,Karnataka,Kharif,2974,33.49,99601.49
Rice,Maharashtra,Kharif,4476,18.31,81962.06
Wheat,Karnataka,Kharif,2146,27.08,58118.33
Rice,Gujarat,Kharif,1519,28.04,42597.85
Soybean,Punjab,Rabi,2163,26.45,57210.79
Cotton,Tamil Nadu,Rabi,649,30.84,20018.11
Rice,Punjab,Kharif,1344,30.64,41176.24
Maize,Gujarat,Rabi,1015,29.5,29946.04
Soybean,Gujarat,Kharif,1904,22.68,43179.37
Cotton,Karnataka,Rabi,1977,31.62,62504.31
Cotton,Maharashtra,Kharif,4371,34.0,148601.5
Rice,Tamil Nadu,Kharif,1865,19.41,36200.56
Soybean,Gujarat,Rabi,1715,28.63,49105.02
Rice,Tamil Nadu,Rabi,3249,25.42,82582.9
Cotton,Punjab,Kharif,3956,28.41,112395.25
Maize,Punjab,Rabi,909,16.6,15087.08
Cotton,Tamil Nadu,Rabi,570,25.44,14501.45
Soybean,Maharashtra,Kharif,4129,20.41,84272.72
Cotton,Maharashtra,Rabi,4496,26.11,117381.01
Wheat,Gujarat,Kharif,4247,22.47,95429.66
Wheat,Tamil Nadu,Rabi,3820,34.16,130493.97
Soybean,Karnataka,Kharif,2812,33.19,93339.66
Maize,Punjab,Rabi,1708,25.84,44141.63
Maize,Karnataka,Rabi,1747,21.06,36798.94
Rice,Tamil Nadu,Kharif,4167,25.28,105328.35
Wheat,Karnataka,Rabi,4210,31.22,131456.83
Wheat,Karnataka,Kharif,1402,20.63,28921.82
Cotton,Maharashtra,Rabi,3507,28.19,98845.78
Soybean,Maharashtra,Kharif,1146,15.94,18263.4
Soybean,Punjab,Rabi,1174,29.63,34790.74
Soybean,Gujarat,Kharif,3330,29.1,96895.7
Soybean,Tamil Nadu,Kharif,613,30.96,18977.4
Maize,Tamil Nadu,Rabi,1642,15.55,25532.17
Rice,Maharashtra,Kharif,1634,17.16,28038.93
Cotton,Punjab,Rabi,2843,25.17,71563.46
Soybean,Maharashtra,Rabi,3237,18.32,59288.09
Maize,Tamil Nadu,Kharif,4919,33.51,164829.72
Soybean,Karnataka,Rabi,4581,21.13,96805.77
Wheat,Karnataka,Kharif,4006,32.18,128896.45
Cotton,Tamil Nadu,Kharif,2768,26.75,74037.61
Soybean,Tamil Nadu,Rabi,3117,27.72,86418.4
Wheat,Tamil Nadu,Rabi,2244,20.09,45084.38
Cotton,Karnataka,Kharif,2689,28.22,75881.77
Rice,Punjab,Rabi,2019,29.65,59861.95
Soybean,Gujarat,Kharif,1580,18.54,29299.03
Cotton,Maharashtra,Rabi,4946,25.73,127244.5
Maize,Maharashtra,Rabi,846,15.21,12864.7
Soybean,Punjab,Rabi,4870,21.41,104263.28
Soybean,Karnataka,Rabi,4485,29.31,131460.12
Soybean,Punjab,Rabi,4335,17.52,75931.96
Cotton,Punjab,Rabi,1840,27.85,51236.97
Soybean,Karnataka,Kharif,4804,23.85,114592.88
Wheat,Tamil Nadu,Rabi,2396,31.0,74267.61
Cotton,Punjab,Kharif,1598,26.21,41888.18
Soybean,Punjab,Kharif,3596,24.52,88173.66
Maize,Maharashtra,Kharif,3142,24.77,77830.93
Wheat,Punjab,Rabi,3767,17.87,67332.22
Wheat,Maharashtra,Rabi,3452,29.16,100657.18
Soybean,Punjab,Kharif,2156,18.18,39201.83
Maize,Tamil Nadu,Rabi,2287,25.81,59025.8
Soybean,Karnataka,Kharif,3387,28.57,96759.8
Soybean,Gujarat,Rabi,4797,18.93,90784.28
Cotton,Maharashtra,Kharif,3892,27.75,108017.32
Wheat,Punjab,Kharif,1934,24.97,48297.77
Maize,Karnataka,Kharif,1807,29.49,53286.51
Soybean,Maharashtra,Rabi,4157,23.55,97908.57
Maize,Tamil Nadu,Kharif,3881,22.9,88856.63
Cotton,Gujarat,Rabi,2563,15.83,40562.62
Wheat,Punjab,Rabi,3819,34.65,132326.83
Soybean,Tamil Nadu,Rabi,4416,25.59,112991.63
Wheat,Punjab,Kharif,3458,27.49,95058.01
Soybean,Tamil Nadu,Rabi,3397,22.29,75718.01
Soybean,Tamil Nadu,Rabi,505,18.64,9415.17
Cotton,Gujarat,Rabi,4891,15.37,75195.46
Soybean,Tamil Nadu,Kharif,1033,21.42,22122.98
Rice,Maharashtra,Rabi,4945,32.04,158434.22
Maize,Maharashtra,Kharif,4768,30.69,146320.23
Wheat,Maharashtra,Rabi,1547,31.33,48460.03
Cotton,Maharashtra,Rabi,3651,33.31,121625.0
Maize,Gujarat,Rabi,2351,30.79,72389.26
Maize,Gujarat,Rabi,4497,33.2,149289.31
Maize,Maharashtra,Kharif,1933,31.91,61675.58
Wheat,Tamil Nadu,Rabi,3553,17.67,62794.9
Rice,Tamil Nadu,Kharif,1721,26.55,45699.92
Cotton,Tamil Nadu,Kharif,1610,17.41,28032.75
Rice,Gujarat,Rabi,4216,26.82,113094.12
Wheat,Tamil Nadu,Kharif,1132,18.37,20793.51
Soybean,Tamil Nadu,Rabi,4186,19.53,81758.31
Soybean,Gujarat,Kharif,1716,17.23,29573.86
Rice,Maharashtra,Rabi,1006,19.8,19919.14
Cotton,Karnataka,Rabi,2649,17.47,46277.81
Wheat,Karnataka,Rabi,3646,21.35,77842.44
Cotton,Gujarat,Kharif,2798,33.6,94003.7
Maize,Tamil Nadu,Kharif,1859,26.99,50172.83
Maize,Maharashtra,Kharif,3826,25.49,97508.09
Maize,Tamil Nadu,Rabi,620,22.09,13693.01
Maize,Maharashtra,Rabi,772,29.3,22620.87
Rice,Karnataka,Kharif,2263,34.47,78002.63
Maize,Tamil Nadu,Kharif,787,33.44,26318.04
Maize,Maharashtra,Kharif,730,19.44,14189.56
Maize,Tamil Nadu,Rabi,4162,18.2,75751.49
Cotton,Punjab,Kharif,4166,23.89,99520.54
Wheat,Tamil Nadu,Rabi,3587,20.06,71950.25
Rice,Punjab,Rabi,4580,26.03,119220.46
Soybean,Gujarat,Kharif,4522,29.33,132647.25
Maize,Maharashtra,Rabi,719,28.99,20845.21
Soybean,Punjab,Kharif,2983,19.34,57696.0
Maize,Tamil Nadu,Rabi,4009,24.73,99155.78
Wheat,Punjab,Kharif,4074,17.68,72018.91
Soybean,Tamil Nadu,Kharif,522,29.64,15472.2
Soybean,Maharashtra,Rabi,3037,34.98,106240.43
Maize,Gujarat,Rabi,1208,30.91,37343.74
Maize,Tamil Nadu,Rabi,2251,29.73,66923.71
Soybean,Punjab,Rabi,1345,19.26,25907.09
Rice,Karnataka,Rabi,1533,22.77,34909.49
Soybean,Karnataka,Rabi,2872,17.75,50963.71
Soybean,Maharashtra,Kharif,4625,33.69,155797.88
Cotton,Gujarat,Kharif,4651,15.65,72766.58
Maize,Punjab,Rabi,4284,21.41,91711.37
Soybean,Punjab,Kharif,4819,25.87,124688.31
Rice,Punjab,Kharif,2768,21.8,60338.34
Maize,Maharashtra,Kharif,2918,23.47,68489.73
Cotton,Punjab,Rabi,4586,19.34,88693.74
Maize,Tamil Nadu,Rabi,3310,34.26,113416.99
Cotton,Punjab,Kharif,3797,25.85,98159.76
Soybean,Karnataka,Kharif,1731,34.66,60001.39
Wheat,Tamil Nadu,Rabi,2270,26.11,59271.28
Cotton,Gujarat,Kharif,4793,20.17,96663.92
Soybean,Karnataka,Kharif,1327,30.14,39997.28
Soybean,Karnataka,Rabi,4842,23.46,113591.62
Soybean,Punjab,Rabi,722,18.9,13643.33
Cotton,Karnataka,Kharif,4864,27.49,133720.03
Cotton,Maharashtra,Kharif,1318,15.28,20137.41
Cotton,Maharashtra,Kharif,1020,16.35,16680.71
Maize,Tamil Nadu,Rabi,4771,23.91,114087.81
Maize,Karnataka,Kharif,504,21.35,10761.69
Maize,Karnataka,Kharif,4355,34.25,149172.54
Soybean,Gujarat,Rabi,547,29.81,16305.94
Maize,Tamil Nadu,Rabi,3998,25.06,100201.62
Rice,Punjab,Rabi,2988,31.12,92984.89
Wheat,Gujarat,Kharif,4394,22.31,98008.52
Maize,Gujarat,Kharif,1715,28.98,49692.33
Soybean,Tamil Nadu,Kharif,755,16.62,12548.86
Wheat,Gujarat,Rabi,4112,20.38,83786.45
Wheat,Gujarat,Kharif,2670,23.7,63281.06
Maize,Tamil Nadu,Kharif,2836,31.48,89278.32
Cotton,Karnataka,Rabi,3101,17.09,53002.14
Wheat,Maharashtra,Rabi,2622,27.88,73097.5
Wheat,Tamil Nadu,Kharif,3231,21.02,67927.98
Cotton,Karnataka,Rabi,1235,31.42,38800.87
Soybean,Punjab,Rabi,4149,27.58,114444.41
Wheat,Punjab,Rabi,1219,32.83,40016.74
Soybean,Karnataka,Kharif,1070,25.13,26893.33
Rice,Maharashtra,Rabi,4630,28.48,131862.44
Cotton,Gujarat,Kharif,2676,32.54,87066.01
Soybean,Gujarat,Rabi,4949,30.92,153033.42
Wheat,Maharashtra,Rabi,1974,25.74,50801.02
Soybean,Punjab,Kharif,551,15.96,8792.83
Wheat,Maharashtra,Kharif,2207,26.58,58664.04
Maize,Karnataka,Rabi,1903,20.65,39292.98
Rice,Punjab,Kharif,4083,23.32,95198.95
Wheat,Karnataka,Kharif,2377,33.55,79754.06
Cotton,Gujarat,Rabi,1309,24.09,31530.42
Maize,Maharashtra,Rabi,2726,34.48,94001.8
Soybean,Gujarat,Rabi,3746,19.05,71373.27
Cotton,Tamil Nadu,Kharif,3103,24.27,75323.65
Soybean,Karnataka,Kharif,4034,21.79,87913.74
Soybean,Tamil Nadu,Kharif,3284,29.31,96261.13
Maize,Tamil Nadu,Rabi,3061,25.34,77579.9
Soybean,Karnataka,Rabi,2432,15.65,38062.56
Soybean,Tamil Nadu,Rabi,908,31.12,28257.26
Cotton,Tamil Nadu,Rabi,4704,17.06,80230.08
Wheat,Gujarat,Kharif,2350,17.4,40883.53
Cotton,Maharashtra,Kharif,3062,24.25,74246.92
Wheat,Tamil Nadu,Kharif,988,19.56,19329.97
Wheat,Punjab,Rabi,4337,21.01,91104.84
Maize,Gujarat,Rabi,4743,17.83,84584.89
Wheat,Maharashtra,Rabi,3764,19.76,74369.98
Wheat,Karnataka,Kharif,2554,28.35,72409.6
Wheat,Gujarat,Rabi,2873,24.73,71055.33
Wheat,Tamil Nadu,Rabi,1503,18.16,27301.13
Soybean,Maharashtra,Kharif,4132,30.85,127469.77
Cotton,Punjab,Kharif,2027,34.25,69414.89
Maize,Tamil Nadu,Rabi,3914,30.9,120933.21
Cotton,Punjab,Kharif,1346,21.4,28805.28
Wheat,Tamil Nadu,Kharif,3862,17.55,67770.2
Cotton,Tamil Nadu,Kharif,3507,17.93,62871.1
Soybean,Punjab,Kharif,4429,27.3,120897.25
Maize,Gujarat,Kharif,3400,19.24,65415.92
Wheat,Tamil Nadu,Rabi,1656,18.87,31256.07
Wheat,Punjab,Kharif,3747,28.3,106031.29
Maize,Karnataka,Rabi,1430,17.45,24956.66
Maize,Punjab,Rabi,2434,22.69,55230.19
Soybean,Karnataka,Kharif,2790,17.88,49873.02
Rice,Tamil Nadu,Kharif,1823,19.66,35847.53
Maize,Karnataka,Rabi,4879,27.76,135454.41
Maize,Maharashtra,Rabi,4146,33.99,140939.49
Maize,Gujarat,Kharif,4197,28.75,120683.63
Soybean,Karnataka,Rabi,4334,15.25,66096.58
Maize,Karnataka,Rabi,4297,32.5,139640.59
Wheat,Tamil Nadu,Kharif,3017,26.02,78506.26
Cotton,Karnataka,Kharif,1828,29.83,54527.17
Cotton,Punjab,Kharif,1387,21.8,30232.48
Wheat,Gujarat,Rabi,3886,18.56,72113.98
Cotton,Tamil Nadu,Kharif,2370,16.35,38758.91
Maize,Punjab,Rabi,1592,33.7,53653.0
Soybean,Tamil Nadu,Rabi,3161,18.87,59656.28
Soybean,Gujarat,Rabi,2590,24.25,62799.0
Soybean,Karnataka,Kharif,1987,32.22,64012.96
Wheat,Maharashtra,Rabi,568,34.52,19604.88
Cotton,Tamil Nadu,Kharif,2645,28.93,76526.24
Rice,Punjab,Kharif,790,18.5,14612.82
Cotton,Karnataka,Rabi,2139,25.14,53781.7
Cotton,Maharashtra,Rabi,938,28.67,26896.92
Rice,Punjab,Rabi,4520,34.93,157872.16
Cotton,Tamil Nadu,Rabi,4778,21.24,101484.37
Wheat,Tamil Nadu,Rabi,3001,18.01,54038.93
Rice,Tamil Nadu,Rabi,4359,26.7,116368.34
Maize,Tamil Nadu,Kharif,1553,18.84,29253.06
Maize,Maharashtra,Rabi,1068,34.67,37025.48
Rice,Maharashtra,Rabi,688,20.24,13922.65
Wheat,Karnataka,Rabi,4402,33.92,149301.54
Cotton,Tamil Nadu,Kharif,2286,24.0,54874.99
Cotton,Punjab,Kharif,1449,16.52,23934.38
Cotton,Karnataka,Kharif,2869,26.02,74659.83
Rice,Tamil Nadu,Kharif,1219,20.18,24605.05
Soybean,Maharashtra,Rabi,1120,15.69,17568.55
Cotton,Maharashtra,Rabi,968,26.87,26010.1
Cotton,Karnataka,Kharif,4471,30.51,136415.06
Cotton,Karnataka,Kharif,2367,21.43,50726.16
Cotton,Tamil Nadu,Kharif,1092,33.65,36740.42
Soybean,Karnataka,Kharif,2880,29.01,83547.48
Cotton,Tamil Nadu,Rabi,4963,33.16,164555.15
Maize,Tamil Nadu,Rabi,4408,25.45,112201.16
Maize,Maharashtra,Kharif,3247,25.38,82396.94
Wheat,Tamil Nadu,Rabi,1365,28.77,39273.93
Rice,Tamil Nadu,Rabi,3707,21.34,79123.17
Maize,Tamil Nadu,Rabi,4443,25.48,113209.66
Rice,Gujarat,Kharif,3185,31.96,101780.4
Rice,Punjab,Rabi,3848,24.25,93300.33
Soybean,Gujarat,Rabi,4908,28.49,139840.49
Maize,Tamil Nadu,Rabi,4879,32.4,158097.0
Maize,Gujarat,Kharif,2788,32.19,89754.65
Rice,Tamil Nadu,Kharif,2587,33.12,85691.55
Cotton,Tamil Nadu,Rabi,3786,20.4,77215.78
Soybean,Punjab,Rabi,3693,26.15,96569.15
Wheat,Tamil Nadu,Rabi,1529,26.27,40164.86
Wheat,Maharashtra,Rabi,3332,15.24,50775.6
Cotton,Maharashtra,Rabi,3387,18.37,62210.59
Wheat,Punjab,Kharif,838,22.53,18879.03
Wheat,Karnataka,Kharif,1967,27.1,53315.01
Cotton,Karnataka,Rabi,3465,18.16,62941.07
Soybean,Gujarat,Kharif,1545,32.98,50947.46
Rice,Karnataka,Kharif,3696,29.92,110594.76
Maize,Tamil Nadu,Rabi,3000,29.23,87697.06
Maize,Punjab,Rabi,1835,15.94,29251.13
Wheat,Punjab,Kharif,3336,32.31,107773.97
Wheat,Punjab,Kharif,4766,27.91,133025.3
Cotton,Tamil Nadu,Kharif,4381,27.4,120032.95
Wheat,Karnataka,Kharif,4130,27.64,114167.36
Soybean,Maharashtra,Rabi,3780,31.72,119898.54
Wheat,Tamil Nadu,Rabi,1556,19.66,30591.2
Rice,Punjab,Kharif,1383,34.99,48385.71
Maize,Karnataka,Rabi,1440,15.19,21880.42
Maize,Tamil Nadu,Rabi,4541,24.57,111558.39
Cotton,Punjab,Kharif,3683,22.14,81530.8
Cotton,Karnataka,Kharif,3249,33.83,109912.06
Maize,Gujarat,Kharif,1088,23.21,25253.71
Rice,Maharashtra,Kharif,2909,29.85,86823.77
Rice,Maharashtra,Kharif,4243,31.12,132062.15
Cotton,Tamil Nadu,Kharif,2081,34.3,71371.44
Soybean,Tamil Nadu,Rabi,4810,23.41,112592.81
Cotton,Tamil Nadu,Kharif,4386,30.35,133101.23
Rice,Punjab,Rabi,948,15.29,14490.34
Maize,Tamil Nadu,Kharif,1118,20.37,22778.59
Rice,Karnataka,Kharif,3285,19.75,64881.82
Maize,Karnataka,Kharif,2402,23.68,56888.55
Soybean,Karnataka,Kharif,3953,19.22,75991.17
Maize,Gujarat,Kharif,4144,21.47,88980.99
Wheat,Gujarat,Rabi,2341,19.56,45781.02
Maize,Gujarat,Rabi,2552,15.46,39443.7
Soybean,Tamil Nadu,Kharif,1107,23.25,25742.84
Soybean,Punjab,Kharif,3198,31.8,101694.32
Soybean,Punjab,Kharif,3871,30.24,117062.7
Soybean,Tamil Nadu,Kharif,2017,24.4,49208.31
Soybean,Gujarat,Kharif,4643,22.08,102501.35
Maize,Karnataka,Kharif,2559,32.21,82414.87
Rice,Maharashtra,Kharif,1475,29.69,43792.84
Soybean,Tamil Nadu,Rabi,1274,16.82,21431.15
Maize,Gujarat,Kharif,2328,26.56,61839.61
Maize,Punjab,Kharif,1346,27.85,37488.35
Cotton,Karnataka,Rabi,3272,22.24,72771.85
Soybean,Tamil Nadu,Rabi,4725,18.21,86064.63
Cotton,Karnataka,Kharif,1365,29.69,40520.64
Maize,Punjab,Kharif,615,25.69,15796.66
Rice,Gujarat,Kharif,899,34.98,31449.64
Rice,Gujarat,Kharif,1929,27.63,53307.62
Cotton,Gujarat,Rabi,2070,26.17,54176.15
Wheat,Gujarat,Kharif,2560,21.13,54090.85
Rice,Punjab,Rabi,2651,17.18,45538.44
Soybean,Punjab,Rabi,2603,20.87,54318.51
Wheat,Karnataka,Rabi,3441,18.12,62361.27
Maize,Tamil Nadu,Kharif,2062,19.81,40845.9
Rice,Maharashtra,Rabi,3460,20.46,70778.13
Soybean,Gujarat,Kharif,4680,23.2,108558.08
Rice,Tamil Nadu,Rabi,2969,16.52,49035.7
Cotton,Punjab,Kharif,4084,31.4,128232.13
Rice,Tamil Nadu,Kharif,3139,34.7,108915.45
Cotton,Gujarat,Kharif,2375,34.48,81884.72
Cotton,Punjab,Rabi,2348,34.42,80829.24
Cotton,Maharashtra,Rabi,2125,24.38,51814.9
Wheat,Punjab,Kharif,3689,24.14,89043.63
Wheat,Gujarat,Rabi,4265,26.01,110924.47
Cotton,Gujarat,Rabi,3473,20.84,72369.95
Cotton,Maharashtra,Kharif,4414,33.85,149435.48
Wheat,Punjab,Kharif,2286,31.73,72526.49
Maize,Gujarat,Kharif,4281,19.96,85455.89
Maize,Maharashtra,Rabi,2928,30.12,88185.85
Soybean,Punjab,Rabi,2724,27.34,74472.39
Rice,Karnataka,Rabi,576,30.11,17341.6
Cotton,Punjab,Kharif,1059,32.16,34059.49
Maize,Tamil Nadu,Rabi,2433,19.96,48561.63
Maize,Gujarat,Kharif,3879,19.94,77332.42
Wheat,Gujarat,Kharif,3424,29.65,101521.73
Soybean,Gujarat,Kharif,4114,16.19,66607.83
Soybean,Maharashtra,Kharif,1892,18.77,35503.58
Wheat,Tamil Nadu,Kharif,4584,21.24,97351.99
Soybean,Gujarat,Rabi,4340,33.29,144458.21
Soybean,Maharashtra,Rabi,2472,15.82,39114.24
Cotton,Maharashtra,Kharif,4282,15.28,65440.38
Rice,Karnataka,Rabi,1752,27.78,48671.21
Soybean,Punjab,Kharif,3435,34.22,117556.32
Cotton,Maharashtra,Kharif,2751,15.93,43820.14
Rice,Punjab,Kharif,2455,16.37,40195.42
Rice,Punjab,Rabi,2366,27.13,64195.33
Soybean,Tamil Nadu,Rabi,1782,16.54,29471.29
Cotton,Punjab,Rabi,2864,17.38,49782.55
Wheat,Punjab,Kharif,3292,20.17,66399.95
Rice,Maharashtra,Kharif,1283,33.28,42697.88
Wheat,Karnataka,Kharif,2008,33.17,66614.71
Rice,Karnataka,Kharif,3546,24.07,85350.87
Wheat,Punjab,Kharif,4979,22.62,112623.38
Cotton,Punjab,Kharif,4395,29.61,130133.06
Wheat,Tamil Nadu,Kharif,1949,16.48,32113.83
Wheat,Karnataka,Rabi,3833,33.57,128665.38
Cotton,Karnataka,Kharif,1411,27.02,38125.04
Soybean,Gujarat,Kharif,2625,15.91,41764.86
Wheat,Maharashtra,Rabi,647,26.33,17033.21
Cotton,Punjab,Kharif,3485,33.63,117189.39
Maize,Gujarat,Rabi,1653,21.08,34837.19
Rice,Tamil Nadu,Rabi,1786,29.71,53064.37
Soybean,Maharashtra,Kharif,3682,16.37,60281.61
Rice,Tamil Nadu,Rabi,3710,25.63,95093.13
Rice,Karnataka,Rabi,1169,29.47,34444.62
Cotton,Tamil Nadu,Rabi,567,19.5,11055.17
Cotton,Karnataka,Kharif,4568,28.39,129702.24
Wheat,Karnataka,Rabi,4176,23.94,99992.54
Maize,Tamil Nadu,Rabi,4633,17.25,79898.54
Maize,Gujarat,Rabi,548,21.5,11780.44
Wheat,Maharashtra,Kharif,3187,17.59,56058.93
Rice,Karnataka,Kharif,2192,25.7,56341.53
Wheat,Gujarat,Rabi,3999,23.01,92031.18
Wheat,Maharashtra,Rabi,2412,20.12,48528.72
Wheat,Maharashtra,Rabi,3109,26.72,83075.88
Wheat,Punjab,Kharif,2862,25.69,73533.46
Soybean,Maharashtra,Rabi,2202,27.7,61004.22
Cotton,Punjab,Kharif,560,19.18,10743.4
Wheat,Tamil Nadu,Rabi,3809,31.9,121520.07
Soybean,Karnataka,Rabi,2551,18.6,47459.98
Wheat,Maharashtra,Kharif,3215,30.75,98853.33
Maize,Punjab,Rabi,1971,19.05,37539.53
Soybean,Maharashtra,Kharif,4624,22.64,104697.31
Cotton,Tamil Nadu,Rabi,2724,15.9,43300.39
Rice,Punjab,Rabi,3208,33.98,109017.49
Cotton,Tamil Nadu,Rabi,2956,27.08,80049.78
Maize,Punjab,Rabi,1210,31.68,38327.2
Cotton,Karnataka,Rabi,577,26.72,15414.71
Rice,Karnataka,Kharif,1936,17.25,33400.75
Cotton,Karnataka,Kharif,4448,23.83,105998.18
Rice,Gujarat,Kharif,3231,19.97,64524.62
Rice,Maharashtra,Kharif,2847,27.56,78454.23
Wheat,Maharashtra,Kharif,3630,18.65,67713.1
Maize,Tamil Nadu,Kharif,4017,23.99,96378.99
Cotton,Karnataka,Kharif,3369,20.66,69600.85
Soybean,Tamil Nadu,Kharif,3075,18.25,56111.08
Wheat,Karnataka,Kharif,3444,19.68,67784.24
Wheat,Karnataka,Rabi,1145,28.47,32595.74
Maize,Punjab,Rabi,1939,26.78,51929.94
Rice,Tamil Nadu,Rabi,3852,15.09,58114.49
Cotton,Tamil Nadu,Rabi,4883,27.42,133911.81
Wheat,Gujarat,Kharif,2893,22.07,63859.05
Soybean,Maharashtra,Rabi,670,23.96,16054.55
Cotton,Tamil Nadu,Rabi,4297,33.91,145698.79
Rice,Gujarat,Rabi,937,26.88,25183.65
Rice,Punjab,Kharif,3042,30.05,91414.9
Soybean,Karnataka,Rabi,1107,34.33,38006.48
Maize,Tamil Nadu,Kharif,4109,32.57,133822.22
Maize,Karnataka,Rabi,1907,30.77,58671.16
Wheat,Maharashtra,Kharif,1319,23.33,30766.83
Soybean,Gujarat,Rabi,1749,23.48,41074.63
Rice,Karnataka,Kharif,1222,26.03,31807.54
Wheat,Karnataka,Kharif,2203,32.6,71815.47
Wheat,Tamil Nadu,Kharif,2074,34.02,70560.21
Maize,Gujarat,Kharif,4875,19.71,96072.94
Rice,Maharashtra,Kharif,1268,27.8,35252.22
Wheat,Gujarat,Kharif,3323,23.31,77446.33
Soybean,Gujarat,Rabi,3109,26.19,81424.34
Rice,Tamil Nadu,Rabi,3461,23.85,82530.11
Cotton,Karnataka,Rabi,1925,32.47,62499.72
Cotton,Maharashtra,Kharif,1702,23.48,39957.73
Maize,Karnataka,Kharif,621,21.0,13042.62
Wheat,Maharashtra,Rabi,667,30.04,20035.61
Cotton,Gujarat,Rabi,1303,18.79,24477.09
Soybean,Karnataka,Kharif,961,32.71,31436.93
Rice,Karnataka,Rabi,4509,29.4,132555.94
Wheat,Maharashtra,Rabi,2011,16.15,32480.82
Soybean,Karnataka,Rabi,3900,26.19,102133.92
Cotton,Gujarat,Rabi,1224,22.48,27509.49
Rice,Punjab,Kharif,1879,34.7,65209.41
Cotton,Gujarat,Kharif,3520,26.2,92240.96
Wheat,Maharashtra,Rabi,1132,25.91,29327.87
Soybean,Tamil Nadu,Kharif,4089,30.88,126260.64
Soybean,Gujarat,Kharif,4546,19.53,88780.32
Wheat,Maharashtra,Kharif,4663,22.71,105908.43
Wheat,Gujarat,Rabi,2558,30.35,77636.12
Maize,Karnataka,Rabi,3914,30.7,120141.85
Soybean,Gujarat,Rabi,3784,22.35,84572.05
Wheat,Karnataka,Rabi,4849,32.35,156850.96
Wheat,Karnataka,Kharif,1124,22.07,24802.1
Cotton,Punjab,Rabi,4355,27.94,121683.17
Maize,Tamil Nadu,Kharif,2088,17.31,36141.99
Maize,Karnataka,Rabi,4675,20.98,98104.24
Cotton,Karnataka,Kharif,3640,25.18,91653.08
Maize,Maharashtra,Rabi,513,20.22,10375.18
Wheat,Gujarat,Kharif,1844,15.52,28627.77
Maize,Punjab,Kharif,3452,29.49,101810.78
Rice,Gujarat,Kharif,2057,15.82,32536.82
Rice,Karnataka,Kharif,3773,29.35,110747.26
Wheat,Gujarat,Rabi,2458,16.57,40731.72
Maize,Tamil Nadu,Kharif,2693,33.55,90341.24
Wheat,Karnataka,Rabi,4447,30.46,135465.08
Rice,Maharashtra,Rabi,3594,19.03,68410.76
Rice,Gujarat,Rabi,4704,20.52,96520.57
Maize,Punjab,Kharif,758,30.63,23219.52
Maize,Punjab,Kharif,3778,19.09,72137.46
Cotton,Maharashtra,Kharif,4179,16.14,67442.09
Rice,Tamil Nadu,Kharif,3994,18.15,72506.56
Soybean,Punjab,Rabi,1123,29.02,32584.15
Soybean,Maharashtra,Rabi,1283,27.75,35607.65
Cotton,Tamil Nadu,Kharif,884,22.78,20134.81
Wheat,Karnataka,Rabi,2405,34.47,82889.94
Cotton,Tamil Nadu,Rabi,2702,26.59,71838.09
Wheat,Punjab,Rabi,4910,33.35,163732.87
Wheat,Punjab,Kharif,3630,16.52,59956.95
Wheat,Maharashtra,Rabi,4280,33.59,143770.49
Cotton,Punjab,Rabi,4059,27.4,111198.22
Maize,Karnataka,Kharif,2652,27.62,73248.54
Maize,Tamil Nadu,Rabi,3241,25.4,82317.41
Soybean,Gujarat,Rabi,2868,26.17,75058.58
Rice,Gujarat,Rabi,1443,18.8,27128.08
Rice,Karnataka,Kharif,1531,27.29,41775.56
Wheat,Gujarat,Kharif,1062,19.24,20433.21
Soybean,Punjab,Rabi,4741,16.47,78100.42
Cotton,Gujarat,Kharif,4780,19.0,90808.06
Maize,Tamil Nadu,Rabi,2942,18.83,55399.34
Maize,Gujarat,Rabi,660,34.93,23052.58
Cotton,Maharashtra,Kharif,4909,25.7,126172.54
Maize,Gujarat,Rabi,1159,20.96,24298.04
Soybean,Gujarat,Rabi,1519,15.66,23791.55
Cotton,Maharashtra,Kharif,3344,15.06,50376.41
Cotton,Gujarat,Rabi,1260,15.91,20041.8
Soybean,Gujarat,Rabi,3953,31.78,125630.5
Cotton,Punjab,Rabi,2733,21.24,58050.49
Cotton,Punjab,Rabi,3516,32.91,115695.25
Wheat,Maharashtra,Rabi,2766,26.15,72340.16
Wheat,Gujarat,Rabi,2567,28.02,71931.45
Rice,Karnataka,Kharif,1906,23.13,44077.59
Soybean,Gujarat,Kharif,2258,23.34,52708.8
Cotton,Punjab,Kharif,2895,28.71,83121.84
Wheat,Tamil Nadu,Rabi,602,34.32,20659.79
Cotton,Punjab,Kharif,2882,27.6,79541.43
Cotton,Gujarat,Rabi,4315,34.42,148515.26
Maize,Maharashtra,Kharif,4040,34.75,140406.25
Cotton,Gujarat,Kharif,1171,28.1,32901.47
Cotton,Maharashtra,Kharif,2620,32.57,85340.2
Cotton,Tamil Nadu,Rabi,3793,17.98,68206.56
Wheat,Gujarat,Rabi,4332,31.6,136900.3
Maize,Tamil Nadu,Rabi,2471,23.22,57387.54
Rice,Punjab,Kharif,4705,31.55,148421.37
Soybean,Tamil Nadu,Kharif,2432,26.22,63775.51
Rice,Maharashtra,Rabi,3129,19.2,60081.54
Soybean,Tamil Nadu,Kharif,1495,26.6,39764.04
Rice,Tamil Nadu,Kharif,4348,17.35,75435.7
Maize,Tamil Nadu,Kharif,2190,27.6,60449.29
Cotton,Punjab,Kharif,1686,28.15,47462.23
Soybean,Gujarat,Kharif,1569,20.79,32614.02
Maize,Gujarat,Kharif,812,15.98,12978.27
Cotton,Maharashtra,Kharif,3152,15.89,50070.3
Soybean,Karnataka,Kharif,3169,24.1,76375.97
Cotton,Karnataka,Rabi,2107,28.53,60109.89
Cotton,Maharashtra,Kharif,4023,24.84,99923.62
Cotton,Punjab,Rabi,1269,26.81,34027.6
Soybean,Karnataka,Rabi,2415,19.03,45965.78
Wheat,Maharashtra,Kharif,2712,22.08,59872.77
Rice,Maharashtra,Kharif,2779,20.07,55764.27
Maize,Maharashtra,Rabi,3130,22.97,71889.51
Cotton,Punjab,Kharif,1717,17.16,29465.53
Wheat,Karnataka,Kharif,858,34.07,29228.22
Wheat,Tamil Nadu,Kharif,1116,23.67,26420.05
Maize,Maharashtra,Rabi,1713,16.17,27691.21
Rice,Gujarat,Kharif,3555,19.12,67961.75
Maize,Karnataka,Kharif,1264,27.02,34155.48
Wheat,Tamil Nadu,Rabi,4270,29.79,127223.26
Cotton,Punjab,Kharif,2317,25.76,59696.83
Rice,Punjab,Rabi,4533,17.03,77213.57
Wheat,Gujarat,Kharif,2507,22.84,57268.35
Maize,Maharashtra,Rabi,4073,33.43,136174.02
Soybean,Gujarat,Kharif,2063,21.61,44571.91
Soybean,Gujarat,Kharif,2658,19.27,51216.97
Maize,Karnataka,Rabi,2171,30.91,67113.5
Soybean,Gujarat,Rabi,1413,29.66,41913.23
Wheat,Tamil Nadu,Rabi,2661,25.77,68577.07
Maize,Tamil Nadu,Kharif,1545,15.07,23282.61
Maize,Punjab,Kharif,2466,34.31,84611.04
Maize,Punjab,Rabi,3087,20.06,61932.59
Rice,Maharashtra,Kharif,4423,31.58,139668.95
Rice,Gujarat,Kharif,4902,29.39,144045.86
Wheat,Karnataka,Rabi,2836,19.68,55815.5
Rice,Punjab,Rabi,3911,30.9,120848.34
Rice,Maharashtra,Kharif,1054,30.38,32021.77
Maize,Maharashtra,Rabi,4394,22.57,99172.39
Rice,Tamil Nadu,Rabi,4687,25.76,120735.17
Cotton,Maharashtra,Kharif,1142,18.26,20854.32
Maize,Gujarat,Rabi,1934,21.89,42339.43
Wheat,Maharashtra,Kharif,2611,34.62,90391.76
Wheat,Tamil Nadu,Kharif,1714,33.16,56841.56
Rice,Maharashtra,Kharif,4595,18.08,83061.17
Soybean,Tamil Nadu,Kharif,2514,28.62,71944.51
Rice,Karnataka,Rabi,3518,21.9,77028.95
Wheat,Karnataka,Rabi,3847,26.9,103503.19
Soybean,Tamil Nadu,Kharif,2249,34.77,78188.02
Maize,Maharashtra,Kharif,1261,17.71,22329.46
Rice,Maharashtra,Rabi,1799,34.74,62497.77
Maize,Karnataka,Rabi,1254,17.42,21842.33
Rice,Maharashtra,Kharif,1982,32.1,63620.65
Rice,Maharashtra,Rabi,4545,31.68,143991.01
Rice,Karnataka,Kharif,3234,28.94,93606.31
Soybean,Punjab,Rabi,2605,32.55,84794.41
Maize,Maharashtra,Rabi,4609,19.0,87571.15
Soybean,Punjab,Rabi,1244,15.26,18979.22
Soybean,Gujarat,Kharif,4470,28.48,127286.54
Cotton,Maharashtra,Rabi,3722,18.24,67902.79
Soybean,Maharashtra,Kharif,3897,33.85,131911.51
Wheat,Karnataka,Kharif,4668,31.05,144953.65
Wheat,Karnataka,Kharif,1187,22.88,27162.85
Soybean,Gujarat,Rabi,4462,26.53,118362.33
Wheat,Punjab,Kharif,4488,29.56,132681.28
Soybean,Gujarat,Rabi,2492,28.57,71192.35
Rice,Gujarat,Kharif,863,17.59,15177.56
Cotton,Tamil Nadu,Kharif,4665,29.35,136924.41
Maize,Karnataka,Rabi,2002,24.59,49232.03
Maize,Maharashtra,Rabi,4098,28.54,116971.41
Wheat,Karnataka,Kharif,2645,23.71,62705.34
Rice,Tamil Nadu,Kharif,3179,34.29,108992.54
Cotton,Punjab,Rabi,3456,15.72,54319.16
Rice,Tamil Nadu,Rabi,2857,20.88,59658.69
Maize,Gujarat,Kharif,2402,28.0,67267.34
Rice,Maharashtra,Kharif,3878,28.83,111784.01
Cotton,Karnataka,Kharif,1522,31.57,48056.77
Maize,Gujarat,Kharif,635,34.18,21704.4
Wheat,Maharashtra,Rabi,1020,18.82,19198.64
Maize,Punjab,Rabi,2404,21.72,52209.81
Maize,Maharashtra,Kharif,1963,16.34,32075.66
Cotton,Tamil Nadu,Kharif,4676,29.12,136151.87
Maize,Punjab,Kharif,2833,33.61,95219.74
Maize,Tamil Nadu,Rabi,1763,18.14,31985.85
Cotton,Maharashtra,Rabi,671,21.5,14426.19
Rice,Punjab,Kharif,1385,23.99,33222.78
Rice,Maharashtra,Rabi,3486,33.07,115271.16
Soybean,Punjab,Kharif,774,26.39,20423.79
Maize,Tamil Nadu,Kharif,1778,32.69,58124.94
Maize,Karnataka,Rabi,3804,26.17,99543.24
Cotton,Maharashtra,Kharif,4714,17.94,84568.48
Soybean,Tamil Nadu,Kharif,3474,21.3,74005.17
Maize,Maharashtra,Rabi,1422,19.66,27950.44
Rice,Punjab,Kharif,3256,15.69,51079.84
Soybean,Gujarat,Kharif,2179,24.35,53053.51
Rice,Gujarat,Rabi,2289,29.33,67130.63
Maize,Maharashtra,Rabi,3260,20.53,66913.79
Cotton,Gujarat,Kharif,2219,32.15,71339.55
Maize,Gujarat,Kharif,4587,23.55,108025.41
Cotton,Gujarat,Kharif,3502,21.49,75245.02
Wheat,Punjab,Rabi,4116,19.64,80846.84
Maize,Gujarat,Kharif,2317,29.56,68479.29
Maize,Tamil Nadu,Kharif,1856,29.49,54727.75
Rice,Maharashtra,Rabi,1415,18.9,26742.19
Wheat,Tamil Nadu,Kharif,4932,31.01,152942.13
Cotton,Punjab,Rabi,4593,18.49,84941.95
Rice,Gujarat,Kharif,694,16.88,11717.13
Cotton,Karnataka,Kharif,524,30.39,15924.93
Maize,Maharashtra,Rabi,2223,15.06,33486.67
Wheat,Maharashtra,Kharif,2142,21.55,46170.49
Cotton,Karnataka,Kharif,997,26.02,25941.99
Cotton,Tamil Nadu,Kharif,2177,24.43,53184.02
Cotton,Maharashtra,Rabi,1125,29.2,32854.43
Maize,Maharashtra,Kharif,4670,32.51,151820.28
Soybean,Punjab,Rabi,1357,20.28,27521.15
Cotton,Tamil Nadu,Rabi,4876,28.31,138053.7
Soybean,Maharashtra,Rabi,535,24.2,12948.51
Rice,Maharashtra,Rabi,1531,27.41,41964.29
Wheat,Gujarat,Kharif,2863,23.72,67897.83
Cotton,Punjab,Kharif,2009,21.32,42836.06
Rice,Tamil Nadu,Rabi,1598,29.76,47562.42
Rice,Punjab,Rabi,1607,33.96,54575.45
Soybean,Karnataka,Rabi,3236,17.06,55218.16
Maize,Karnataka,Kharif,619,28.47,17621.89
Maize,Karnataka,Rabi,4054,34.52,139944.08
Wheat,Maharashtra,Kharif,3282,23.64,77597.34
Rice,Karnataka,Rabi,1999,18.29,36553.61
Maize,Karnataka,Kharif,2328,16.94,39442.41
Cotton,Maharashtra,Kharif,2133,18.69,39866.25
Wheat,Gujarat,Rabi,1710,33.27,56899.91
Soybean,Maharashtra,Kharif,4692,24.67,115740.34
Maize,Tamil Nadu,Kharif,3625,24.89,90238.98
Cotton,Tamil Nadu,Kharif,3369,30.51,102790.94
Wheat,Gujarat,Rabi,3127,17.87,55890.95
Rice,Gujarat,Rabi,1614,16.87,27225.54
Wheat,Maharashtra,Rabi,2802,26.18,73355.6
Maize,Maharashtra,Rabi,4868,29.74,144757.65
Maize,Tamil Nadu,Kharif,2834,16.24,46033.28
Soybean,Tamil Nadu,Kharif,4223,20.0,84449.3
Rice,Gujarat,Rabi,3281,29.32,96197.59
Wheat,Punjab,Kharif,4746,22.9,108661.11
Rice,Maharashtra,Rabi,3250,21.81,70869.81
Cotton,Punjab,Kharif,909,31.81,28917.55
Maize,Gujarat,Kharif,3161,25.54,80728.89
Wheat,Maharashtra,Rabi,3514,32.93,115723.63
Wheat,Gujarat,Rabi,4669,34.73,162145.87
Cotton,Maharashtra,Rabi,2068,28.3,58529.53
Cotton,Tamil Nadu,Rabi,3632,34.74,126179.93
Maize,Maharashtra,Rabi,4099,25.23,103406.19
Wheat,Karnataka,Rabi,2340,28.08,65699.26
Maize,Gujarat,Rabi,1537,27.64,42483.74
Cotton,Gujarat,Rabi,1782,16.95,30200.26
Maize,Tamil Nadu,Kharif,3010,29.12,87652.14
Wheat,Gujarat,Rabi,4935,15.31,75567.64
Wheat,Tamil Nadu,Kharif,1942,18.15,35247.07
Soybean,Gujarat,Rabi,1775,15.71,27885.98
Wheat,Maharashtra,Rabi,3723,31.46,117114.4
Rice,Maharashtra,Rabi,4807,21.46,103146.57
Wheat,Gujarat,Rabi,1795,27.05,48554.51
Cotton,Punjab,Rabi,3707,18.0,66718.34
Soybean,Gujarat,Rabi,4145,17.14,71034.63
Maize,Karnataka,Kharif,3348,30.66,102637.69
Wheat,Maharashtra,Kharif,1449,29.41,42617.39
Rice,Maharashtra,Kharif,1345,22.29,29985.14
Wheat,Karnataka,Rabi,3426,24.86,85183.48
Cotton,Maharashtra,Kharif,4209,17.8,74933.03
Wheat,Maharashtra,Kharif,4342,34.84,151255.63
Maize,Maharashtra,Rabi,1323,17.53,23188.02
Soybean,Punjab,Kharif,2293,18.38,42156.28
Cotton,Tamil Nadu,Rabi,1941,32.31,62706.39
Cotton,Tamil Nadu,Kharif,1218,16.17,19693.36
Wheat,Karnataka,Kharif,3631,17.12,62179.87
Rice,Maharashtra,Rabi,3457,17.92,61955.37
Cotton,Tamil Nadu,Kharif,2936,28.98,85073.8
Wheat,Karnataka,Kharif,1505,18.36,27625.24
Maize,Karnataka,Rabi,1926,30.2,58173.37
Rice,Punjab,Rabi,2863,31.86,91206.82
Cotton,Tamil Nadu,Rabi,1536,22.21,34107.63
Cotton,Gujarat,Kharif,2869,30.01,86094.13
Rice,Karnataka,Rabi,1316,18.43,24254.4
Rice,Gujarat,Rabi,2729,23.84,65063.29
Wheat,Gujarat,Rabi,4802,33.26,159697.85
Cotton,Punjab,Kharif,1460,34.09,49767.56
Cotton,Maharashtra,Rabi,3920,16.49,64627.14
Maize,Tamil Nadu,Rabi,2441,32.16,78500.05
Cotton,Punjab,Rabi,4853,20.31,98576.85
Wheat,Karnataka,Rabi,766,27.11,20764.02
Wheat,Gujarat,Rabi,1375,33.92,46646.15
Soybean,Punjab,Rabi,1687,27.56,46488.92
Rice,Maharashtra,Rabi,4499,29.56,132998.36
Wheat,Maharashtra,Kharif,2225,27.34,60840.75
Rice,Maharashtra,Rabi,4520,33.04,149355.97
Rice,Maharashtra,Kharif,4260,21.03,89585.89
Rice,Karnataka,Kharif,4026,23.7,95417.14
Soybean,Punjab,Rabi,1367,29.48,40298.05
Wheat,Maharashtra,Rabi,4068,26.75,108828.01
Wheat,Punjab,Kharif,653,26.22,17123.13
Rice,Punjab,Rabi,4061,32.15,130579.58
Maize,Karnataka,Kharif,981,27.09,26572.23
Rice,Karnataka,Kharif,2058,26.13,53770.24
Maize,Punjab,Rabi,2628,15.41,40502.06
Cotton,Maharashtra,Kharif,2899,16.06,46553.57
Rice,Tamil Nadu,Kharif,2388,21.78,51999.51
Soybean,Tamil Nadu,Rabi,3928,19.34,75977.49
Rice,Gujarat,Kharif,3409,15.64,53323.77
Maize,Karnataka,Kharif,3370,16.65,56099.45
Maize,Gujarat,Kharif,3786,18.91,71579.53
Maize,Tamil Nadu,Rabi,3834,19.65,75347.73
Maize,Gujarat,Kharif,1593,22.44,35741.85
Cotton,Gujarat,Kharif,2512,30.0,75355.36
Maize,Karnataka,Kharif,3999,34.84,139318.37
Maize,Punjab,Rabi,1724,31.87,54948.14
Maize,Karnataka,Kharif,2212,32.83,72612.45
Wheat,Gujarat,Kharif,3531,34.87,123127.42
Soybean,Maharashtra,Kharif,1584,33.3,52752.19
Soybean,Tamil Nadu,Kharif,1763,16.7,29436.74
Maize,Maharashtra,Kharif,2152,20.05,43152.05
Maize,Tamil Nadu,Kharif,1485,29.69,44083.34
Rice,Maharashtra,Kharif,4396,23.22,102081.67
Wheat,Maharashtra,Kharif,3745,31.32,117288.76
Rice,Tamil Nadu,Kharif,1716,18.19,31221.23
Wheat,Maharashtra,Rabi,4592,23.27,106847.56
Rice,Tamil Nadu,Kharif,4540,22.96,104251.5
Cotton,Tamil Nadu,Rabi,3780,32.58,123156.33
Soybean,Gujarat,Kharif,2422,16.68,40386.98
Wheat,Tamil Nadu,Kharif,3982,18.65,74276.13
Rice,Punjab,Rabi,4168,21.46,89446.45
Soybean,Maharashtra,Rabi,3191,21.7,69245.33
Soybean,Maharashtra,Rabi,2698,30.55,82432.72
Maize,Karnataka,Kharif,2982,16.98,50633.44
Maize,Karnataka,Kharif,2086,17.47,36441.62
Rice,Karnataka,Rabi,1659,22.32,37021.17
Maize,Karnataka,Kharif,3338,27.76,92678.96
Wheat,Karnataka,Kharif,3045,23.74,72284.73
Rice,Punjab,Kharif,3219,18.29,58861.13
Cotton,Maharashtra,Rabi,1924,29.12,56028.5
Cotton,Punjab,Rabi,4270,16.04,68479.9
Wheat,Maharashtra,Kharif,922,28.63,26393.71
Maize,Tamil Nadu,Rabi,1162,24.44,28397.43
Soybean,Tamil Nadu,Kharif,3590,22.23,79804.96
Maize,Gujarat,Kharif,4020,20.58,82720.85
Cotton,Maharashtra,Kharif,1238,32.28,39960.5
Cotton,Tamil Nadu,Kharif,1153,21.56,24854.65
Rice,Punjab,Rabi,3767,22.27,83889.25
Maize,Gujarat,Rabi,813,32.64,26537.85
Soybean,Karnataka,Rabi,4698,16.36,76870.63
Wheat,Punjab,Rabi,942,33.31,31374.58
Wheat,Karnataka,Rabi,2574,20.93,53878.09
Maize,Karnataka,Rabi,1722,33.72,58074.29
Cotton,Gujarat,Rabi,3700,18.48,68366.74
Wheat,Maharashtra,Kharif,4213,17.96,75686.41
Cotton,Maharashtra,Kharif,4934,15.67,77296.12
Soybean,Maharashtra,Kharif,1952,22.97,44844.44
Rice,Gujarat,Rabi,1419,16.42,23301.57
Soybean,Tamil Nadu,Rabi,4016,31.36,125922.93
Soybean,Punjab,Kharif,3861,31.63,122118.98
Soybean,Punjab,Kharif,2768,18.18,50326.86
Rice,Karnataka,Kharif,3873,28.11,108869.25
Cotton,Karnataka,Kharif,1962,17.57,34476.73
Wheat,Tamil Nadu,Rabi,3921,21.52,84366.02
Wheat,Tamil Nadu,Rabi,3350,34.38,115159.25
Rice,Punjab,Rabi,1516,29.08,44091.86
Soybean,Punjab,Kharif,4466,26.58,118700.89
Cotton,Tamil Nadu,Kharif,3359,28.24,94859.32
Wheat,Tamil Nadu,Rabi,4078,24.82,101210.37
Maize,Karnataka,Rabi,2756,27.11,74715.61
Soybean,Tamil Nadu,Kharif,2440,32.48,79254.62
Wheat,Gujarat,Rabi,1917,33.79,64777.25
Wheat,Punjab,Kharif,887,25.34,22472.19
Maize,Tamil Nadu,Rabi,3385,31.63,107060.6
Rice,Maharashtra,Rabi,3275,25.22,82599.43
Maize,Tamil Nadu,Kharif,4659,23.6,109949.85
Cotton,Gujarat,Kharif,2875,31.7,91149.09
Rice,Maharashtra,Kharif,3163,26.58,84077.12
Maize,Punjab,Rabi,4728,22.48,106278.71
Maize,Punjab,Rabi,1604,25.47,40852.18
Rice,Maharashtra,Rabi,2915,19.36,56445.66
Maize,Gujarat,Kharif,1746,26.76,46725.55
Cotton,Punjab,Kharif,521,17.8,9273.09
Rice,Punjab,Rabi,3182,21.1,67138.8
Maize,Karnataka,Kharif,4557,18.5,84287.16
Soybean,Karnataka,Rabi,1286,15.13,19453.09
Soybean,Punjab,Rabi,1911,27.27,52104.31
Rice,Maharashtra,Rabi,4452,15.07,67098.15
Cotton,Tamil Nadu,Rabi,1499,32.21,48289.53
Wheat,Tamil Nadu,Rabi,3399,15.3,52004.7
Cotton,Gujarat,Rabi,4335,17.71,76772.04
Soybean,Tamil Nadu,Kharif,3274,17.4,56962.74
Soybean,Maharashtra,Kharif,4563,34.44,157132.37
Soybean,Maharashtra,Kharif,2230,33.13,73889.47
Rice,Maharashtra,Kharif,3348,25.46,85235.24
Soybean,Tamil Nadu,Rabi,791,16.86,13340.09
Rice,Punjab,Kharif,2416,33.95,82014.01
Soybean,Tamil Nadu,Rabi,4101,22.24,91214.42
Cotton,Tamil Nadu,Rabi,1659,16.37,27165.84
Maize,Maharashtra,Kharif,1083,16.37,17732.77
Soybean,Gujarat,Rabi,3266,26.49,86520.51
Wheat,Gujarat,Rabi,2262,15.71,35526.93
Rice,Punjab,Rabi,849,30.78,26133.37
Cotton,Maharashtra,Rabi,1998,17.35,34660.98
Wheat,Karnataka,Kharif,4661,34.97,163005.07
Soybean,Gujarat,Kharif,507,22.79,11553.87
Soybean,Punjab,Kharif,2248,18.4,41373.12
Wheat,Maharashtra,Rabi,1211,15.41,18658.25
Rice,Tamil Nadu,Kharif,1941,34.89,67728.31
Rice,Gujarat,Rabi,664,21.1,14010.78
Maize,Maharashtra,Kharif,2752,26.0,71545.55
Cotton,Karnataka,Kharif,1101,20.57,22648.48
Soybean,Gujarat,Kharif,2035,23.68,48184.3
Rice,Punjab,Rabi,3255,25.28,82298.43
Cotton,Tamil Nadu,Rabi,3146,21.28,66961.95
Maize,Karnataka,Kharif,1372,24.0,32932.94
Maize,Gujarat,Kharif,4079,20.84,85022.27
Wheat,Gujarat,Rabi,3764,24.35,91644.63
Cotton,Tamil Nadu,Rabi,2000,20.87,41744.98
Soybean,Punjab,Kharif,1682,31.67,53275.5
Maize,Tamil Nadu,Kharif,1214,32.72,39722.69
Wheat,Maharashtra,Rabi,3009,28.6,86051.46
Cotton,Punjab,Rabi,4532,18.47,83721.0
Cotton,Karnataka,Kharif,3510,19.8,69495.19
Soybean,Karnataka,Kharif,2929,31.3,91676.55
Maize,Gujarat,Rabi,4253,22.68,96462.96
Maize,Punjab,Kharif,3464,25.48,88271.59
Wheat,Punjab,Rabi,1853,19.87,36824.16
Cotton,Karnataka,Kharif,1466,25.77,37778.11
Cotton,Karnataka,Kharif,3211,22.68,72818.06
Rice,Tamil Nadu,Rabi,2732,15.63,42690.86
Soybean,Gujarat,Rabi,3892,22.94,89281.47
Rice,Karnataka,Rabi,4588,17.06,78257.79
Cotton,Karnataka,Kharif,3207,27.05,86741.3
Wheat,Gujarat,Kharif,937,31.34,29361.35
Rice,Gujarat,Rabi,926,30.91,28624.53
Soybean,Tamil Nadu,Rabi,4587,23.27,106744.89
Wheat,Punjab,Kharif,3300,32.47,107140.6
Soybean,Gujarat,Rabi,593,18.05,10706.5
Maize,Karnataka,Rabi,4792,23.52,112718.03
Rice,Tamil Nadu,Rabi,530,32.93,17450.64
Wheat,Maharashtra,Rabi,3591,23.12,83009.92
Cotton,Maharashtra,Kharif,1649,29.25,48239.56
Soybean,Tamil Nadu,Kharif,3779,19.49,73640.98
Cotton,Tamil Nadu,Rabi,4971,25.62,127381.54
Maize,Tamil Nadu,Kharif,2389,23.74,56712.45
Rice,Tamil Nadu,Kharif,3963,34.6,137124.6
Cotton,Punjab,Rabi,4405,28.67,126299.64
Maize,Tamil Nadu,Rabi,4078,16.22,66152.57
Cotton,Punjab,Rabi,3795,30.62,116191.65
Soybean,Tamil Nadu,Rabi,1609,28.94,46569.02
Cotton,Punjab,Rabi,3510,24.73,86816.96
Wheat,Karnataka,Kharif,1441,22.61,32575.66
Maize,Maharashtra,Rabi,1156,15.95,18441.15
Wheat,Karnataka,Kharif,3512,31.47,110515.41
Soybean,Karnataka,Rabi,2746,21.92,60182.12
Soybean,Maharashtra,Rabi,572,21.72,12426.4
Cotton,Karnataka,Rabi,2875,25.34,72840.51
Wheat,Gujarat,Kharif,4196,22.33,93700.22
Wheat,Maharashtra,Kharif,4028,30.38,122353.56
Cotton,Karnataka,Kharif,4456,23.29,103766.35
Cotton,Punjab,Rabi,2151,21.94,47202.02
Wheat,Maharashtra,Kharif,2942,19.68,57904.23
Soybean,Maharashtra,Rabi,759,26.02,19748.25
Maize,Maharashtra,Rabi,2874,24.45,70274.56
Soybean,Gujarat,Rabi,3525,15.1,53240.83
Soybean,Karnataka,Kharif,4289,30.14,129275.63
Cotton,Karnataka,Rabi,2679,15.0,40194.44
Soybean,Gujarat,Kharif,871,18.61,16207.56
Soybean,Gujarat,Kharif,3353,28.59,95876.05
Wheat,Karnataka,Rabi,3482,19.78,68864.77
Maize,Maharashtra,Kharif,702,29.77,20901.48
Maize,Karnataka,Kharif,3475,21.67,75312.84
Cotton,Maharashtra,Rabi,609,21.48,13080.42
Rice,Karnataka,Rabi,2808,22.75,63873.34
Rice,Tamil Nadu,Kharif,3981,26.96,107333.18
Cotton,Maharashtra,Kharif,3495,24.09,84192.15
Wheat,Maharashtra,Rabi,3829,30.12,115320.03
Maize,Gujarat,Kharif,830,29.91,24823.54
Cotton,Gujarat,Rabi,4437,23.65,104945.54
Rice,Maharashtra,Rabi,3532,29.39,103790.7
Rice,Karnataka,Kharif,4374,32.08,140304.4
Cotton,Tamil Nadu,Kharif,1504,31.42,47259.06
Wheat,Karnataka,Rabi,1368,30.52,41756.21
Rice,Punjab,Kharif,2331,31.36,73097.55
Wheat,Punjab,Kharif,1185,20.8,24646.16
Cotton,Maharashtra,Rabi,4868,24.38,118700.16
Soybean,Punjab,Kharif,502,19.51,9793.99
Wheat,Gujarat,Kharif,2081,17.17,35732.74
Soybean,Maharashtra,Kharif,1599,26.89,42997.46
Wheat,Gujarat,Kharif,3531,22.88,80779.84
Maize,Tamil Nadu,Rabi,2725,30.95,84331.13
Cotton,Maharashtra,Rabi,680,28.37,19288.46
Wheat,Tamil Nadu,Kharif,2856,24.49,69954.28
Wheat,Tamil Nadu,Rabi,2403,31.09,74709.69
Cotton,Gujarat,Rabi,2874,21.9,62939.61
Maize,Punjab,Kharif,1135,23.19,26323.81
Wheat,Punjab,Kharif,2316,19.8,45846.4
Wheat,Maharashtra,Kharif,2296,29.19,67022.92
Wheat,Karnataka,Kharif,4972,16.08,79962.99
Wheat,Maharashtra,Kharif,1022,20.28,20727.15
Wheat,Maharashtra,Rabi,3519,15.74,55396.22
Wheat,Gujarat,Rabi,995,19.95,19852.94
Wheat,Punjab,Rabi,2799,25.94,72596.62
Soybean,Maharashtra,Rabi,1751,22.41,39241.04
Rice,Punjab,Kharif,545,29.38,16011.35
Rice,Gujarat,Rabi,2119,30.7,65043.33
Soybean,Tamil Nadu,Rabi,1146,18.35,21033.12
Soybean,Karnataka,Rabi,3954,32.3,127728.43
Rice,Maharashtra,Rabi,1940,21.67,42048.55
Wheat,Karnataka,Kharif,2492,18.46,46004.46
Rice,Maharashtra,Rabi,1971,20.97,41330.21
Wheat,Gujarat,Rabi,4813,20.52,98772.29
Maize,Punjab,Kharif,4117,32.22,132647.75
Maize,Maharashtra,Kharif,4573,26.61,121667.73
Wheat,Gujarat,Kharif,1018,21.33,21711.5
Soybean,Maharashtra,Rabi,3401,16.76,57003.72
Rice,Tamil Nadu,Rabi,1846,28.08,51826.6
Rice,Tamil Nadu,Kharif,4026,27.25,109726.01
Cotton,Gujarat,Kharif,1909,26.21,50034.85
Cotton,Tamil Nadu,Kharif,4738,16.45,77944.47
Maize,Gujarat,Rabi,516,22.49,11607.28
Rice,Maharashtra,Kharif,1268,17.97,22785.51
Rice,Gujarat,Kharif,1856,32.39,60118.52
Cotton,Tamil Nadu,Kharif,2522,26.42,66638.91
Cotton,Punjab,Kharif,1814,22.02,39944.96
Rice,Punjab,Rabi,1169,33.27,38888.84
Cotton,Punjab,Kharif,889,29.67,26374.07
Wheat,Maharashtra,Rabi,1482,15.02,22265.94
Soybean,Gujarat,Rabi,1854,33.14,61434.17
Soybean,Gujarat,Kharif,3467,30.71,106464.37
Wheat,Karnataka,Rabi,3830,21.17,81094.08
Soybean,Gujarat,Rabi,4273,30.17,128934.54
Wheat,Karnataka,Rabi,3223,33.74,108756.47
Maize,Gujarat,Rabi,2487,22.48,55898.02
Maize,Punjab,Kharif,3759,34.47,129561.92
Maize,Gujarat,Kharif,2387,27.63,65947.35
Soybean,Tamil Nadu,Rabi,1825,30.99,56552.07
Rice,Maharashtra,Rabi,1530,22.8,34885.91
Maize,Tamil Nadu,Rabi,867,28.43,24652.27
Maize,Maharashtra,Rabi,3537,23.81,84226.4
Wheat,Karnataka,Rabi,2481,25.49,63242.04
Wheat,Maharashtra,Rabi,701,18.59,13029.12
Maize,Maharashtra,Kharif,2162,34.63,74880.22
Maize,Tamil Nadu,Kharif,4431,25.8,114309.87
Cotton,Karnataka,Rabi,1540,32.66,50296.62
Wheat,Gujarat,Rabi,4623,28.11,129954.22
Rice,Maharashtra,Rabi,2156,19.38,41786.37
Cotton,Gujarat,Rabi,4978,20.75,103305.12
Rice,Punjab,Rabi,2443,28.1,68660.35
Wheat,Maharashtra,Rabi,4291,23.95,102786.57
Rice,Maharashtra,Rabi,1307,23.91,31255.28
Rice,Maharashtra,Rabi,2666,30.47,81232.44
Wheat,Punjab,Rabi,1193,27.96,33355.24
Maize,Tamil Nadu,Rabi,4299,22.97,98736.07
Cotton,Tamil Nadu,Rabi,1912,29.37,56153.03
Wheat,Tamil Nadu,Rabi,4396,32.49,142834.71
Wheat,Gujarat,Rabi,3026,15.74,47632.12
Rice,Maharashtra,Rabi,2985,25.21,75265.53
Cotton,Karnataka,Kharif,1966,18.77,36902.31
Cotton,Maharashtra,Kharif,2362,20.81,49163.62
Soybean,Gujarat,Rabi,904,27.17,24557.17
Cotton,Karnataka,Rabi,3378,31.5,106408.02
Cotton,Tamil Nadu,Rabi,809,33.96,27475.32
Cotton,Tamil Nadu,Kharif,1478,16.22,23979.08
Rice,Tamil Nadu,Kharif,3744,16.03,60022.67
Cotton,Maharashtra,Kharif,1184,27.11,32094.12
Rice,Karnataka,Kharif,3493,17.97,62769.82
Maize,Punjab,Rabi,2120,28.37,60141.26
Maize,Gujarat,Kharif,3022,26.28,79420.9
Maize,Tamil Nadu,Kharif,2014,18.9,38062.65
Rice,Gujarat,Rabi,4175,33.7,140708.65
Wheat,Punjab,Rabi,3693,33.62,124153.79
Rice,Tamil Nadu,Rabi,1261,21.33,26899.75
Maize,Karnataka,Kharif,1720,30.5,52465.61
Soybean,Gujarat,Rabi,1398,26.43,36943.34
Cotton,Tamil Nadu,Rabi,4485,24.92,111764.65
Cotton,Maharashtra,Rabi,1246,24.87,30982.14
Maize,Tamil Nadu,Kharif,1211,20.24,24513.03
Cotton,Tamil Nadu,Rabi,828,28.44,23549.43
Rice,Punjab,Kharif,3993,16.03,63998.09
Maize,Maharashtra,Kharif,1487,30.34,45121.68
Cotton,Tamil Nadu,Kharif,1391,23.78,33083.3
Rice,Karnataka,Kharif,3759,31.57,118672.34
Rice,Punjab,Kharif,3205,19.71,63174.58
Rice,Tamil Nadu,Rabi,3988,26.11,104144.43
Cotton,Punjab,Kharif,1901,34.49,65564.43
Cotton,Gujarat,Rabi,591,27.15,16046.82
Maize,Punjab,Kharif,2893,25.54,73884.34
Wheat,Punjab,Rabi,511,27.26,13931.67
Soybean,Gujarat,Kharif,4695,34.89,163788.36
Cotton,Maharashtra,Rabi,2477,32.22,79797.64
Wheat,Tamil Nadu,Rabi,4222,23.83,100598.48
Wheat,Gujarat,Rabi,3637,25.63,93216.62
Rice,Punjab,Kharif,1370,34.6,47397.84
Wheat,Gujarat,Rabi,4297,28.44,122207.87
Soybean,Gujarat,Kharif,1572,29.35,46136.56
Wheat,Punjab,Rabi,3030,17.6,53335.03
Soybean,Punjab,Rabi,2589,21.46,55564.61
Maize,Gujarat,Kharif,3965,21.16,83890.83
Maize,Tamil Nadu,Rabi,4460,28.47,126975.46
Rice,Karnataka,Rabi,1785,23.15,41317.62
Maize,Karnataka,Kharif,4483,31.18,139773.46
Rice,Tamil Nadu,Kharif,4603,31.33,144204.47
Cotton,Punjab,Rabi,1156,21.43,24775.23
Cotton,Gujarat,Kharif,1743,17.37,30275.77
Cotton,Gujarat,Rabi,2488,31.34,77982.14
Rice,Punjab,Kharif,4761,26.37,125560.28
Soybean,Karnataka,Rabi,3690,24.51,90448.33
Soybean,Maharashtra,Kharif,2879,16.27,46835.26
Rice,Karnataka,Kharif,2146,32.3,69325.27
Soybean,Maharashtra,Rabi,1734,18.59,32235.38
Cotton,Gujarat,Rabi,2274,30.75,69914.98
Maize,Tamil Nadu,Kharif,1334,21.96,29297.49
Wheat,Tamil Nadu,Kharif,1792,21.39,38337.2
Rice,Punjab,Rabi,711,19.69,13999.49
Maize,Tamil Nadu,Kharif,3829,20.41,78163.56
Maize,Punjab,Rabi,3112,25.79,80265.08
Soybean,Karnataka,Kharif,2244,21.51,48262.71
Soybean,Karnataka,Rabi,745,18.93,14100.42
Rice,Gujarat,Kharif,1169,34.82,40705.36
Soybean,Karnataka,Rabi,4769,15.7,74882.28
Maize,Punjab,Rabi,1203,19.02,22878.05
Wheat,Maharashtra,Kharif,2799,31.13,87139.68
Rice,Maharashtra,Kharif,849,24.81,21061.4
Rice,Gujarat,Rabi,925,28.79,26630.77
Wheat,Tamil Nadu,Kharif,4036,31.47,127015.86
Rice,Tamil Nadu,Kharif,3491,28.88,100821.13
Maize,Gujarat,Kharif,4822,15.94,76838.87
Rice,Gujarat,Kharif,883,27.45,24235.77
Wheat,Punjab,Kharif,2163,34.17,73905.96
Cotton,Punjab,Rabi,4382,33.66,147500.29
Cotton,Punjab,Kharif,1245,15.04,18725.4
Rice,Gujarat,Rabi,3475,23.89,83027.12
Cotton,Maharashtra,Kharif,1396,17.57,24522.24
Cotton,Maharashtra,Rabi,1869,28.22,52736.31
Cotton,Karnataka,Kharif,3290,32.76,107764.48
Soybean,Punjab,Rabi,2989,30.33,90666.78
Soybean,Karnataka,Rabi,4139,28.45,117745.74
Rice,Gujarat,Rabi,2128,25.62,54520.36
Soybean,Gujarat,Kharif,2206,22.6,49856.2
Wheat,Gujarat,Kharif,3352,33.96,113841.61
Maize,Gujarat,Rabi,1084,23.32,25276.49
Soybean,Tamil Nadu,Rabi,1468,18.82,27621.56
Rice,Gujarat,Rabi,1373,28.54,39179.77
Cotton,Karnataka,Kharif,4160,22.62,94111.77
Maize,Punjab,Rabi,4046,25.0,101156.07
Soybean,Punjab,Kharif,716,15.76,11281.38
Wheat,Tamil Nadu,Rabi,3577,25.78,92208.02
Wheat,Gujarat,Kharif,2401,34.79,83542.55
Cotton,Karnataka,Kharif,4455,26.47,117931.15
Cotton,Tamil Nadu,Kharif,2468,24.52,60510.78
Maize,Punjab,Rabi,909,30.25,27498.03
Cotton,Karnataka,Rabi,3147,20.87,65687.4
Rice,Tamil Nadu,Rabi,4693,21.32,100074.23
Soybean,Punjab,Kharif,3574,34.06,121729.44
Rice,Karnataka,Kharif,505,17.6,8885.49
Wheat,Punjab,Rabi,2374,27.73,65823.56
Maize,Maharashtra,Rabi,2100,20.8,43675.23
Maize,Karnataka,Kharif,1105,22.22,24553.5
Rice,Gujarat,Kharif,4038,27.37,110520.64
Cotton,Tamil Nadu,Kharif,3391,15.78,53494.37
Rice,Maharashtra,Kharif,3993,29.13,116324.07
Rice,Karnataka,Kharif,825,22.36,18444.3
Wheat,Tamil Nadu,Rabi,1198,26.69,31977.74
Rice,Maharashtra,Rabi,1369,31.22,42737.18
Soybean,Tamil Nadu,Kharif,2770,15.09,41794.74
Maize,Punjab,Rabi,4711,20.11,94725.96
Soybean,Tamil Nadu,Kharif,2281,28.5,65013.32
Rice,Tamil Nadu,Kharif,2730,32.86,89715.33
Wheat,Gujarat,Kharif,924,29.84,27575.76
Wheat,Maharashtra,Rabi,1853,23.72,43948.38
Wheat,Maharashtra,Kharif,1298,34.32,44551.31
Maize,Tamil Nadu,Rabi,995,30.26,30108.66
Rice,Tamil Nadu,Kharif,4518,32.16,145320.76
Wheat,Tamil Nadu,Rabi,2119,19.36,41022.72
Cotton,Gujarat,Rabi,4486,30.82,138242.71
Wheat,Gujarat,Rabi,2012,20.85,41959.47
Maize,Karnataka,Kharif,1000,30.35,30346.66
Wheat,Gujarat,Rabi,4436,32.55,144375.3
Rice,Tamil Nadu,Rabi,905,31.23,28259.16
Soybean,Punjab,Rabi,2536,20.03,50800.07
Maize,Karnataka,Kharif,1072,26.52,28429.21
Wheat,Maharashtra,Kharif,2078,18.9,39278.97
Rice,Karnataka,Kharif,2329,15.54,36190.96
Wheat,Gujarat,Kharif,3734,23.11,86305.45
Cotton,Tamil Nadu,Kharif,2259,33.07,74695.5
Rice,Tamil Nadu,Rabi,1706,32.79,55931.22
Soybean,Punjab,Kharif,3915,16.47,64487.72
Wheat,Tamil Nadu,Rabi,3627,18.07,65547.22
Maize,Tamil Nadu,Rabi,2951,31.46,92846.05
Soybean,Maharashtra,Rabi,971,19.84,19260.73
Maize,Gujarat,Rabi,3517,30.55,107432.12
Wheat,Punjab,Kharif,1081,19.25,20808.08
Soybean,Gujarat,Kharif,2121,20.52,43527.21
Soybean,Karnataka,Rabi,4033,20.04,80822.09
Maize,Gujarat,Kharif,1617,31.05,50204.42
Soybean,Maharashtra,Rabi,3544,16.08,56993.19
Soybean,Gujarat,Kharif,4959,18.1,89770.38
Soybean,Maharashtra,Kharif,1801,19.86,35772.98
Rice,Gujarat,Kharif,2069,19.1,39527.31
Cotton,Karnataka,Kharif,583,27.75,16178.95
Maize,Tamil Nadu,Kharif,768,23.31,17900.1
Wheat,Karnataka,Rabi,3498,26.27,91894.82
Rice,Karnataka,Rabi,3889,26.94,104780.22
Wheat,Tamil Nadu,Kharif,4305,33.1,142478.95
Wheat,Tamil Nadu,Kharif,4144,19.62,81298.26
Rice,Gujarat,Kharif,1844,27.94,51516.91
Rice,Maharashtra,Kharif,3793,30.47,115567.55
Maize,Maharashtra,Rabi,2880,25.26,72750.12
Maize,Gujarat,Kharif,2772,18.22,50495.83
Maize,Tamil Nadu,Kharif,889,16.42,14600.41
Cotton,Karnataka,Rabi,1097,25.24,27685.84
Maize,Karnataka,Kharif,1988,28.46,56573.29
Cotton,Punjab,Kharif,1035,16.68,17265.99
Soybean,Karnataka,Rabi,1040,28.79,29944.21
Soybean,Punjab,Rabi,1892,19.09,36122.23
Maize,Tamil Nadu,Kharif,4654,31.46,146398.49
Rice,Tamil Nadu,Rabi,1418,19.0,26938.92
Cotton,Karnataka,Rabi,4090,26.81,109652.18
Cotton,Karnataka,Kharif,925,26.53,24537.49
Wheat,Maharashtra,Kharif,1047,15.64,16377.04
Rice,Tamil Nadu,Rabi,4305,21.57,92845.59
Cotton,Punjab,Kharif,3230,23.77,76790.51
Cotton,Punjab,Kharif,699,21.1,14751.65
Soybean,Punjab,Kharif,3687,34.98,128985.26
Cotton,Maharashtra,Rabi,2272,33.94,77102.26
Soybean,Gujarat,Rabi,3099,33.03,102364.46
Cotton,Karnataka,Rabi,3572,18.09,64610.48
Soybean,Punjab,Kharif,1714,22.11,37905.1
Cotton,Gujarat,Rabi,1117,33.84,37800.02
Cotton,Tamil Nadu,Rabi,4932,19.21,94768.24
Wheat,Punjab,Kharif,2747,23.56,64730.02
Cotton,Maharashtra,Kharif,2011,22.93,46105.6
Maize,Punjab,Rabi,3535,17.13,60553.72
Rice,Karnataka,Kharif,1110,34.71,38527.01
Wheat,Maharashtra,Kharif,1188,30.56,36300.44
Wheat,Maharashtra,Rabi,2351,29.58,69536.32
Maize,Punjab,Rabi,801,34.02,27253.87
Wheat,Punjab,Rabi,4321,31.82,137490.12
Wheat,Gujarat,Rabi,4604,22.72,104614.04
Maize,Gujarat,Kharif,2091,15.9,33240.63
Cotton,Punjab,Rabi,2903,32.57,94546.63
Maize,Gujarat,Rabi,792,28.93,22913.12
Maize,Maharashtra,Rabi,2223,21.94,48779.92
Soybean,Gujarat,Rabi,2201,22.56,49646.69
Maize,Gujarat,Rabi,4515,17.62,79570.45
Maize,Maharashtra,Kharif,3148,17.81,56075.34
Soybean,Karnataka,Rabi,985,29.87,29423.42
Wheat,Punjab,Rabi,2272,29.59,67225.12
Cotton,Tamil Nadu,Rabi,3958,33.58,132903.14
Wheat,Punjab,Rabi,2468,33.12,81736.36
Cotton,Maharashtra,Rabi,2809,21.34,59942.26
Maize,Gujarat,Rabi,4714,26.68,125759.45
Cotton,Punjab,Kharif,3752,28.83,108154.67
Rice,Maharashtra,Rabi,977,23.7,23154.34
Rice,Karnataka,Rabi,2347,16.46,38627.14
Cotton,Maharashtra,Kharif,2805,16.16,45326.56
Rice,Tamil Nadu,Rabi,4855,23.83,115700.35
Rice,Karnataka,Rabi,2414,24.16,58330.89
Wheat,Gujarat,Rabi,4464,25.53,113979.43
Maize,Punjab,Kharif,3828,33.45,128055.72
Maize,Gujarat,Kharif,2596,22.77,59112.56
Soybean,Punjab,Rabi,4345,33.17,144139.32
Wheat,Maharashtra,Rabi,823,19.5,16044.7
Rice,Maharashtra,Rabi,3973,26.57,105573.32
Maize,Karnataka,Kharif,547,33.46,18303.08
Rice,Gujarat,Rabi,3892,30.21,117588.8
Soybean,Tamil Nadu,Kharif,1969,29.22,57525.57
Soybean,Punjab,Kharif,2221,15.96,35437.15
Cotton,Maharashtra,Kharif,1381,29.46,40685.53
Wheat,Karnataka,Kharif,4033,30.48,122941.3
Rice,Punjab,Kharif,2605,33.19,86466.85
Rice,Punjab,Rabi,3242,16.47,53394.75
Cotton,Gujarat,Rabi,3470,28.43,98645.58
Rice,Maharashtra,Rabi,1294,26.25,33961.96
Cotton,Punjab,Kharif,4531,23.63,107045.66
Maize,Maharashtra,Rabi,4662,16.66,77660.57
Soybean,Punjab,Kharif,1426,26.18,37335.45
Cotton,Gujarat,Rabi,2711,29.05,78759.09
Rice,Punjab,Kharif,2773,34.54,95779.66
Cotton,Tamil Nadu,Kharif,4197,18.24,76566.91
Cotton,Gujarat,Kharif,3166,22.44,71056.79
Wheat,Karnataka,Rabi,1584,22.8,36108.53
Rice,Gujarat,Kharif,2344,34.7,81332.01
Wheat,Punjab,Kharif,4829,22.84,110311.32
Rice,Maharashtra,Rabi,4554,25.28,115141.14
Rice,Tamil Nadu,Kharif,2380,30.6,72838.86
Soybean,Gujarat,Kharif,3312,24.54,81289.89
Cotton,Punjab,Rabi,2947,21.96,64727.81
Maize,Karnataka,Rabi,3010,17.38,52302.4
Rice,Karnataka,Kharif,752,27.12,20394.31
Cotton,Gujarat,Rabi,3629,34.48,125126.38
Rice,Gujarat,Rabi,1943,27.36,53167.54
Maize,Tamil Nadu,Rabi,2835,19.88,56362.15
Wheat,Punjab,Rabi,4640,17.12,79447.43
Soybean,Maharashtra,Kharif,2615,19.19,50191.86
Soybean,Karnataka,Kharif,4924,24.49,120565.74
Wheat,Gujarat,Kharif,3988,21.38,85247.81
Rice,Maharashtra,Rabi,616,23.56,14513.34
Maize,Gujarat,Kharif,2798,32.31,90393.85
Soybean,Karnataka,Rabi,3642,17.05,62112.59
Maize,Gujarat,Rabi,4181,31.46,131542.08
Wheat,Punjab,Rabi,1152,28.76,33130.87
Maize,Gujarat,Kharif,2212,30.61,67702.23
Maize,Karnataka,Rabi,1455,26.55,38635.32
Wheat,Punjab,Kharif,1048,27.95,29291.19
Wheat,Punjab,Rabi,3384,16.36,55346.89
Wheat,Karnataka,Kharif,1513,32.82,49663.71
Rice,Karnataka,Rabi,4417,20.87,92193.57
Soybean,Tamil Nadu,Rabi,2899,21.52,62374.12
Soybean,Gujarat,Rabi,2090,32.56,68057.14
Wheat,Tamil Nadu,Kharif,899,17.34,15586.25
Cotton,Maharashtra,Kharif,3361,19.31,64915.81
Wheat,Karnataka,Rabi,2830,31.6,89417.37
Rice,Punjab,Rabi,4032,22.77,91825.25
Cotton,Maharashtra,Kharif,4958,28.35,140566.13
Maize,Gujarat,Kharif,4234,22.98,97294.6
Maize,Karnataka,Rabi,3748,28.75,107740.54
Cotton,Karnataka,Kharif,2702,24.12,65173.84
Maize,Punjab,Kharif,1237,32.74,40498.15
Cotton,Karnataka,Kharif,4160,27.8,115638.82
Maize,Gujarat,Rabi,1530,20.44,31268.55
Soybean,Karnataka,Kharif,1646,19.25,31683.37
Rice,Maharashtra,Rabi,3355,27.96,93793.43
Rice,Gujarat,Rabi,4513,23.09,104186.43
Maize,Karnataka,Kharif,1084,22.73,24638.37
Rice,Maharashtra,Kharif,4181,15.54,64953.27
Maize,Karnataka,Kharif,3038,15.53,47183.86
Wheat,Gujarat,Kharif,4807,32.45,155982.71
Wheat,Maharashtra,Kharif,4483,34.6,155095.98
Soybean,Karnataka,Rabi,3825,19.89,76069.12
Cotton,Maharashtra,Kharif,3691,15.66,57790.05
Soybean,Maharashtra,Kharif,860,25.97,22330.26
Maize,Punjab,Kharif,3171,35.0,110973.35
Maize,Tamil Nadu,Rabi,4056,31.96,129630.87
Maize,Punjab,Kharif,1576,32.46,51163.16
Cotton,Maharashtra,Rabi,3812,30.5,116271.07
Wheat,Punjab,Kharif,1373,29.6,40644.75
Wheat,Maharashtra,Rabi,3337,31.94,106583.47
Soybean,Tamil Nadu,Kharif,2520,21.86,55075.46
Maize,Punjab,Kharif,3999,22.22,88860.16
Soybean,Maharashtra,Rabi,678,25.25,17119.66
Soybean,Maharashtra,Rabi,4871,31.34,152679.35
Maize,Tamil Nadu,Rabi,1827,20.38,37233.51
Soybean,Karnataka,Kharif,1128,22.43,25303.09
Maize,Gujarat,Kharif,839,17.2,14434.5
Rice,Tamil Nadu,Rabi,4426,34.71,153643.92
Maize,Karnataka,Kharif,3890,15.14,58897.03
Rice,Gujarat,Rabi,1564,17.05,26667.0
Maize,Maharashtra,Rabi,589,23.32,13736.23
Soybean,Gujarat,Rabi,3619,29.54,106888.17
Maize,Maharashtra,Kharif,2590,25.65,66430.06
Maize,Tamil Nadu,Kharif,4935,26.12,128898.24
Cotton,Karnataka,Rabi,1560,28.16,43932.88
Wheat,Gujarat,Kharif,2105,17.44,36719.23
Soybean,Gujarat,Rabi,3345,20.4,68232.18
Cotton,Karnataka,Rabi,4546,20.91,95047.02
Wheat,Gujarat,Rabi,2720,15.75,42845.03
Soybean,Gujarat,Kharif,730,15.53,11340.11
Wheat,Tamil Nadu,Kharif,1631,27.01,44051.22
Cotton,Maharashtra,Kharif,4139,33.23,137552.68
Soybean,Punjab,Rabi,3330,32.17,107141.31
Maize,Tamil Nadu,Rabi,2731,34.28,93622.96
Cotton,Maharashtra,Kharif,2437,31.57,76928.78
Maize,Gujarat,Kharif,2211,26.66,58940.7
Maize,Karnataka,Kharif,721,33.11,23869.49
Cotton,Punjab,Rabi,3016,19.58,59039.28
Wheat,Punjab,Rabi,1998,19.18,38331.03
Maize,Gujarat,Rabi,4249,17.02,72305.25
Rice,Punjab,Rabi,4314,29.02,125195.76
Maize,Maharashtra,Rabi,3421,18.46,63155.12
Soybean,Tamil Nadu,Kharif,3607,16.54,59655.21
Wheat,Tamil Nadu,Rabi,4451,18.29,81419.86
Soybean,Karnataka,Kharif,4848,31.14,150953.66
Soybean,Punjab,Rabi,4386,21.83,95741.07
Soybean,Gujarat,Kharif,1011,21.28,21513.25
Soybean,Gujarat,Kharif,2742,19.96,54743.21
Maize,Tamil Nadu,Kharif,4470,22.4,100130.7
Soybean,Gujarat,Kharif,1894,25.69,48658.87
Wheat,Maharashtra,Kharif,1719,25.32,43520.46
Soybean,Punjab,Rabi,4229,26.56,112309.87
Wheat,Karnataka,Kharif,1896,25.07,47538.62
Maize,Karnataka,Rabi,4690,18.19,85322.47
Maize,Tamil Nadu,Kharif,4170,31.53,131464.94
Maize,Punjab,Kharif,2630,17.58,46246.13
Maize,Tamil Nadu,Rabi,3883,26.38,102421.95
Rice,Karnataka,Rabi,669,32.78,21930.75
Wheat,Punjab,Kharif,3355,28.42,95352.06
Wheat,Maharashtra,Rabi,3236,30.99,100299.61
Cotton,Punjab,Rabi,1832,29.22,53536.78
Maize,Punjab,Rabi,3290,30.65,100853.12
Maize,Punjab,Rabi,3937,30.95,121840.49
Maize,Punjab,Kharif,3264,28.28,92315.4
Soybean,Punjab,Kharif,581,23.07,13406.26
Cotton,Gujarat,Kharif,3044,34.36,104597.47
Wheat,Punjab,Kharif,2761,15.76,43504.28
Rice,Punjab,Rabi,3836,17.24,66116.06
Cotton,Gujarat,Kharif,1975,25.57,50508.65
Cotton,Karnataka,Kharif,4063,28.27,114850.1
Maize,Maharashtra,Kharif,1190,17.78,21163.44
Rice,Gujarat,Kharif,3740,19.03,71178.56
Maize,Gujarat,Rabi,688,28.53,19627.01
Rice,Tamil Nadu,Rabi,2405,23.57,56687.88
Cotton,Maharashtra,Rabi,3810,23.37,89029.2
Cotton,Tamil Nadu,Rabi,3141,30.24,94999.1
Maize,Punjab,Rabi,4015,15.01,60259.45
Soybean,Gujarat,Rabi,4350,32.67,142125.85
Wheat,Karnataka,Rabi,4866,26.37,128329.44
Rice,Karnataka,Kharif,3395,33.05,112194.91
Rice,Tamil Nadu,Kharif,4440,22.76,101064.16
Wheat,Maharashtra,Rabi,1945,22.34,43451.74
Cotton,Punjab,Kharif,3534,23.75,83947.17
Rice,Gujarat,Kharif,4717,23.77,112132.74
Cotton,Punjab,Rabi,2400,32.84,78811.42
Soybean,Punjab,Rabi,3636,26.07,94790.88
Soybean,Gujarat,Rabi,4398,23.45,103148.43
Wheat,Tamil Nadu,Rabi,4692,24.63,115573.25
Soybean,Punjab,Rabi,4609,31.27,144100.9
Rice,Tamil Nadu,Kharif,626,23.15,14493.34
Cotton,Gujarat,Kharif,2104,18.34,38593.2
Rice,Punjab,Rabi,1948,20.16,39273.37
Cotton,Karnataka,Kharif,4809,24.33,117014.53
Cotton,Maharashtra,Rabi,1498,16.84,25223.82
Wheat,Tamil Nadu,Kharif,1360,22.26,30270.78
Rice,Karnataka,Kharif,2524,28.49,71901.7
Rice,Maharashtra,Kharif,3129,22.1,69145.96
Wheat,Karnataka,Rabi,2951,31.78,93796.21
Maize,Karnataka,Kharif,2045,19.45,39782.62
Rice,Gujarat,Kharif,4009,34.92,140009.78
Soybean,Tamil Nadu,Rabi,2845,22.33,63538.54
Maize,Tamil Nadu,Kharif,2048,31.71,64946.23
Wheat,Karnataka,Kharif,4605,28.43,130911.91
Rice,Tamil Nadu,Rabi,2903,28.52,82804.24
Soybean,Punjab,Kharif,1538,15.71,24157.68
Soybean,Gujarat,Rabi,4181,17.19,71866.58
Soybean,Karnataka,Kharif,2280,23.86,54401.87
Cotton,Gujarat,Rabi,2663,27.35,72835.33
Maize,Punjab,Kharif,4692,22.42,105181.91
Soybean,Karnataka,Kharif,2178,29.52,64298.13
Maize,Gujarat,Rabi,1937,26.46,51251.74
Wheat,Tamil Nadu,Kharif,894,21.6,19306.13
Cotton,Karnataka,Kharif,1107,16.43,18182.49
Wheat,Maharashtra,Kharif,2148,26.55,57022.34
Wheat,Karnataka,Kharif,3009,19.72,59348.14
Cotton,Tamil Nadu,Kharif,2207,22.27,49153.33
Rice,Maharashtra,Rabi,2393,18.66,44663.73
Cotton,Maharashtra,Rabi,4591,19.66,90256.52
Maize,Punjab,Kharif,1786,32.52,58074.66
Maize,Maharashtra,Kharif,1882,23.32,43891.24
Wheat,Punjab,Rabi,4405,30.43,134060.54
Cotton,Maharashtra,Rabi,1341,15.46,20730.51
Maize,Punjab,Kharif,2915,15.87,46257.23
Cotton,Punjab,Rabi,3805,16.5,62789.42
Rice,Maharashtra,Kharif,1950,33.66,65628.49
Soybean,Maharashtra,Kharif,3303,15.09,49841.73
Wheat,Gujarat,Kharif,1916,26.08,49973.45
Cotton,Gujarat,Kharif,3361,26.31,88420.67
Rice,Punjab,Kharif,2188,20.04,43847.59
Maize,Karnataka,Rabi,3233,15.05,48643.47
Cotton,Gujarat,Rabi,4506,27.39,123405.75
Soybean,Punjab,Rabi,4285,21.51,92150.16
Maize,Punjab,Kharif,4150,18.55,76988.78
Cotton,Tamil Nadu,Kharif,4918,33.66,165541.43
Maize,Karnataka,Kharif,4922,27.27,134237.56
Wheat,Punjab,Kharif,912,15.58,14205.54
Wheat,Maharashtra,Rabi,3039,21.42,65098.37
Wheat,Gujarat,Rabi,4133,31.75,131211.19
Maize,Karnataka,Kharif,2660,32.98,87721.53
Maize,Gujarat,Rabi,3141,31.45,98797.58
Rice,Tamil Nadu,Rabi,2583,26.86,69385.52
Wheat,Gujarat,Rabi,4098,30.57,125275.03
Wheat,Karnataka,Rabi,4733,34.33,162473.12
Maize,Punjab,Kharif,3632,29.97,108864.8
Maize,Gujarat,Rabi,1115,21.25,23692.2
Maize,Punjab,Rabi,3841,33.27,127791.77
Maize,Tamil Nadu,Rabi,2789,19.14,53393.86
Rice,Maharashtra,Kharif,4547,21.48,97652.69
Soybean,Gujarat,Rabi,4939,21.41,105762.99
Wheat,Maharashtra,Rabi,2391,32.41,77493.03
Wheat,Gujarat,Rabi,4220,26.13,110282.84
Wheat,Gujarat,Kharif,2436,24.17,58867.58
Cotton,Maharashtra,Kharif,3870,18.41,71247.82
Rice,Maharashtra,Kharif,2012,28.54,57413.7
Rice,Maharashtra,Rabi,1433,30.97,44379.38
Cotton,Karnataka,Rabi,2667,23.67,63133.7
Maize,Punjab,Rabi,833,17.09,14232.84
Cotton,Karnataka,Rabi,4303,29.08,125110.06
Soybean,Maharashtra,Kharif,959,21.37,20493.43
Cotton,Gujarat,Rabi,4519,22.21,100384.72
Cotton,Gujarat,Rabi,3559,32.38,115244.13
Cotton,Karnataka,Kharif,1576,17.4,27416.01
Rice,Tamil Nadu,Kharif,2592,29.7,76978.24
Soybean,Tamil Nadu,Kharif,4962,24.55,121795.01
Wheat,Punjab,Kharif,2965,27.04,80183.28
Wheat,Tamil Nadu,Rabi,1233,15.79,19473.75
Rice,Gujarat,Rabi,4671,23.61,110275.05
Maize,Gujarat,Kharif,1848,18.35,33914.33
Soybean,Karnataka,Rabi,880,15.65,13767.91
Maize,Maharashtra,Rabi,4666,23.11,107846.69
Cotton,Tamil Nadu,Kharif,2204,16.2,35694.53
Soybean,Karnataka,Kharif,1506,24.43,36786.41
Maize,Maharashtra,Kharif,775,21.81,16905.78
Wheat,Maharashtra,Kharif,2051,25.28,51856.03
Cotton,Gujarat,Kharif,2778,28.04,77894.47
Rice,Punjab,Kharif,4202,21.41,89974.14
Soybean,Gujarat,Rabi,3410,16.08,54846.45
Maize,Gujarat,Rabi,1298,32.03,41568.56
Soybean,Maharashtra,Kharif,3573,20.4,72901.24
Wheat,Gujarat,Rabi,1677,21.2,35558.39
Wheat,Punjab,Kharif,2407,32.9,79194.69
Maize,Maharashtra,Rabi,3930,17.31,68016.39
Cotton,Karnataka,Kharif,757,28.6,21647.99
Rice,Punjab,Kharif,2294,33.12,75972.47
Soybean,Punjab,Rabi,4564,24.29,110865.76
Rice,Karnataka,Rabi,4375,15.79,69065.97
Rice,Gujarat,Rabi,4008,15.31,61345.32
Rice,Karnataka,Rabi,4820,24.83,119684.31
Cotton,Tamil Nadu,Rabi,3181,24.72,78634.47
Soybean,Gujarat,Rabi,1022,28.15,28771.74
Cotton,Tamil Nadu,Kharif,4282,24.37,104360.56
Soybean,Maharashtra,Kharif,3724,24.66,91845.69
Wheat,Maharashtra,Kharif,3208,29.78,95539.08
Rice,Tamil Nadu,Rabi,2072,20.32,42104.92
Maize,Karnataka,Rabi,2712,34.73,94199.12
Cotton,Tamil Nadu,Kharif,996,33.89,33753.49
Soybean,Maharashtra,Rabi,3340,18.44,61583.55
Cotton,Maharashtra,Rabi,2228,26.52,59096.39
Maize,Gujarat,Kharif,1034,22.96,23741.7
Rice,Karnataka,Kharif,3167,25.59,81028.15
Maize,Maharashtra,Kharif,565,23.17,13089.6
Rice,Maharashtra,Rabi,4418,31.34,138451.53
Maize,Tamil Nadu,Rabi,4590,18.72,85904.6
Wheat,Karnataka,Rabi,2038,33.61,68492.54
Cotton,Maharashtra,Rabi,2951,19.74,58253.61
Rice,Gujarat,Kharif,3847,34.35,132147.53
Cotton,Gujarat,Rabi,4702,25.34,119145.47
Soybean,Maharashtra,Kharif,3089,30.01,92686.24
Soybean,Maharashtra,Kharif,2782,21.28,59206.15
Maize,Tamil Nadu,Kharif,4629,32.03,148278.84
Wheat,Gujarat,Kharif,575,22.75,13080.12
Soybean,Gujarat,Rabi,4934,28.3,139633.24
Rice,Gujarat,Rabi,1480,20.03,29639.8
Wheat,Karnataka,Kharif,2012,31.38,63128.9
Cotton,Tamil Nadu,Kharif,2003,24.06,48186.26
Maize,Tamil Nadu,Rabi,2589,17.55,45426.71
Cotton,Maharashtra,Rabi,1265,15.41,19487.97
Cotton,Tamil Nadu,Kharif,1230,19.17,23582.08
Wheat,Karnataka,Rabi,1515,34.92,52902.41
Soybean,Tamil Nadu,Kharif,2550,20.39,51988.11
Cotton,Maharashtra,Kharif,1321,22.31,29464.98
Maize,Karnataka,Rabi,585,29.92,17503.69
Wheat,Karnataka,Kharif,3216,15.23,48990.71
Cotton,Gujarat,Rabi,2494,17.56,43802.4
Wheat,Karnataka,Rabi,2396,16.78,40210.45
Maize,Punjab,Rabi,3826,20.71,79247.24
Soybean,Tamil Nadu,Kharif,4422,15.23,67344.91
Wheat,Maharashtra,Kharif,3400,26.2,89087.86
Soybean,Karnataka,Rabi,2570,27.8,71439.7
Maize,Punjab,Rabi,4681,21.48,100544.06
Wheat,Punjab,Rabi,4054,30.83,124985.51
Maize,Punjab,Rabi,2996,22.78,68246.81
Cotton,Gujarat,Rabi,2010,31.98,64289.49
Wheat,Punjab,Rabi,4067,33.52,136326.84
Maize,Maharashtra,Rabi,4311,26.42,113915.07
Rice,Karnataka,Rabi,1194,27.56,32906.48
Maize,Maharashtra,Rabi,4373,26.25,114791.65
Cotton,Tamil Nadu,Rabi,1813,28.98,52543.5
Cotton,Maharashtra,Rabi,2659,18.86,50145.99
Rice,Karnataka,Kharif,956,20.87,19949.74
Soybean,Tamil Nadu,Rabi,4730,24.07,113852.55
Rice,Gujarat,Rabi,1907,28.34,54048.71
Maize,Maharashtra,Rabi,1502,33.52,50343.52
Cotton,Gujarat,Kharif,4623,19.1,88315.58
Rice,Maharashtra,Rabi,2028,33.79,68517.71
Cotton,Gujarat,Kharif,4636,21.54,99875.2
Maize,Tamil Nadu,Rabi,3440,24.49,84233.53
Soybean,Tamil Nadu,Kharif,2615,20.81,54406.33
Cotton,Karnataka,Rabi,2723,23.7,64522.02
Maize,Punjab,Rabi,642,20.75,13320.74
Maize,Karnataka,Kharif,906,30.84,27941.74
Cotton,Gujarat,Kharif,2925,22.62,66162.72
Wheat,Maharashtra,Kharif,1838,20.54,37753.52
Cotton,Gujarat,Kharif,1254,19.73,24745.66
Rice,Maharashtra,Kharif,2598,34.85,90530.4
Rice,Tamil Nadu,Kharif,699,24.06,16815.87
Maize,Karnataka,Rabi,2937,30.61,89887.52
Cotton,Gujarat,Kharif,4313,26.59,114702.75
Wheat,Gujarat,Kharif,2998,16.92,50718.62
Wheat,Tamil Nadu,Rabi,3482,29.53,102829.3
Soybean,Punjab,Rabi,2121,31.06,65877.38
Soybean,Tamil Nadu,Rabi,2855,29.63,84590.24
Wheat,Punjab,Rabi,2094,29.19,61122.49
Maize,Gujarat,Rabi,2103,22.96,48280.35
Soybean,Karnataka,Rabi,3313,34.36,113846.4
Soybean,Gujarat,Kharif,2178,25.26,55024.21
Rice,Punjab,Rabi,1597,20.57,32853.74
Rice,Punjab,Kharif,3261,21.15,68971.53
Wheat,Maharashtra,Rabi,3804,29.33,111576.88
Rice,Tamil Nadu,Rabi,3940,23.26,91646.49
Cotton,Punjab,Rabi,796,26.02,20714.53
Soybean,Karnataka,Rabi,2671,15.58,41618.43
Wheat,Punjab,Rabi,3386,19.33,65465.03
Cotton,Punjab,Rabi,2339,26.41,61774.71
Cotton,Tamil Nadu,Rabi,3429,26.69,91521.52
Soybean,Punjab,Rabi,4081,26.97,110064.07
Rice,Karnataka,Kharif,4563,17.99,82085.7
Maize,Karnataka,Kharif,3652,24.46,89331.67
Maize,Karnataka,Rabi,3484,16.21,56490.8
Cotton,Punjab,Kharif,2246,26.39,59272.63
Wheat,Maharashtra,Rabi,1510,16.23,24504.8
Maize,Tamil Nadu,Rabi,4954,23.84,118087.27
Cotton,Punjab,Kharif,3545,15.78,55933.49
Wheat,Tamil Nadu,Rabi,3211,22.48,72192.01
Cotton,Karnataka,Rabi,1383,21.98,30394.73
Maize,Gujarat,Kharif,1150,29.49,33917.69
Rice,Punjab,Kharif,699,15.28,10681.2
Soybean,Tamil Nadu,Kharif,3477,32.83,114149.02
Wheat,Tamil Nadu,Kharif,1783,18.35,32712.51
Rice,Maharashtra,Rabi,1874,21.85,40952.94
Wheat,Gujarat,Rabi,4782,16.68,79772.47
Rice,Tamil Nadu,Kharif,617,33.24,20510.23
Maize,Karnataka,Rabi,1533,20.03,30709.32
Rice,Tamil Nadu,Rabi,522,17.06,8904.59
Soybean,Punjab,Kharif,1874,33.97,63664.68
Soybean,Tamil Nadu,Kharif,3671,27.49,100924.67
Rice,Karnataka,Rabi,4636,16.34,75737.74
Wheat,Gujarat,Rabi,1935,17.96,34757.0
Maize,Karnataka,Kharif,2567,22.65,58131.48
Wheat,Karnataka,Rabi,3673,27.36,100488.09
Cotton,Gujarat,Kharif,1006,25.14,25285.86
Cotton,Gujarat,Kharif,4069,15.71,63908.98
Maize,Karnataka,Kharif,1638,30.54,50028.01
Cotton,Tamil Nadu,Rabi,832,34.91,29048.03
Cotton,Tamil Nadu,Rabi,3871,28.54,110459.44
Cotton,Punjab,Rabi,1166,29.93,34900.7
Wheat,Gujarat,Kharif,4034,23.82,96090.05
Rice,Gujarat,Rabi,1638,27.74,45432.6
Soybean,Punjab,Rabi,4010,20.95,84017.55
Soybean,Punjab,Rabi,1155,15.04,17374.04
Rice,Maharashtra,Rabi,3324,22.76,75653.2
Cotton,Karnataka,Kharif,3473,33.14,115106.53
Cotton,Gujarat,Kharif,2315,32.4,74995.96
Soybean,Punjab,Kharif,3965,30.48,120838.28
Wheat,Tamil Nadu,Rabi,3253,22.34,72687.88
Soybean,Punjab,Kharif,992,16.54,16410.9
Wheat,Tamil Nadu,Rabi,2349,22.31,52399.93
Maize,Karnataka,Rabi,3706,18.06,66928.95
Cotton,Gujarat,Kharif,2488,26.84,66776.82
Maize,Gujarat,Rabi,3196,19.25,61523.26
Rice,Karnataka,Rabi,3995,17.15,68503.23
Wheat,Karnataka,Rabi,1076,19.2,20654.28
Soybean,Maharashtra,Kharif,628,27.97,17566.02
Wheat,Karnataka,Rabi,4692,27.26,127881.78
Soybean,Gujarat,Kharif,1565,23.41,36636.34
Rice,Punjab,Rabi,1890,33.57,63453.77
Maize,Gujarat,Rabi,2880,29.2,84081.8
Soybean,Maharashtra,Kharif,3927,22.11,86824.82
Rice,Karnataka,Kharif,2163,25.11,54316.17
Wheat,Maharashtra,Kharif,3356,25.4,85252.22
Maize,Tamil Nadu,Kharif,2047,33.3,68171.9
Cotton,Maharashtra,Rabi,3920,33.19,130123.77
Wheat,Tamil Nadu,Rabi,2207,19.45,42926.36
Maize,Gujarat,Kharif,921,34.67,31928.67
Maize,Punjab,Kharif,710,16.08,11417.41
Wheat,Punjab,Rabi,536,15.91,8526.16
Soybean,Punjab,Rabi,3524,28.81,101515.24
Maize,Maharashtra,Kharif,1070,33.94,36320.25
Rice,Karnataka,Rabi,1319,34.77,45867.07
Rice,Karnataka,Rabi,4910,20.72,101736.7
Rice,Gujarat,Kharif,4672,29.99,140103.27
Cotton,Karnataka,Rabi,3406,23.88,81348.63
Rice,Maharashtra,Rabi,575,27.86,16021.13
Maize,Gujarat,Kharif,1101,20.34,22399.05
Cotton,Tamil Nadu,Rabi,2196,32.5,71362.22
Maize,Maharashtra,Kharif,3913,24.44,95624.4
Cotton,Maharashtra,Rabi,1556,32.77,50989.09
Wheat,Tamil Nadu,Kharif,4746,31.33,148690.32
Cotton,Maharashtra,Kharif,1261,20.13,25380.86
Cotton,Karnataka,Rabi,3360,28.48,95680.23
Rice,Karnataka,Kharif,1394,20.79,28984.91
Soybean,Gujarat,Rabi,950,23.88,22688.6
Wheat,Tamil Nadu,Kharif,1716,19.0,32599.62
Soybean,Karnataka,Rabi,2712,21.89,59378.91
Maize,Karnataka,Rabi,1943,33.1,64319.76
Rice,Punjab,Rabi,2727,21.18,57751.59
Maize,Maharashtra,Rabi,1682,17.36,29200.92
Soybean,Punjab,Rabi,3514,24.18,84970.35
Rice,Karnataka,Rabi,2762,25.2,69589.0
Rice,Karnataka,Kharif,4949,30.33,150119.77
Cotton,Maharashtra,Rabi,4963,15.28,75815.89
Rice,Gujarat,Kharif,1742,18.77,32695.27
Cotton,Karnataka,Kharif,3440,30.6,105266.68
Rice,Karnataka,Rabi,1527,25.55,39010.83
Cotton,Karnataka,Kharif,835,24.84,20741.91
Cotton,Tamil Nadu,Kharif,2943,17.6,51803.35
Soybean,Karnataka,Kharif,3711,20.08,74532.9
Wheat,Punjab,Rabi,1431,34.61,49522.25
Rice,Gujarat,Rabi,3105,34.59,107393.54
Soybean,Maharashtra,Kharif,3302,34.61,114285.99
Cotton,Tamil Nadu,Kharif,1079,16.9,18239.02
Wheat,Maharashtra,Kharif,881,34.7,30567.89
Rice,Punjab,Kharif,3308,19.94,65950.51
Soybean,Tamil Nadu,Kharif,3440,27.69,95253.96
Maize,Gujarat,Rabi,2211,17.4,38474.12
Soybean,Punjab,Rabi,3287,31.33,102984.67
Cotton,Punjab,Rabi,3539,23.48,83091.59
Maize,Maharashtra,Rabi,2950,19.35,57074.26
Wheat,Gujarat,Rabi,706,19.12,13495.47
Soybean,Tamil Nadu,Kharif,3110,27.18,84527.96
Rice,Maharashtra,Rabi,1023,15.76,16127.36
Maize,Gujarat,Rabi,1780,32.77,58333.07
Rice,Gujarat,Kharif,2611,17.48,45651.13
Rice,Tamil Nadu,Rabi,4541,30.52,138572.73
Soybean,Karnataka,Kharif,4101,31.94,130999.95
Cotton,Punjab,Kharif,4648,32.03,148853.69
Wheat,Gujarat,Kharif,1004,18.48,18555.25
Soybean,Karnataka,Rabi,2159,34.12,73673.17
Wheat,Karnataka,Rabi,2900,29.83,86493.61
Rice,Tamil Nadu,Kharif,4196,15.65,65653.45
Wheat,Tamil Nadu,Kharif,1627,32.99,53682.66
Wheat,Punjab,Kharif,1976,29.8,58880.53
Cotton,Tamil Nadu,Rabi,4710,31.54,148536.73
Maize,Karnataka,Rabi,1677,27.31,45797.01
Soybean,Gujarat,Rabi,2013,29.96,60318.76
Maize,Gujarat,Rabi,1592,33.8,53807.3
Maize,Tamil Nadu,Rabi,1010,29.25,29546.77
Cotton,Gujarat,Rabi,4989,20.2,100786.92
Rice,Punjab,Rabi,1193,22.62,26982.89
Maize,Maharashtra,Kharif,4847,27.78,134653.36
Wheat,Maharashtra,Kharif,1548,15.02,23252.37
Soybean,Gujarat,Rabi,3409,17.22,58701.91
Wheat,Karnataka,Kharif,3689,18.13,66890.17
Rice,Punjab,Rabi,4730,20.65,97666.5
Wheat,Gujarat,Rabi,1904,25.38,48326.36
Soybean,Tamil Nadu,Rabi,1596,34.4,54901.79
Rice,Karnataka,Rabi,4553,19.21,87476.36
Soybean,Punjab,Rabi,2072,21.4,44344.51
Soybean,Maharashtra,Kharif,1703,32.4,55184.87
Wheat,Gujarat,Rabi,2042,21.28,43443.7
Soybean,Tamil Nadu,Rabi,997,30.27,30175.84
Wheat,Maharashtra,Rabi,4968,22.87,113633.57
Cotton,Gujarat,Rabi,1906,15.55,29642.33
Soybean,Maharashtra,Kharif,1747,32.46,56705.85
Rice,Punjab,Kharif,3223,33.38,107587.84
Rice,Punjab,Rabi,4337,29.25,126876.77
Cotton,Punjab,Rabi,4761,18.63,88716.91
Maize,Maharashtra,Rabi,2977,24.63,73337.05
Wheat,Punjab,Kharif,3287,24.98,82106.76
Maize,Karnataka,Rabi,4087,22.48,91878.07
Wheat,Maharashtra,Kharif,4797,33.44,160420.67
Soybean,Tamil Nadu,Rabi,2432,33.25,80875.76
Soybean,Punjab,Rabi,3313,17.61,58351.93
Maize,Gujarat,Rabi,3916,27.93,109364.9
Soybean,Karnataka,Rabi,3249,16.94,55037.01
Rice,Karnataka,Kharif,3573,32.55,116315.01
Soybean,Tamil Nadu,Rabi,3013,15.48,46646.62
Wheat,Karnataka,Kharif,4860,24.85,120786.67
Soybean,Gujarat,Rabi,1352,23.37,31602.92
Cotton,Gujarat,Kharif,4088,19.95,81568.83
Maize,Tamil Nadu,Rabi,1009,32.61,32905.78
Rice,Punjab,Kharif,2312,26.24,60658.81
Rice,Tamil Nadu,Kharif,3519,32.37,113909.02
Cotton,Gujarat,Kharif,1706,27.2,46401.72
Soybean,Punjab,Kharif,2086,20.5,42760.31
Rice,Tamil Nadu,Rabi,911,27.87,25388.11
Cotton,Maharashtra,Rabi,2143,33.75,72315.82
Rice,Tamil Nadu,Rabi,1194,18.83,22488.05
Rice,Maharashtra,Kharif,3302,32.99,108925.54
Soybean,Karnataka,Kharif,1219,24.16,29445.83
Soybean,Punjab,Rabi,4919,21.0,103301.65
Cotton,Tamil Nadu,Kharif,3828,31.74,121496.16
Wheat,Punjab,Kharif,2707,18.34,49657.7
Wheat,Punjab,Kharif,1939,23.8,46142.43
Wheat,Gujarat,Kharif,2905,22.07,64126.8
Wheat,Maharashtra,Rabi,2524,18.68,47158.72
Rice,Punjab,Kharif,1863,23.25,43309.36
Maize,Maharashtra,Rabi,2065,17.16,35435.21
Maize,Karnataka,Rabi,3319,30.35,100715.59
Maize,Gujarat,Rabi,2678,26.52,71022.84
Wheat,Punjab,Kharif,3888,21.84,84923.89
Wheat,Tamil Nadu,Kharif,4982,27.96,139308.43
Rice,Maharashtra,Kharif,3894,23.36,90971.99
Maize,Punjab,Rabi,956,34.88,33343.83
Cotton,Karnataka,Kharif,3569,20.41,72859.37
Soybean,Maharashtra,Rabi,3117,34.3,106916.4
Rice,Tamil Nadu,Kharif,1062,19.68,20905.2
Wheat,Gujarat,Rabi,3488,27.15,94685.11
Wheat,Gujarat,Kharif,2997,32.87,98496.95
Wheat,Gujarat,Rabi,2114,24.16,51082.54
Maize,Gujarat,Rabi,2991,17.62,52689.0
Cotton,Tamil Nadu,Rabi,3770,17.15,64660.93
Cotton,Punjab,Kharif,2818,27.78,78295.18
Soybean,Punjab,Rabi,787,28.01,22041.93
Rice,Gujarat,Kharif,742,17.97,13330.23
Wheat,Tamil Nadu,Rabi,1949,34.83,67883.86
Maize,Punjab,Kharif,4195,21.55,90400.04
Maize,Punjab,Kharif,4824,23.14,111646.04
Rice,Karnataka,Rabi,3624,22.96,83209.37
Maize,Gujarat,Kharif,1748,33.97,59377.19
Soybean,Tamil Nadu,Kharif,2058,27.93,57471.0
Cotton,Karnataka,Rabi,4530,31.39,142187.21
Cotton,Punjab,Kharif,748,24.21,18112.2
Rice,Maharashtra,Rabi,1110,32.68,36269.94
Maize,Punjab,Kharif,4774,34.91,166675.28
Cotton,Gujarat,Kharif,1586,19.83,31450.11
Cotton,Maharashtra,Kharif,2300,25.52,58690.08
Cotton,Karnataka,Kharif,1081,17.2,18592.63
Wheat,Maharashtra,Rabi,3850,24.75,95292.39
Wheat,Punjab,Kharif,2937,25.29,74270.35
Maize,Gujarat,Rabi,4256,24.96,106215.37
Soybean,Tamil Nadu,Kharif,3863,19.24,74335.4
Maize,Tamil Nadu,Rabi,2161,20.3,43864.7
Maize,Tamil Nadu,Kharif,2941,16.61,48842.48
Rice,Tamil Nadu,Kharif,2817,19.8,55778.06
Soybean,Maharashtra,Kharif,1657,23.86,39529.13
Cotton,Tamil Nadu,Kharif,1484,16.03,23790.66
Maize,Tamil Nadu,Rabi,3565,19.3,68793.1
Wheat,Tamil Nadu,Rabi,575,25.26,14524.77
Rice,Gujarat,Kharif,2418,21.23,51322.37
Maize,Maharashtra,Kharif,2141,19.67,42115.8
Maize,Tamil Nadu,Kharif,2549,19.79,50436.69
Maize,Punjab,Rabi,2093,33.79,70728.49
Rice,Gujarat,Rabi,2277,22.02,50129.58
Cotton,Gujarat,Kharif,4695,19.61,92082.01
Cotton,Maharashtra,Rabi,4042,34.51,139502.54
Rice,Gujarat,Kharif,1040,20.91,21749.47
Wheat,Karnataka,Rabi,3355,25.5,85554.88
Soybean,Karnataka,Rabi,3742,21.95,82136.0
Maize,Karnataka,Kharif,3344,15.86,53038.95
Cotton,Karnataka,Kharif,579,31.52,18250.0
Cotton,Gujarat,Rabi,1670,25.68,42891.28
Rice,Tamil Nadu,Kharif,4920,22.55,110934.14
Rice,Punjab,Rabi,4657,21.36,99461.43
Maize,Punjab,Kharif,3440,32.89,113132.24
Maize,Tamil Nadu,Kharif,4764,24.9,118636.72
Soybean,Gujarat,Kharif,3801,28.04,106564.94
Soybean,Gujarat,Kharif,4196,34.18,143426.32
Wheat,Karnataka,Rabi,3095,16.56,51257.32
Wheat,Karnataka,Rabi,2372,26.62,63141.75
Soybean,Gujarat,Rabi,1171,32.52,38085.5
Soybean,Gujarat,Rabi,654,33.15,21678.75
Wheat,Maharashtra,Kharif,1676,24.56,41154.29
Cotton,Punjab,Rabi,1750,28.73,50272.32
Wheat,Punjab,Rabi,3406,19.44,66206.06
Wheat,Tamil Nadu,Kharif,4860,21.48,104368.63
Soybean,Gujarat,Kharif,2140,33.14,70910.88
Cotton,Tamil Nadu,Rabi,4747,30.45,144530.03
Maize,Punjab,Kharif,2110,22.24,46921.89
Soybean,Tamil Nadu,Rabi,1042,25.58,26655.89
Soybean,Karnataka,Rabi,3175,18.28,58053.64
Cotton,Gujarat,Rabi,4065,27.39,111335.01
Soybean,Gujarat,Rabi,1492,19.52,29121.61
Maize,Punjab,Kharif,1652,27.61,45609.41
Soybean,Tamil Nadu,Rabi,2366,31.07,73501.82
Soybean,Karnataka,Rabi,1865,32.26,60157.13
Cotton,Tamil Nadu,Rabi,3276,19.91,65232.18
Cotton,Maharashtra,Kharif,2435,26.59,64747.22
Rice,Karnataka,Kharif,4150,26.56,110206.0
Rice,Punjab,Rabi,2999,26.27,78769.9
Rice,Karnataka,Kharif,2117,29.3,62022.47
Soybean,Karnataka,Rabi,2057,26.86,55260.57
Cotton,Maharashtra,Rabi,527,18.01,9489.16
Wheat,Punjab,Rabi,3767,20.01,75371.14
Rice,Maharashtra,Rabi,3090,30.83,95275.67
Wheat,Karnataka,Rabi,1947,18.35,35718.99
Rice,Gujarat,Kharif,4406,25.5,112355.6
Rice,Punjab,Kharif,3086,29.87,92169.87
Maize,Karnataka,Rabi,3475,25.72,89391.51
Cotton,Tamil Nadu,Kharif,4831,25.7,124177.64
Rice,Tamil Nadu,Rabi,3511,25.16,88336.99
Soybean,Punjab,Rabi,1636,31.87,52133.76
Maize,Tamil Nadu,Kharif,4145,30.18,125102.87
Soybean,Punjab,Rabi,3522,19.61,69068.93
Wheat,Karnataka,Rabi,3849,34.14,131414.68
Wheat,Maharashtra,Rabi,817,27.19,22211.18
Soybean,Gujarat,Kharif,3916,25.14,98463.36
Cotton,Tamil Nadu,Rabi,2354,25.42,59832.43
Soybean,Tamil Nadu,Kharif,3525,17.9,63096.1
Rice,Punjab,Kharif,813,29.67,24122.21
Wheat,Maharashtra,Rabi,2370,27.48,65126.98
Cotton,Tamil Nadu,Rabi,3217,25.22,81117.36
Soybean,Punjab,Kharif,1922,30.5,58627.04
Rice,Karnataka,Rabi,4680,20.67,96749.47
Soybean,Karnataka,Kharif,4942,22.64,111895.32
Soybean,Maharashtra,Rabi,3270,30.22,98833.27
Wheat,Gujarat,Rabi,3252,32.04,104199.59
Wheat,Punjab,Rabi,2504,25.41,63618.72
Cotton,Karnataka,Rabi,1534,16.55,25381.06
Soybean,Punjab,Rabi,3600,32.96,118644.72
Soybean,Maharashtra,Kharif,3974,17.76,70568.77
Wheat,Punjab,Rabi,982,24.9,24449.92
Cotton,Gujarat,Rabi,3931,34.78,136733.32
Maize,Tamil Nadu,Kharif,4535,17.1,77527.06
Soybean,Tamil Nadu,Rabi,4580,18.2,83336.78
Wheat,Maharashtra,Rabi,2644,24.13,63789.14
Rice,Karnataka,Rabi,4542,18.28,83034.41
Cotton,Gujarat,Kharif,4122,34.42,141883.38
Maize,Karnataka,Rabi,2352,33.74,79362.09
Cotton,Tamil Nadu,Rabi,1087,27.1,29452.95
Soybean,Gujarat,Rabi,2635,25.63,67533.31
Cotton,Tamil Nadu,Kharif,2108,20.65,43535.61
Cotton,Punjab,Kharif,4482,25.53,114416.13
Maize,Gujarat,Kharif,1800,18.38,33090.21
Soybean,Karnataka,Kharif,3979,24.79,98623.88
Wheat,Gujarat,Kharif,2840,29.34,83314.97
Rice,Karnataka,Kharif,901,16.57,14925.08
Maize,Maharashtra,Rabi,3314,24.82,82260.08
Cotton,Gujarat,Rabi,4470,21.02,93973.6
Maize,Maharashtra,Rabi,1400,32.82,45949.65
Rice,Karnataka,Kharif,4341,22.59,98045.8
Maize,Tamil Nadu,Kharif,2814,24.21,68135.07
Soybean,Maharashtra,Rabi,4650,26.07,121203.61
Soybean,Maharashtra,Rabi,3547,21.47,76163.66
Soybean,Punjab,Rabi,4459,31.34,139749.33
Maize,Maharashtra,Rabi,4906,34.98,171622.5
Soybean,Punjab,Kharif,4579,16.41,75137.85
Wheat,Karnataka,Rabi,1371,17.04,23362.03
Maize,Gujarat,Kharif,2908,22.47,65331.86
Wheat,Karnataka,Kharif,2843,16.08,45723.29
Wheat,Punjab,Kharif,1053,15.09,15892.4
Wheat,Maharashtra,Kharif,801,15.25,12216.03
Soybean,Karnataka,Kharif,4295,31.62,135787.15
Soybean,Maharashtra,Rabi,1349,34.53,46575.26
Cotton,Punjab,Kharif,3554,27.68,98387.07
Cotton,Gujarat,Kharif,582,16.66,9696.11
Cotton,Punjab,Kharif,2481,18.85,46754.59
Cotton,Maharashtra,Kharif,4072,31.25,127246.95
Soybean,Karnataka,Rabi,2380,17.51,41678.96
Soybean,Punjab,Rabi,3085,25.07,77331.24
Maize,Punjab,Rabi,4550,32.54,148079.55
Cotton,Maharashtra,Rabi,1117,25.75,28766.51
Rice,Maharashtra,Kharif,3365,27.4,92208.78
Wheat,Karnataka,Rabi,2455,34.64,85040.74
Maize,Karnataka,Rabi,2778,23.17,64369.57
Maize,Punjab,Rabi,4906,27.35,134191.48
Wheat,Gujarat,Rabi,3322,30.05,99828.0
Wheat,Tamil Nadu,Rabi,2046,31.96,65396.07
Soybean,Maharashtra,Rabi,1594,30.0,47818.51
Maize,Karnataka,Kharif,2287,15.5,35455.06
Maize,Tamil Nadu,Kharif,849,24.65,20929.6
Soybean,Punjab,Kharif,1292,21.87,28258.12
Soybean,Tamil Nadu,Rabi,1148,22.03,25294.96
Maize,Maharashtra,Rabi,751,21.72,16311.42
Wheat,Tamil Nadu,Kharif,1284,29.68,38110.31
Rice,Karnataka,Kharif,1756,31.31,54972.44
Cotton,Gujarat,Rabi,2754,27.23,74998.52
Soybean,Punjab,Kharif,2153,17.82,38366.3
Rice,Maharashtra,Rabi,850,26.55,22565.42
Wheat,Karnataka,Rabi,2202,15.18,33427.44
Maize,Punjab,Kharif,3601,22.03,79326.09
Cotton,Maharashtra,Rabi,3431,20.96,71899.75
Rice,Gujarat,Rabi,1890,17.95,33928.29
Soybean,Karnataka,Kharif,651,29.88,19449.53
Wheat,Maharashtra,Kharif,3446,24.94,85960.25
Maize,Gujarat,Rabi,4744,20.68,98114.61
Soybean,Punjab,Rabi,591,19.66,11617.77
Rice,Maharashtra,Kharif,4654,16.39,76287.65
Maize,Karnataka,Kharif,3619,25.23,91296.59
Rice,Tamil Nadu,Rabi,2344,18.15,42537.91
Soybean,Gujarat,Rabi,4230,34.47,145827.19
Wheat,Tamil Nadu,Rabi,4065,30.84,125348.22
Soybean,Karnataka,Rabi,651,21.49,13991.01
Rice,Punjab,Kharif,3245,29.69,96346.54
Rice,Karnataka,Rabi,3403,17.18,58459.01
Cotton,Punjab,Kharif,1935,21.77,42115.74
Soybean,Gujarat,Kharif,2717,23.61,64160.65
Cotton,Tamil Nadu,Kharif,2712,16.17,43857.85
Maize,Karnataka,Rabi,1217,29.91,36397.19
Maize,Karnataka,Rabi,3784,25.45,96316.52
Wheat,Punjab,Rabi,4437,25.08,111295.07
Rice,Punjab,Rabi,1563,26.62,41613.48
Soybean,Karnataka,Kharif,3228,19.73,63682.33
Maize,Maharashtra,Rabi,617,29.85,18415.6
Maize,Tamil Nadu,Kharif,3045,33.73,102709.44
Maize,Punjab,Rabi,4217,33.33,140557.31
Rice,Karnataka,Kharif,1392,24.99,34787.95
Cotton,Maharashtra,Rabi,3319,29.51,97959.91
Soybean,Gujarat,Rabi,4491,30.19,135561.04
Soybean,Maharashtra,Kharif,1601,15.32,24520.92
Soybean,Tamil Nadu,Kharif,512,15.63,8001.31
Maize,Tamil Nadu,Kharif,1860,19.17,35653.65
Rice,Punjab,Kharif,2927,22.59,66120.79
Rice,Maharashtra,Kharif,2437,17.31,42175.87
Soybean,Gujarat,Rabi,567,28.8,16329.95
Cotton,Punjab,Rabi,2092,25.8,53971.79
Rice,Punjab,Rabi,3209,21.99,70552.65
Rice,Gujarat,Rabi,2040,16.73,34133.39
Cotton,Tamil Nadu,Rabi,3214,30.75,98834.69
Maize,Karnataka,Rabi,726,25.96,18844.55
Maize,Punjab,Rabi,1055,31.89,33644.72
Rice,Punjab,Kharif,1318,30.91,40738.33
Cotton,Gujarat,Rabi,3434,20.11,69054.25
Cotton,Karnataka,Kharif,1867,22.45,41921.26
Maize,Gujarat,Kharif,1939,26.78,51926.42
Cotton,Gujarat,Rabi,3187,28.42,90564.55
Soybean,Tamil Nadu,Rabi,1079,17.98,19402.23
Rice,Maharashtra,Kharif,3014,16.02,48278.57
Soybean,Maharashtra,Kharif,1992,18.0,35859.4
Cotton,Maharashtra,Kharif,2832,18.44,52213.91
Rice,Maharashtra,Kharif,2858,29.29,83704.6
Soybean,Maharashtra,Rabi,3238,34.38,111331.64
Rice,Karnataka,Rabi,1420,15.71,22302.85
Cotton,Tamil Nadu,Kharif,2618,25.18,65922.16
Wheat,Tamil Nadu,Kharif,2497,15.91,39725.08
Cotton,Tamil Nadu,Kharif,4173,21.66,90403.65
Wheat,Punjab,Rabi,4559,33.96,154840.06
Soybean,Karnataka,Kharif,1667,33.35,55594.77
Wheat,Karnataka,Rabi,4994,30.06,150117.58
Cotton,Gujarat,Rabi,1200,28.72,34459.73
Maize,Karnataka,Rabi,4989,16.26,81113.08
Maize,Tamil Nadu,Kharif,1112,32.4,36033.49
Maize,Maharashtra,Kharif,2892,30.24,87463.5
Soybean,Gujarat,Rabi,2991,25.51,76310.28
Cotton,Punjab,Kharif,2216,34.08,75527.77
Soybean,Tamil Nadu,Kharif,3082,25.03,77133.45
Rice,Gujarat,Kharif,2634,16.15,42551.56
Wheat,Karnataka,Rabi,3669,22.63,83019.27
Cotton,Gujarat,Rabi,4302,30.05,129279.23
Wheat,Tamil Nadu,Kharif,4396,30.91,135877.14
Maize,Karnataka,Kharif,4511,22.1,99690.47
Rice,Karnataka,Rabi,4355,18.77,81726.92
Wheat,Karnataka,Rabi,1728,33.11,57211.79
Wheat,Maharashtra,Rabi,3420,34.12,116684.06
Cotton,Tamil Nadu,Rabi,3811,30.21,115112.01
Cotton,Tamil Nadu,Rabi,2705,32.46,87806.89
Cotton,Gujarat,Kharif,4519,34.99,158132.04
Cotton,Karnataka,Kharif,1492,24.42,36434.85
Soybean,Maharashtra,Kharif,2635,29.11,76717.86
Soybean,Maharashtra,Kharif,3081,34.43,106063.97
Rice,Tamil Nadu,Kharif,3424,29.31,100352.97
Cotton,Tamil Nadu,Kharif,1129,26.72,30169.16
Maize,Gujarat,Rabi,710,17.15,12178.93
Maize,Maharashtra,Rabi,714,30.01,21428.95
Wheat,Gujarat,Kharif,2930,28.51,83525.68
Cotton,Karnataka,Kharif,2376,30.63,72786.96
Soybean,Karnataka,Kharif,2646,32.88,86989.34
Wheat,Tamil Nadu,Rabi,870,20.09,17477.42
Rice,Maharashtra,Rabi,1960,32.2,63106.4
Maize,Tamil Nadu,Kharif,3927,26.48,103978.06
Maize,Gujarat,Kharif,841,24.95,20984.44
Rice,Punjab,Rabi,4254,25.1,106793.63
Wheat,Maharashtra,Rabi,2305,30.22,69664.44
Rice,Maharashtra,Kharif,1233,26.6,32800.42
Wheat,Punjab,Kharif,956,26.86,25681.48
Cotton,Maharashtra,Kharif,1154,17.87,20623.47
Maize,Gujarat,Kharif,4590,23.9,109690.68
Wheat,Tamil Nadu,Rabi,573,20.27,11615.1
Maize,Punjab,Kharif,2511,25.07,62946.52
Soybean,Punjab,Rabi,4876,15.48,75492.15
Rice,Karnataka,Rabi,2601,16.16,42033.96
Rice,Karnataka,Kharif,3159,17.92,56599.69
Rice,Maharashtra,Rabi,3834,21.61,82869.3
Rice,Karnataka,Rabi,1378,25.47,35098.87
Cotton,Gujarat,Rabi,4780,17.82,85196.53
Soybean,Gujarat,Kharif,4257,32.83,139759.26
Soybean,Gujarat,Kharif,1657,31.88,52829.54
Soybean,Karnataka,Kharif,4514,22.9,103389.15
Maize,Maharashtra,Rabi,1872,21.07,39434.76
Rice,Karnataka,Rabi,4699,16.02,75262.0
Soybean,Punjab,Kharif,4117,34.56,142276.7
Wheat,Karnataka,Rabi,4320,19.03,82226.41
Rice,Gujarat,Rabi,2713,17.39,47177.74
Rice,Gujarat,Rabi,3338,17.98,60013.92
Rice,Gujarat,Rabi,2974,24.87,73962.96
Cotton,Gujarat,Rabi,2128,19.73,41988.32
Cotton,Tamil Nadu,Rabi,1315,16.81,22100.16
Wheat,Gujarat,Kharif,4263,19.13,81567.77
Soybean,Punjab,Kharif,660,17.24,11377.92
Cotton,Punjab,Kharif,1456,20.07,29225.38
Maize,Tamil Nadu,Rabi,3656,24.3,88836.48
Cotton,Tamil Nadu,Kharif,1447,16.61,24036.07
Wheat,Tamil Nadu,Rabi,701,21.68,15200.06
Cotton,Karnataka,Kharif,3053,21.4,65336.12
Maize,Maharashtra,Rabi,1610,27.37,44062.66
Rice,Gujarat,Rabi,1470,24.02,35314.31
Maize,Gujarat,Kharif,994,26.74,26574.72
Rice,Punjab,Rabi,3585,19.4,69545.29
Wheat,Karnataka,Kharif,2295,26.05,59790.54
Soybean,Tamil Nadu,Rabi,4658,17.46,81329.18
Cotton,Maharashtra,Kharif,820,33.35,27344.22
Wheat,Maharashtra,Rabi,4098,32.75,134197.53
Wheat,Punjab,Rabi,2871,33.44,96017.82
Soybean,Tamil Nadu,Rabi,4847,31.73,153810.83
Soybean,Gujarat,Kharif,546,34.61,18896.18
Cotton,Karnataka,Kharif,2182,22.44,48964.13
Maize,Karnataka,Kharif,1630,33.81,55112.61
Soybean,Tamil Nadu,Kharif,4198,16.77,70384.16
Rice,Gujarat,Kharif,895,22.25,19916.14
Cotton,Gujarat,Rabi,1465,34.4,50393.35
Soybean,Tamil Nadu,Kharif,3537,16.03,56710.29
Cotton,Karnataka,Rabi,4530,25.38,114987.69
Cotton,Gujarat,Rabi,2808,19.26,54070.81
Maize,Gujarat,Kharif,1956,28.93,56578.35
Rice,Punjab,Rabi,3631,20.99,76213.67
Soybean,Maharashtra,Rabi,1711,18.8,32170.81
Wheat,Gujarat,Rabi,1100,23.56,25921.48
Soybean,Punjab,Kharif,2751,33.17,91247.48
Rice,Maharashtra,Rabi,679,22.73,15433.87
Wheat,Tamil Nadu,Kharif,4827,26.85,129619.03
Cotton,Karnataka,Kharif,2726,19.09,52046.23
Maize,Punjab,Rabi,2687,30.58,82170.91
Maize,Tamil Nadu,Kharif,4189,32.61,136617.65
Rice,Maharashtra,Kharif,1961,21.28,41727.96
Wheat,Karnataka,Kharif,1798,31.6,56817.53
Wheat,Tamil Nadu,Kharif,4767,15.7,74828.46
Rice,Gujarat,Rabi,3308,21.3,70475.71
Maize,Karnataka,Kharif,4025,23.15,93164.58
Rice,Karnataka,Rabi,2245,34.78,78073.25
Cotton,Gujarat,Rabi,1853,21.37,39594.53
Wheat,Maharashtra,Kharif,1211,17.36,21028.93
Soybean,Gujarat,Kharif,1211,33.66,40765.89
Maize,Tamil Nadu,Kharif,2908,34.15,99320.54
Maize,Maharashtra,Kharif,3866,23.79,91963.1
Maize,Maharashtra,Kharif,916,21.23,19447.91
Soybean,Punjab,Kharif,4917,34.73,170758.2
Wheat,Karnataka,Kharif,1972,17.94,35384.73
Soybean,Karnataka,Rabi,598,17.21,10290.34
Cotton,Karnataka,Rabi,508,16.35,8303.86
Soybean,Punjab,Rabi,4053,21.61,87569.57
Soybean,Tamil Nadu,Rabi,2164,20.76,44916.59
Cotton,Karnataka,Kharif,4381,26.88,117751.43
Cotton,Maharashtra,Kharif,1130,17.24,19479.88
Rice,Tamil Nadu,Rabi,2397,34.98,83842.91
Maize,Maharashtra,Kharif,2074,22.7,47087.76
Wheat,Maharashtra,Kharif,2065,18.54,38291.42
Maize,Karnataka,Rabi,3610,18.65,67328.77
Maize,Punjab,Rabi,3561,29.09,103597.81
Soybean,Karnataka,Kharif,4961,26.51,131520.07
Rice,Maharashtra,Rabi,1363,33.43,45558.52
Maize,Tamil Nadu,Rabi,720,29.56,21281.27
Cotton,Gujarat,Kharif,1155,18.72,21620.95
Maize,Gujarat,Kharif,3720,18.93,70411.99
Wheat,Tamil Nadu,Rabi,743,16.77,12458.75
Wheat,Tamil Nadu,Kharif,2203,31.2,68722.75
Cotton,Gujarat,Rabi,4517,21.09,95282.73
Soybean,Karnataka,Kharif,3040,16.4,49859.77
Rice,Maharashtra,Rabi,605,23.64,14302.36
Rice,Punjab,Kharif,4823,15.21,73343.68
Maize,Tamil Nadu,Rabi,2552,30.44,77677.43
Cotton,Gujarat,Kharif,1012,26.12,26435.85
Soybean,Tamil Nadu,Kharif,2574,30.57,78683.03
Cotton,Gujarat,Rabi,3078,26.33,81032.76
Cotton,Maharashtra,Kharif,2698,24.87,67111.12
Maize,Gujarat,Rabi,4990,30.45,151951.56
Rice,Punjab,Rabi,1211,28.84,34924.7
Rice,Karnataka,Kharif,4068,27.99,113866.0
Soybean,Tamil Nadu,Kharif,2705,26.87,72674.88
Wheat,Tamil Nadu,Rabi,2505,21.28,53295.15
Soybean,Punjab,Kharif,3371,28.72,96808.19
Rice,Maharashtra,Rabi,1526,15.09,23029.16
Wheat,Punjab,Rabi,3553,26.34,93582.17
Soybean,Tamil Nadu,Kharif,657,16.16,10619.64
Rice,Gujarat,Kharif,1287,26.56,34184.87
Cotton,Punjab,Kharif,724,17.22,12468.68
Soybean,Gujarat,Kharif,4583,29.0,132924.79
Soybean,Tamil Nadu,Kharif,965,24.79,23927.04
Maize,Maharashtra,Kharif,2174,31.66,68824.51
Soybean,Punjab,Rabi,3146,17.22,54174.66
Soybean,Karnataka,Kharif,3243,30.53,99003.44
Soybean,Tamil Nadu,Rabi,703,22.88,16082.92
Wheat,Gujarat,Kharif,2773,20.67,57318.61
Cotton,Gujarat,Kharif,2067,20.64,42661.56
Rice,Punjab,Rabi,3357,17.6,59072.06
Wheat,Punjab,Rabi,4133,26.46,109378.03
Maize,Tamil Nadu,Rabi,1660,18.5,30714.69
Wheat,Karnataka,Kharif,543,25.97,14104.2
Maize,Karnataka,Kharif,2242,25.73,57679.6
Soybean,Tamil Nadu,Kharif,2659,15.21,40436.69
Cotton,Gujarat,Rabi,4454,29.05,129407.83
Wheat,Tamil Nadu,Kharif,2405,33.87,81461.81
Wheat,Gujarat,Rabi,2407,21.2,51031.72
Soybean,Tamil Nadu,Rabi,3887,15.71,61077.43
Wheat,Maharashtra,Rabi,543,34.93,18967.34
Rice,Tamil Nadu,Kharif,761,25.68,19539.22
Maize,Karnataka,Kharif,1532,26.54,40653.81
Rice,Karnataka,Rabi,638,21.78,13894.35
Soybean,Punjab,Rabi,1562,20.21,31570.81
Maize,Maharashtra,Rabi,1471,23.68,34829.28
Maize,Maharashtra,Kharif,2123,15.23,32338.38
Soybean,Tamil Nadu,Kharif,4596,20.34,93482.97
Rice,Tamil Nadu,Rabi,622,34.11,21214.25
Wheat,Karnataka,Kharif,1859,16.18,30073.64
Soybean,Karnataka,Rabi,2549,26.06,66414.89
Maize,Tamil Nadu,Rabi,4610,31.91,147097.7
Maize,Karnataka,Kharif,2801,15.65,43831.31
Cotton,Karnataka,Kharif,875,17.39,15212.6
Cotton,Gujarat,Kharif,3313,31.56,104572.03
Soybean,Tamil Nadu,Kharif,3160,22.12,69913.56
Maize,Maharashtra,Rabi,1559,27.57,42980.87
Maize,Gujarat,Kharif,4772,25.34,120905.47
Soybean,Karnataka,Kharif,1721,21.91,37700.18
Maize,Gujarat,Kharif,2930,16.52,48399.08
Maize,Tamil Nadu,Rabi,1660,20.29,33687.68
Soybean,Maharashtra,Kharif,847,32.95,27909.0
Maize,Gujarat,Rabi,4975,17.85,88791.06
Maize,Tamil Nadu,Kharif,2784,31.5,87692.63
Wheat,Gujarat,Kharif,1338,32.76,43835.8
Wheat,Karnataka,Rabi,2083,28.1,58522.88
Rice,Karnataka,Rabi,1872,18.05,33794.96
Cotton,Tamil Nadu,Rabi,2326,17.03,39607.74
Soybean,Punjab,Rabi,4562,16.48,75187.89
Maize,Maharashtra,Rabi,4703,24.9,117081.3
Soybean,Maharashtra,Kharif,4905,15.84,77708.17
Rice,Gujarat,Kharif,2817,20.54,57848.02
Maize,Gujarat,Rabi,4149,23.84,98922.39
Cotton,Gujarat,Rabi,3114,18.26,56873.47
Rice,Karnataka,Kharif,1291,21.04,27158.05
Maize,Tamil Nadu,Rabi,1531,34.11,52215.92
Maize,Gujarat,Rabi,1345,28.93,38907.02
Wheat,Karnataka,Kharif,2457,23.78,58425.88
Cotton,Maharashtra,Rabi,4779,25.5,121885.8
Cotton,Karnataka,Rabi,2962,34.95,103529.15
Rice,Maharashtra,Kharif,3995,34.58,138134.08
Cotton,Punjab,Kharif,2808,26.08,73221.87
Maize,Gujarat,Rabi,4443,22.93,101862.8
Soybean,Karnataka,Rabi,1997,24.56,49050.83
Rice,Gujarat,Rabi,4241,32.88,139424.45
Wheat,Punjab,Rabi,2309,19.58,45215.03
Soybean,Tamil Nadu,Rabi,3991,27.55,109934.6
Rice,Karnataka,Kharif,1009,31.47,31749.57
Cotton,Maharashtra,Kharif,3489,27.07,94431.51
Cotton,Punjab,Kharif,948,17.06,16172.48
Maize,Tamil Nadu,Rabi,2288,20.55,47025.4
Cotton,Tamil Nadu,Kharif,2736,25.61,70072.32
Cotton,Tamil Nadu,Rabi,1300,23.3,30284.61
Rice,Gujarat,Kharif,3990,31.23,124624.13
Wheat,Gujarat,Kharif,1723,23.87,41123.79
Wheat,Karnataka,Kharif,4397,34.84,153209.59
Maize,Karnataka,Kharif,2163,24.73,53484.75
Cotton,Karnataka,Kharif,4409,20.89,92111.1
Soybean,Punjab,Kharif,1789,19.07,34121.32
Maize,Maharashtra,Rabi,1133,25.67,29082.64
Wheat,Tamil Nadu,Kharif,3250,34.16,111024.16
Wheat,Gujarat,Rabi,2668,16.05,42834.7
Soybean,Maharashtra,Rabi,1979,30.97,61287.73
Cotton,Karnataka,Kharif,3544,23.4,82930.31
Cotton,Tamil Nadu,Kharif,4787,23.39,111983.38
Wheat,Gujarat,Kharif,2786,17.26,48098.41
Soybean,Punjab,Rabi,2268,23.43,53143.2
Cotton,Tamil Nadu,Kharif,1852,26.16,48454.33
Soybean,Tamil Nadu,Rabi,2246,25.49,57261.39
Rice,Gujarat,Kharif,4970,31.48,156462.74
Soybean,Karnataka,Kharif,2927,17.46,51108.81
Soybean,Maharashtra,Rabi,2098,27.41,57510.01
Cotton,Gujarat,Kharif,2280,32.44,73967.35
Wheat,Punjab,Kharif,3104,27.68,85925.45
Cotton,Maharashtra,Kharif,3803,24.74,94102.4
Rice,Punjab,Kharif,3927,31.21,122555.92
Maize,Karnataka,Kharif,1735,20.75,35996.56
Cotton,Gujarat,Rabi,1037,22.69,23530.36
Rice,Maharashtra,Rabi,1222,20.06,24511.82
Maize,Gujarat,Rabi,2145,29.28,62806.23
Soybean,Punjab,Kharif,2871,25.89,74333.42
Soybean,Punjab,Rabi,2492,18.64,46460.88
Maize,Gujarat,Rabi,4702,17.03,80082.66
Soybean,Gujarat,Rabi,2289,34.27,78453.37
Wheat,Karnataka,Kharif,3095,29.69,91889.92
Cotton,Tamil Nadu,Kharif,2936,25.7,75444.21
Wheat,Punjab,Kharif,3013,34.49,103926.52
Cotton,Maharashtra,Rabi,3668,28.95,106187.98
Rice,Karnataka,Rabi,3673,28.48,104615.8
Cotton,Gujarat,Rabi,2352,23.37,54960.26
Maize,Karnataka,Kharif,3577,16.25,58138.8
Wheat,Karnataka,Rabi,1077,25.7,27684.27
Cotton,Karnataka,Rabi,1880,17.99,33819.33
Maize,Karnataka,Kharif,3494,31.76,110956.68
Rice,Punjab,Rabi,1270,16.08,20425.52
Rice,Tamil Nadu,Kharif,4397,25.7,113022.66
Soybean,Karnataka,Kharif,793,31.88,25278.09
Soybean,Punjab,Rabi,1825,18.35,33481.69
Rice,Gujarat,Kharif,3570,16.55,59093.68
Cotton,Punjab,Rabi,3391,32.81,111266.47
Cotton,Maharashtra,Rabi,3874,17.66,68397.65
Soybean,Gujarat,Rabi,4852,29.16,141480.7
Cotton,Gujarat,Kharif,2229,34.23,76288.2
Maize,Maharashtra,Rabi,4706,17.72,83375.79
Wheat,Gujarat,Rabi,3730,18.71,69784.28
Maize,Maharashtra,Rabi,2618,17.31,45306.13
Rice,Karnataka,Rabi,3014,30.31,91362.77
Rice,Gujarat,Rabi,4539,30.21,137135.5
Rice,Gujarat,Kharif,3497,27.08,94714.79
Soybean,Karnataka,Kharif,2371,16.45,39012.22
Cotton,Karnataka,Kharif,2392,33.97,81263.35
Rice,Tamil Nadu,Rabi,1033,16.31,16847.73
Rice,Punjab,Kharif,3353,20.75,69590.97
Rice,Karnataka,Rabi,2104,19.15,40285.49
Cotton,Punjab,Rabi,4254,22.32,94936.4
Rice,Maharashtra,Rabi,4340,16.45,71387.46
Maize,Gujarat,Kharif,2199,27.36,60158.34
Rice,Gujarat,Rabi,4666,25.64,119618.01
Maize,Tamil Nadu,Kharif,4719,29.49,139151.92
Wheat,Tamil Nadu,Kharif,2400,26.88,64521.15
Maize,Karnataka,Rabi,1592,33.15,52781.07
Maize,Karnataka,Rabi,4792,17.68,84719.46
Soybean,Maharashtra,Kharif,4222,33.67,142141.16
Rice,Tamil Nadu,Kharif,854,20.33,17359.39
Wheat,Tamil Nadu,Kharif,4213,22.3,93951.06
Rice,Karnataka,Rabi,4735,21.9,103679.92
Wheat,Maharashtra,Kharif,3460,20.06,69392.67
Cotton,Karnataka,Kharif,3529,24.42,86179.7
Rice,Punjab,Kharif,3954,29.17,115330.54
Maize,Maharashtra,Rabi,2145,15.19,32576.76
Maize,Punjab,Rabi,1499,15.94,23895.78
Cotton,Karnataka,Kharif,2741,15.2,41676.77
Soybean,Karnataka,Rabi,4054,24.89,100903.7
Soybean,Maharashtra,Kharif,3611,33.14,119662.5
Soybean,Maharashtra,Kharif,1119,31.69,35465.69
Rice,Maharashtra,Rabi,2288,26.88,61509.48
Wheat,Maharashtra,Rabi,1428,20.13,28748.1
Cotton,Karnataka,Rabi,3275,31.6,103501.14
Maize,Karnataka,Kharif,1959,24.42,47832.68
Cotton,Tamil Nadu,Rabi,2511,21.84,54850.68
Soybean,Tamil Nadu,Kharif,3376,33.78,114050.45
Maize,Karnataka,Rabi,3679,20.74,76289.84
Rice,Tamil Nadu,Rabi,3439,21.79,74946.25
Rice,Punjab,Kharif,1665,24.52,40830.97
Maize,Punjab,Rabi,1831,29.09,53272.02
Maize,Punjab,Kharif,526,34.5,18146.37
Rice,Punjab,Rabi,2618,30.58,80051.15
Cotton,Gujarat,Rabi,3338,34.49,115117.19
Maize,Punjab,Rabi,1942,20.23,39284.34
Wheat,Punjab,Kharif,2254,20.47,46141.41
Maize,Punjab,Rabi,1290,23.13,29840.66
Cotton,Gujarat,Kharif,1448,21.98,31823.74
Maize,Karnataka,Rabi,3439,16.59,57049.0
Cotton,Tamil Nadu,Rabi,2889,23.21,67049.94
Wheat,Punjab,Kharif,2786,19.07,53127.16
Wheat,Tamil Nadu,Kharif,3651,17.5,63884.41
Cotton,Tamil Nadu,Rabi,3377,34.16,115374.85
Wheat,Gujarat,Rabi,2391,22.13,52906.38
Soybean,Punjab,Rabi,3302,30.31,100087.34
Rice,Punjab,Rabi,1966,29.8,58578.26
Cotton,Gujarat,Kharif,3337,26.13,87188.52
Soybean,Punjab,Kharif,4262,33.41,142397.55
Maize,Gujarat,Rabi,2532,31.3,79246.91
Soybean,Gujarat,Kharif,985,31.48,31007.61
Rice,Punjab,Kharif,2701,19.87,53663.02
Rice,Maharashtra,Rabi,1758,26.3,46233.37
Maize,Tamil Nadu,Kharif,3949,24.26,95787.95
Soybean,Gujarat,Rabi,4591,27.65,126930.3
Soybean,Karnataka,Rabi,4595,17.36,79765.43
Rice,Karnataka,Rabi,4318,25.75,111191.18
Rice,Karnataka,Rabi,1134,18.53,21012.0
Wheat,Punjab,Kharif,4843,18.4,89132.09
Soybean,Tamil Nadu,Rabi,1030,18.4,18951.06
Maize,Punjab,Rabi,3520,17.4,61235.1
Cotton,Maharashtra,Kharif,3952,27.59,109042.21
Soybean,Punjab,Rabi,4664,28.36,132280.53
Cotton,Punjab,Rabi,1732,24.38,42218.85
Rice,Tamil Nadu,Kharif,531,25.47,13525.02
Cotton,Tamil Nadu,Rabi,1509,26.21,39554.21
Maize,Punjab,Kharif,4348,30.13,131017.64
Soybean,Karnataka,Rabi,1876,17.33,32515.01
Soybean,Gujarat,Rabi,1833,16.33,29936.01
Soybean,Gujarat,Kharif,3498,21.27,74410.23
Rice,Punjab,Rabi,3061,22.3,68252.61
Rice,Gujarat,Kharif,4611,26.38,121616.56
Maize,Gujarat,Rabi,2607,22.23,57950.91
Wheat,Gujarat,Kharif,3750,15.56,58341.38
Maize,Gujarat,Rabi,3429,33.37,114433.79
Maize,Punjab,Kharif,3664,32.95,120718.51
Maize,Gujarat,Rabi,2436,18.2,44343.83
Maize,Karnataka,Rabi,745,32.39,24129.52
Rice,Gujarat,Rabi,2797,19.16,53594.76
Maize,Tamil Nadu,Rabi,3578,26.19,93697.91
Rice,Tamil Nadu,Kharif,3397,24.8,84237.48
Cotton,Maharashtra,Rabi,3327,22.93,76277.45
Rice,Karnataka,Rabi,2107,24.24,51079.05
Rice,Karnataka,Kharif,3935,21.73,85522.04
Maize,Karnataka,Kharif,3888,19.6,76192.53
Rice,Tamil Nadu,Kharif,2436,26.13,63664.07
Maize,Tamil Nadu,Kharif,4589,33.82,155187.59
Soybean,Gujarat,Rabi,1970,26.97,53121.35
Cotton,Tamil Nadu,Rabi,1680,18.76,31508.63
Cotton,Maharashtra,Kharif,2753,23.21,63899.28
Maize,Punjab,Rabi,4603,24.36,112125.01
Maize,Tamil Nadu,Rabi,603,16.03,9666.86
Cotton,Punjab,Kharif,4906,29.5,144740.7
Wheat,Maharashtra,Rabi,606,22.99,13929.12
Soybean,Gujarat,Rabi,1142,23.34,26658.74
Rice,Gujarat,Kharif,576,17.86,10287.5
Maize,Karnataka,Rabi,4322,18.37,79376.47
Wheat,Punjab,Kharif,4455,26.36,117442.69
Wheat,Punjab,Kharif,2622,17.16,45002.97
Wheat,Gujarat,Rabi,2961,25.58,75746.97
Rice,Maharashtra,Rabi,2284,21.39,48854.26
Soybean,Tamil Nadu,Rabi,4494,27.39,123071.0
Wheat,Tamil Nadu,Rabi,1191,26.98,32132.93
Maize,Maharashtra,Rabi,4237,29.51,125032.02
Wheat,Tamil Nadu,Kharif,982,33.19,32594.87
Cotton,Tamil Nadu,Kharif,2910,28.55,83068.97
Wheat,Maharashtra,Kharif,2115,34.89,73795.18
Maize,Punjab,Kharif,1070,20.93,22400.35
Maize,Punjab,Rabi,1420,19.29,27388.76
Soybean,Tamil Nadu,Kharif,2346,26.7,62630.85
Maize,Punjab,Kharif,3759,21.2,79684.52
Rice,Tamil Nadu,Kharif,2530,27.79,70308.47
Rice,Karnataka,Kharif,3027,22.94,69430.61
Wheat,Tamil Nadu,Rabi,3450,23.39,80706.17
Wheat,Punjab,Kharif,4403,28.18,124080.17
Wheat,Tamil Nadu,Rabi,1714,26.15,44822.04
Maize,Gujarat,Kharif,1758,24.64,43308.65
Cotton,Tamil Nadu,Rabi,1070,15.64,16739.39
Rice,Tamil Nadu,Kharif,3977,34.65,137820.39
Cotton,Karnataka,Kharif,4421,22.55,99702.46
Wheat,Punjab,Rabi,1879,21.87,41096.87
Maize,Karnataka,Rabi,2393,27.77,66449.18
Cotton,Tamil Nadu,Rabi,4108,18.92,77742.25
Wheat,Tamil Nadu,Kharif,914,29.37,26841.52
Rice,Maharashtra,Kharif,2619,18.9,49511.37
Soybean,Gujarat,Kharif,2967,32.25,95679.74
Wheat,Gujarat,Kharif,4053,15.54,62986.85
Maize,Punjab,Kharif,3544,32.4,114840.95
Maize,Punjab,Kharif,551,25.49,14043.81
Soybean,Karnataka,Kharif,1938,28.95,56101.61
Soybean,Maharashtra,Kharif,4976,33.22,165305.35
Wheat,Gujarat,Rabi,1533,32.42,49701.11
Cotton,Gujarat,Rabi,4100,31.22,127987.0
Maize,Gujarat,Kharif,3695,26.57,98158.44
Maize,Maharashtra,Kharif,4952,27.46,135985.67
Maize,Tamil Nadu,Rabi,3497,33.04,115531.98
Soybean,Maharashtra,Rabi,2037,18.13,36937.7
Maize,Maharashtra,Kharif,1155,20.2,23327.29
Cotton,Tamil Nadu,Rabi,4737,21.51,101910.57
Maize,Tamil Nadu,Kharif,3013,26.82,80818.42
Cotton,Gujarat,Rabi,2646,25.81,68297.26
Maize,Karnataka,Rabi,1642,20.47,33605.13
Wheat,Karnataka,Rabi,3067,21.13,64814.7
Cotton,Punjab,Rabi,3847,18.04,69399.18
Soybean,Maharashtra,Rabi,1789,34.55,61812.25
Wheat,Tamil Nadu,Rabi,3115,17.2,53587.0
Rice,Maharashtra,Rabi,1819,23.37,42515.52
Maize,Maharashtra,Kharif,851,17.35,14768.18
Cotton,Gujarat,Kharif,3821,15.88,60693.14
Wheat,Punjab,Rabi,1125,25.45,28635.66
Rice,Maharashtra,Rabi,1049,32.12,33696.29
Rice,Punjab,Rabi,1388,19.56,27155.1
Cotton,Punjab,Kharif,1985,15.65,31062.05
Soybean,Gujarat,Kharif,2334,26.85,62662.31
Maize,Tamil Nadu,Rabi,4955,27.76,137575.46
Rice,Tamil Nadu,Rabi,960,30.24,29027.07
Wheat,Punjab,Kharif,3352,31.43,105366.7
Maize,Karnataka,Rabi,2697,15.56,41971.7
Soybean,Punjab,Kharif,4527,15.3,69279.24
Wheat,Maharashtra,Kharif,4414,22.75,100428.02
Wheat,Punjab,Kharif,1821,28.43,51773.19
Rice,Tamil Nadu,Kharif,519,33.03,17141.62
Maize,Karnataka,Kharif,2312,31.41,72613.04
Cotton,Punjab,Kharif,4934,33.52,165371.59
Soybean,Punjab,Rabi,4468,29.32,130997.86
Wheat,Punjab,Kharif,4515,30.39,137218.08
Wheat,Tamil Nadu,Kharif,4340,16.9,73350.55
Rice,Karnataka,Kharif,3697,32.66,120756.03
Rice,Tamil Nadu,Kharif,2408,30.21,72754.87
Cotton,Maharashtra,Kharif,2642,34.69,91647.2
Rice,Karnataka,Rabi,3903,27.02,105478.46
Rice,Karnataka,Kharif,853,17.31,14768.97
Wheat,Punjab,Kharif,3524,24.45,86157.66
Maize,Tamil Nadu,Rabi,1234,22.56,27842.14
Maize,Gujarat,Rabi,3520,27.7,97496.17
Maize,Gujarat,Kharif,870,17.99,15654.42
Wheat,Gujarat,Rabi,3837,34.83,133635.6
Maize,Karnataka,Rabi,3730,19.43,72460.36
Rice,Punjab,Kharif,1742,32.64,56863.49
Rice,Punjab,Rabi,4508,30.08,135584.0
Soybean,Tamil Nadu,Rabi,945,33.23,31406.58
Maize,Karnataka,Kharif,4809,21.79,104767.15
Rice,Tamil Nadu,Rabi,1195,34.62,41375.13
Wheat,Karnataka,Rabi,3138,25.99,81564.71
Maize,Gujarat,Kharif,2570,19.45,49975.47
Cotton,Karnataka,Rabi,1217,29.43,35815.24
Maize,Maharashtra,Kharif,3040,30.4,92408.81
Rice,Karnataka,Kharif,869,27.17,23612.15
Rice,Karnataka,Rabi,3753,20.62,77402.08
Maize,Tamil Nadu,Kharif,2754,20.53,56545.99
Wheat,Maharashtra,Rabi,1943,25.56,49668.54
Soybean,Tamil Nadu,Kharif,2438,29.26,71324.39
Rice,Punjab,Kharif,4657,22.37,104180.65
Maize,Gujarat,Kharif,3737,18.45,68943.43
Cotton,Maharashtra,Kharif,2397,25.91,62101.62
Wheat,Tamil Nadu,Rabi,980,34.73,34036.0
Cotton,Karnataka,Kharif,2314,33.25,76946.74
Maize,Punjab,Kharif,1026,30.48,31268.28
Soybean,Karnataka,Rabi,1993,26.02,51866.56
Maize,Punjab,Rabi,4744,16.18,76736.39
Rice,Tamil Nadu,Rabi,1020,32.66,33310.72
Soybean,Tamil Nadu,Rabi,710,27.93,19830.25
Maize,Maharashtra,Rabi,1458,19.44,28347.27
Wheat,Maharashtra,Rabi,750,15.46,11597.96
Wheat,Punjab,Kharif,4219,28.82,121611.23
Wheat,Punjab,Rabi,895,29.94,26796.32
Cotton,Tamil Nadu,Kharif,915,21.94,20078.49
Maize,Karnataka,Rabi,1575,32.1,50563.19
Wheat,Punjab,Kharif,552,31.82,17565.24
Maize,Punjab,Kharif,2591,31.57,81789.36
Wheat,Punjab,Kharif,3179,28.27,89869.98
Rice,Maharashtra,Rabi,941,23.94,22524.47
Soybean,Gujarat,Kharif,2512,19.25,48347.37
Rice,Karnataka,Rabi,1080,17.15,18518.71
Maize,Maharashtra,Kharif,4233,21.44,90776.14
Maize,Karnataka,Rabi,4231,24.13,102098.98
Rice,Gujarat,Rabi,4368,19.47,85041.32
Maize,Gujarat,Kharif,1640,17.39,28522.09
Rice,Karnataka,Kharif,4494,17.17,77147.2
Rice,Gujarat,Rabi,4104,33.11,135893.26
Maize,Karnataka,Kharif,4074,31.26,127362.68
Soybean,Punjab,Rabi,1781,26.34,46916.56
Soybean,Tamil Nadu,Kharif,4079,24.67,100636.74
Soybean,Tamil Nadu,Kharif,4641,26.44,122690.79
Rice,Gujarat,Kharif,1494,19.99,29865.15
Cotton,Maharashtra,Rabi,1259,31.25,39343.14
Rice,Gujarat,Rabi,2394,25.34,60673.92
Maize,Karnataka,Kharif,2632,22.99,60521.59
Rice,Gujarat,Rabi,4608,28.03,129182.77
Cotton,Maharashtra,Kharif,4814,28.59,137640.5
Soybean,Punjab,Kharif,3924,18.43,72310.1
Wheat,Tamil Nadu,Kharif,615,34.97,21508.36
Wheat,Gujarat,Kharif,2516,16.4,41261.14
Cotton,Karnataka,Rabi,1976,17.79,35155.24
Cotton,Maharashtra,Rabi,4310,17.25,74343.54
Maize,Karnataka,Rabi,2349,26.87,63120.64
Cotton,Karnataka,Rabi,2654,15.84,42026.95
Rice,Gujarat,Kharif,3813,25.2,96069.27
Rice,Maharashtra,Kharif,1077,27.73,29862.33
Soybean,Gujarat,Rabi,3748,32.04,120084.05
Wheat,Maharashtra,Rabi,3397,20.92,71053.09
Rice,Gujarat,Rabi,3751,18.11,67915.65
Rice,Tamil Nadu,Rabi,1781,34.23,60956.88
Cotton,Gujarat,Rabi,638,29.59,18878.69
Wheat,Gujarat,Kharif,1419,20.96,29745.33
Cotton,Gujarat,Rabi,3800,29.61,112523.56
Maize,Maharashtra,Rabi,2330,32.91,76677.34
Soybean,Maharashtra,Rabi,4606,15.52,71482.43
Cotton,Gujarat,Kharif,989,21.6,21360.25
Rice,Maharashtra,Kharif,1904,27.71,52755.56
Rice,Punjab,Kharif,3346,24.52,82035.27
Cotton,Maharashtra,Kharif,1857,31.45,58398.75
Maize,Tamil Nadu,Rabi,2311,24.42,56429.71
Soybean,Karnataka,Kharif,3691,30.31,111879.98
Soybean,Maharashtra,Rabi,2045,27.05,55316.39
Maize,Maharashtra,Rabi,2299,19.63,45127.26
Wheat,Punjab,Kharif,4648,26.61,123689.78
Wheat,Gujarat,Rabi,4548,19.85,90272.71
Rice,Karnataka,Kharif,4919,33.32,163881.76
Rice,Maharashtra,Kharif,1758,34.38,60431.26
Soybean,Gujarat,Rabi,1414,29.94,42329.06
Cotton,Punjab,Kharif,3096,25.81,79914.65
Wheat,Punjab,Kharif,1600,15.17,24264.18
Maize,Tamil Nadu,Kharif,2801,28.11,78739.56
Wheat,Punjab,Rabi,982,32.73,32140.67
Cotton,Gujarat,Kharif,690,32.63,22517.03
Rice,Karnataka,Rabi,4264,27.0,115135.12
Rice,Karnataka,Rabi,4962,29.34,145572.47
Maize,Maharashtra,Rabi,4050,21.16,85693.74
Cotton,Gujarat,Rabi,2776,15.99,44389.51
Soybean,Maharashtra,Kharif,1934,23.13,44742.2
Soybean,Karnataka,Rabi,3603,25.75,92762.3
Soybean,Karnataka,Rabi,2983,15.03,44842.22
Maize,Gujarat,Rabi,2302,25.91,59644.14
Wheat,Tamil Nadu,Kharif,4950,25.6,126703.09
Wheat,Tamil Nadu,Rabi,3937,29.63,116667.19
Rice,Karnataka,Kharif,891,16.77,14938.75
Soybean,Tamil Nadu,Rabi,898,16.87,15150.28
Soybean,Karnataka,Kharif,1853,29.2,54103.39
Cotton,Maharashtra,Kharif,1611,24.71,39811.27
Cotton,Karnataka,Rabi,4803,15.19,72936.89
Maize,Karnataka,Rabi,1682,28.26,47528.3
Maize,Gujarat,Kharif,4295,28.7,123277.39
Soybean,Karnataka,Kharif,2200,23.78,52312.26
Rice,Tamil Nadu,Kharif,2415,21.75,52520.49
Maize,Gujarat,Kharif,589,17.94,10567.83
Maize,Maharashtra,Kharif,2190,26.39,57784.3
Cotton,Gujarat,Rabi,2377,28.8,68459.32
Rice,Gujarat,Rabi,2356,34.36,80961.82
Cotton,Karnataka,Kharif,4111,30.95,127241.71
Maize,Gujarat,Kharif,2250,21.02,47304.88
Cotton,Maharashtra,Kharif,4745,16.11,76428.95
Soybean,Punjab,Kharif,4857,23.92,116163.44
Maize,Punjab,Kharif,4367,20.59,89937.57
Rice,Tamil Nadu,Rabi,2291,23.26,53280.32
Wheat,Gujarat,Kharif,4149,31.54,130871.75
Cotton,Punjab,Kharif,4386,27.87,122240.56
Rice,Tamil Nadu,Rabi,972,24.45,23761.41
Cotton,Maharashtra,Kharif,2758,34.84,96100.23
Rice,Maharashtra,Kharif,1899,29.69,56390.33
Rice,Tamil Nadu,Kharif,3893,25.34,98634.27
Cotton,Tamil Nadu,Kharif,1324,30.82,40805.91
Maize,Tamil Nadu,Rabi,776,23.07,17906.18
Wheat,Punjab,Kharif,2327,22.3,51898.71
Rice,Maharashtra,Rabi,3869,33.45,129428.11
Rice,Punjab,Rabi,4748,15.42,73224.46
Cotton,Maharashtra,Rabi,3805,16.45,62590.36
Cotton,Maharashtra,Rabi,4753,24.31,115527.18
Wheat,Tamil Nadu,Rabi,980,25.26,24756.19
Soybean,Gujarat,Rabi,4355,21.86,95204.57
Soybean,Maharashtra,Rabi,535,18.36,9821.96
Rice,Karnataka,Rabi,2297,25.7,59022.52
Maize,Tamil Nadu,Kharif,2579,29.73,76663.9
Soybean,Gujarat,Rabi,3594,21.56,77488.08
Wheat,Karnataka,Kharif,3538,24.94,88248.7
Maize,Karnataka,Kharif,1614,22.89,36950.21
Maize,Gujarat,Kharif,1193,22.19,26470.64
Soybean,Tamil Nadu,Kharif,1376,29.03,39946.29
Cotton,Punjab,Rabi,3352,34.37,115211.67
Rice,Karnataka,Rabi,2473,33.47,82779.17
Cotton,Maharashtra,Rabi,2665,19.55,52111.01
Wheat,Maharashtra,Rabi,3464,17.19,59556.23
Cotton,Maharashtra,Rabi,876,15.32,13416.21
Maize,Punjab,Kharif,3069,25.0,76737.61
Soybean,Maharashtra,Kharif,1993,23.76,47362.88
Rice,Maharashtra,Rabi,1413,30.66,43325.46
Rice,Karnataka,Rabi,4547,20.01,90988.58
Rice,Gujarat,Rabi,2391,21.22,50743.59
Cotton,Maharashtra,Kharif,3562,20.47,72908.77
Cotton,Karnataka,Kharif,2439,16.64,40594.63
Maize,Maharashtra,Rabi,3541,28.6,101280.96
Cotton,Maharashtra,Rabi,2016,32.11,64740.08
Soybean,Punjab,Kharif,932,34.13,31810.12
Soybean,Gujarat,Kharif,1769,27.04,47825.08
Cotton,Tamil Nadu,Rabi,3879,18.56,71998.51
Soybean,Maharashtra,Rabi,3476,33.59,116769.75
Soybean,Punjab,Kharif,2426,15.29,37093.23
Soybean,Gujarat,Rabi,3615,22.07,79777.21
Cotton,Punjab,Rabi,4000,33.5,133990.36
Wheat,Karnataka,Rabi,3577,15.93,56998.22
Soybean,Gujarat,Rabi,1560,32.78,51144.14
Cotton,Karnataka,Rabi,2081,20.52,42702.19
Soybean,Karnataka,Rabi,4918,16.9,83111.14
Soybean,Gujarat,Rabi,3075,26.85,82566.42
Rice,Karnataka,Rabi,903,31.4,28356.88
Maize,Gujarat,Rabi,3655,20.04,73248.59
Cotton,Karnataka,Kharif,1008,15.32,15443.63
Wheat,Tamil Nadu,Rabi,1462,27.87,40752.65
Cotton,Punjab,Kharif,3097,30.0,92895.83
Rice,Tamil Nadu,Rabi,2850,21.64,61663.36
Rice,Maharashtra,Rabi,1410,28.66,40413.56
Rice,Punjab,Kharif,1153,27.48,31678.92
Rice,Karnataka,Rabi,1418,33.98,48189.43
Maize,Karnataka,Kharif,2308,27.72,63972.98
Cotton,Tamil Nadu,Kharif,1952,18.34,35808.96
Maize,Punjab,Kharif,1005,29.98,30131.41
Wheat,Tamil Nadu,Kharif,2535,16.5,41824.68
Rice,Karnataka,Rabi,3347,19.41,64970.56
Cotton,Maharashtra,Rabi,3076,33.16,102001.26
Cotton,Maharashtra,Kharif,3084,27.47,84729.09
Cotton,Gujarat,Kharif,1930,32.41,62548.15
Rice,Tamil Nadu,Kharif,548,25.01,13705.84
Soybean,Karnataka,Kharif,1591,34.99,55676.97
Soybean,Maharashtra,Kharif,4278,28.51,121946.47
Maize,Punjab,Kharif,2775,30.98,85982.33
Maize,Punjab,Kharif,2360,33.96,80138.3
Wheat,Maharashtra,Kharif,1371,22.77,31216.15
Cotton,Tamil Nadu,Kharif,4135,20.46,84600.22
Wheat,Tamil Nadu,Rabi,4586,27.56,126410.38
Cotton,Tamil Nadu,Rabi,2460,20.43,50253.97
Rice,Tamil Nadu,Rabi,3385,24.75,83778.42
Soybean,Maharashtra,Rabi,3253,29.76,96824.0
Maize,Karnataka,Rabi,2567,17.92,46001.77
Maize,Punjab,Rabi,4396,24.87,109310.9
Rice,Maharashtra,Rabi,4175,18.06,75411.57
Cotton,Gujarat,Kharif,1148,34.18,39234.62
Soybean,Punjab,Rabi,3203,16.41,52564.71
Rice,Karnataka,Rabi,3798,17.6,66830.3
Maize,Gujarat,Rabi,3377,16.24,54840.27
Rice,Gujarat,Kharif,954,17.37,16573.22
Soybean,Punjab,Rabi,4133,15.46,63914.64
Wheat,Karnataka,Rabi,3760,32.92,123785.66
Soybean,Maharashtra,Rabi,2662,21.27,56624.32
Soybean,Punjab,Rabi,3164,16.73,52943.1
Rice,Punjab,Rabi,3202,31.89,102099.79
Rice,Punjab,Kharif,4608,30.45,140314.22
Maize,Gujarat,Kharif,3785,30.17,114185.93
Maize,Maharashtra,Rabi,1511,32.89,49700.02
Soybean,Gujarat,Rabi,2670,19.89,53093.02
Rice,Maharashtra,Kharif,3042,19.31,58735.38
Rice,Punjab,Kharif,4011,28.46,114151.04
Cotton,Gujarat,Rabi,4120,15.55,64056.15
Cotton,Gujarat,Rabi,1274,15.37,19575.67
Soybean,Tamil Nadu,Kharif,1779,34.07,60610.16
Maize,Tamil Nadu,Rabi,3275,26.36,86332.4
Maize,Punjab,Kharif,3146,32.76,103075.87
Cotton,Tamil Nadu,Kharif,3162,31.71,100280.17
Cotton,Maharashtra,Rabi,1020,27.61,28163.94
Rice,Maharashtra,Kharif,2429,15.99,38847.93
Cotton,Tamil Nadu,Kharif,1895,26.83,50833.45
Soybean,Punjab,Kharif,671,18.95,12714.34
Cotton,Karnataka,Kharif,4793,23.74,113778.74
Cotton,Gujarat,Kharif,3784,17.15,64910.19
Soybean,Maharashtra,Rabi,3053,24.66,75294.57
Wheat,Karnataka,Kharif,4362,18.29,79765.18
Rice,Maharashtra,Kharif,4535,21.04,95401.08
Rice,Maharashtra,Kharif,765,21.77,16652.02
Cotton,Maharashtra,Rabi,2984,16.27,48543.87
Soybean,Tamil Nadu,Rabi,4871,34.87,169855.95
Rice,Punjab,Kharif,4709,19.54,91994.67
Cotton,Tamil Nadu,Kharif,1548,20.68,32006.47
Wheat,Gujarat,Rabi,2046,34.68,70953.88
Maize,Karnataka,Rabi,4632,15.14,70115.0
Maize,Punjab,Rabi,755,26.21,19788.81
Soybean,Tamil Nadu,Rabi,766,33.76,25863.67
Wheat,Gujarat,Kharif,4581,24.98,114435.07
Cotton,Gujarat,Kharif,1059,17.55,18587.53
Cotton,Gujarat,Kharif,1077,24.71,26616.96
Cotton,Maharashtra,Kharif,3133,21.96,68786.5
Rice,Maharashtra,Kharif,3052,30.74,93826.6
Rice,Maharashtra,Rabi,1549,26.74,41416.17
Rice,Tamil Nadu,Rabi,2645,32.85,86898.02
Soybean,Tamil Nadu,Kharif,3818,16.97,64782.73
Cotton,Punjab,Rabi,2350,29.84,70133.91
Maize,Maharashtra,Rabi,1150,17.29,19880.34
Wheat,Tamil Nadu,Rabi,3625,16.42,59530.38
Wheat,Punjab,Rabi,3636,25.64,93217.7
Wheat,Tamil Nadu,Rabi,3151,29.49,92935.34
Wheat,Karnataka,Kharif,4705,34.63,162911.61
Maize,Maharashtra,Kharif,3133,31.13,97540.85
Soybean,Karnataka,Rabi,4620,32.82,151645.81
Maize,Karnataka,Kharif,1160,18.05,20934.66
Wheat,Punjab,Rabi,1452,20.6,29914.3
Maize,Gujarat,Rabi,4954,15.21,75327.59
Rice,Maharashtra,Rabi,4167,34.85,145227.95
Soybean,Punjab,Kharif,3178,22.11,70277.11
Maize,Karnataka,Rabi,4996,29.8,148878.55
Wheat,Punjab,Kharif,505,20.23,10218.58
Wheat,Maharashtra,Kharif,1855,16.72,31018.16
Cotton,Karnataka,Rabi,3033,18.36,55691.33
Maize,Tamil Nadu,Kharif,3877,16.52,64048.28
Cotton,Gujarat,Rabi,3713,31.19,115810.89
Maize,Gujarat,Rabi,3758,19.03,71528.47
Soybean,Punjab,Rabi,4535,21.0,95251.54
Soybean,Tamil Nadu,Rabi,3582,32.01,114673.9
Cotton,Karnataka,Rabi,3139,29.13,91447.14
Rice,Tamil Nadu,Rabi,3241,23.98,77731.72
Soybean,Tamil Nadu,Rabi,4552,15.91,72433.01
Cotton,Gujarat,Kharif,4287,24.61,105485.12
Rice,Tamil Nadu,Kharif,1968,31.93,62833.66
Rice,Karnataka,Rabi,4297,22.54,96864.87
Soybean,Tamil Nadu,Kharif,507,27.88,14135.72
Maize,Karnataka,Rabi,3726,23.8,88680.43
Wheat,Karnataka,Rabi,503,21.27,10697.91
Wheat,Maharashtra,Rabi,4438,33.29,147742.97
Rice,Punjab,Kharif,938,30.88,28965.51
Soybean,Tamil Nadu,Kharif,2421,33.51,81122.1
Wheat,Punjab,Kharif,3469,27.04,93786.77
Maize,Tamil Nadu,Kharif,4752,27.08,128665.33
Soybean,Karnataka,Kharif,4619,30.16,139309.68
Rice,Gujarat,Kharif,4476,20.64,92390.65
Cotton,Maharashtra,Kharif,1366,31.86,43527.54
Wheat,Punjab,Kharif,3391,21.87,74178.12
Cotton,Tamil Nadu,Kharif,2337,16.51,38580.02
Soybean,Punjab,Rabi,1105,32.94,36403.06
Wheat,Karnataka,Rabi,2165,22.98,49753.72
Soybean,Maharashtra,Kharif,2163,18.9,40879.13
Wheat,Punjab,Rabi,4435,18.85,83616.61
Wheat,Gujarat,Rabi,4401,25.59,112626.3
Rice,Karnataka,Kharif,1899,30.39,57710.43
Rice,Gujarat,Kharif,2091,26.36,55126.54
Rice,Punjab,Rabi,3044,15.8,48097.14
Soybean,Punjab,Kharif,3927,17.07,67044.88
Maize,Maharashtra,Kharif,4153,16.61,68984.17
Rice,Maharashtra,Kharif,3387,22.28,75474.07
Rice,Gujarat,Kharif,3976,27.13,107876.33
Rice,Gujarat,Rabi,2508,26.71,66977.31
Soybean,Tamil Nadu,Rabi,3857,29.67,114441.96
Cotton,Punjab,Kharif,508,21.31,10826.52
Wheat,Tamil Nadu,Kharif,1337,26.1,34892.48
Cotton,Maharashtra,Rabi,1269,17.34,22003.63
Wheat,Gujarat,Rabi,1301,29.29,38101.54
Cotton,Punjab,Kharif,3229,15.45,49877.85
Soybean,Maharashtra,Rabi,3615,30.86,111572.09
Rice,Punjab,Kharif,1164,33.8,39337.69
Cotton,Punjab,Kharif,1764,22.65,39947.94
Cotton,Gujarat,Rabi,1674,26.93,45083.64
Maize,Maharashtra,Kharif,4439,18.13,80480.76
Soybean,Gujarat,Rabi,3965,30.47,120829.92
Cotton,Gujarat,Rabi,1888,23.73,44810.1
Soybean,Karnataka,Rabi,1431,16.7,23903.16
Cotton,Punjab,Kharif,1818,16.89,30708.95
Maize,Gujarat,Rabi,2021,34.03,68769.91
Cotton,Maharashtra,Kharif,2319,27.14,62946.86
Soybean,Maharashtra,Rabi,1704,23.17,39480.01
Cotton,Tamil Nadu,Kharif,1098,23.0,25253.29
Cotton,Maharashtra,Rabi,2095,33.2,69551.03
Maize,Gujarat,Kharif,2064,31.83,65687.36
Cotton,Tamil Nadu,Kharif,4672,34.29,160208.04
Maize,Karnataka,Kharif,4047,32.62,132021.66
Wheat,Gujarat,Kharif,3622,24.21,87706.05
Cotton,Gujarat,Kharif,2784,17.46,48617.14
Soybean,Karnataka,Rabi,3596,21.32,76665.33
Maize,Gujarat,Rabi,1542,34.5,53201.39
Cotton,Gujarat,Kharif,1392,21.34,29701.05
Rice,Gujarat,Rabi,2959,24.14,71441.85
Cotton,Tamil Nadu,Kharif,3457,20.57,71101.6
Wheat,Maharashtra,Rabi,4207,17.81,74926.55
Maize,Karnataka,Kharif,2322,23.77,55189.95
Wheat,Gujarat,Kharif,4563,32.71,149277.58
Rice,Tamil Nadu,Kharif,1542,19.84,30599.64
Soybean,Gujarat,Rabi,3947,22.73,89712.39
Cotton,Karnataka,Rabi,1460,32.47,47403.51
Cotton,Maharashtra,Kharif,4879,15.4,75150.98
Cotton,Gujarat,Kharif,591,30.8,18203.06
Cotton,Punjab,Kharif,687,24.33,16711.69
Maize,Punjab,Kharif,1188,15.21,18069.88
Maize,Karnataka,Kharif,4387,26.95,118241.18
Cotton,Gujarat,Rabi,4447,32.59,144915.84
Soybean,Karnataka,Kharif,4909,18.5,90804.82
Rice,Gujarat,Kharif,3357,15.87,53283.39
Cotton,Gujarat,Kharif,611,18.51,11307.49
Soybean,Tamil Nadu,Kharif,3212,15.61,50133.85
Cotton,Punjab,Kharif,2667,23.55,62812.2
Cotton,Gujarat,Rabi,1630,25.31,41254.13
Rice,Maharashtra,Rabi,4696,16.75,78649.67
Cotton,Tamil Nadu,Rabi,577,20.21,11661.58
Rice,Maharashtra,Kharif,3727,19.18,71500.4
Wheat,Tamil Nadu,Kharif,1719,16.57,28486.95
Soybean,Gujarat,Rabi,3008,22.58,67931.64
Maize,Tamil Nadu,Kharif,3692,29.09,107400.98
Maize,Punjab,Kharif,3514,28.31,99464.25
Soybean,Maharashtra,Kharif,3803,31.74,120694.16
Rice,Karnataka,Kharif,4043,25.61,103526.03
Cotton,Punjab,Kharif,4604,26.01,119727.58
Soybean,Punjab,Rabi,4377,31.58,138216.5
Wheat,Gujarat,Rabi,3432,32.12,110225.66
Soybean,Maharashtra,Rabi,3055,30.98,94629.06
Wheat,Karnataka,Kharif,4333,27.44,118893.64
Wheat,Maharashtra,Kharif,3244,32.83,106499.97
Soybean,Gujarat,Rabi,4461,22.59,100771.36
Wheat,Tamil Nadu,Rabi,3815,16.46,62780.18
Maize,Punjab,Rabi,3835,19.58,75094.3
Soybean,Maharashtra,Rabi,2235,32.74,73169.92
Soybean,Gujarat,Kharif,1036,25.26,26165.23
Soybean,Tamil Nadu,Rabi,2896,25.97,75206.05
Maize,Maharashtra,Kharif,4149,21.28,88285.22
Maize,Punjab,Rabi,1422,24.89,35394.87
Rice,Tamil Nadu,Rabi,859,28.79,24726.93
Maize,Punjab,Kharif,950,23.07,21912.47
Soybean,Gujarat,Rabi,3502,19.39,67901.61
Soybean,Tamil Nadu,Rabi,1832,17.96,32907.17
Cotton,Gujarat,Kharif,627,20.09,12593.59
Soybean,Karnataka,Rabi,914,33.43,30559.43
Soybean,Tamil Nadu,Rabi,2524,31.56,79652.87
Cotton,Karnataka,Rabi,992,24.04,23849.37
Maize,Punjab,Kharif,4793,22.97,110086.93
Soybean,Gujarat,Kharif,2630,21.38,56219.66
Maize,Tamil Nadu,Rabi,4087,17.09,69853.58
Rice,Gujarat,Kharif,1628,19.82,32264.55
Rice,Tamil Nadu,Rabi,1377,24.32,33484.36
Wheat,Gujarat,Kharif,2261,28.47,64378.33
Maize,Maharashtra,Rabi,3908,27.05,105716.32
Soybean,Punjab,Rabi,2455,24.11,59183.82
Maize,Karnataka,Rabi,4776,31.13,148677.35
Wheat,Karnataka,Rabi,1042,25.18,26240.91
Wheat,Maharashtra,Rabi,549,15.25,8371.76
Maize,Tamil Nadu,Rabi,3539,30.53,108042.29
Soybean,Karnataka,Rabi,4242,23.76,100776.88
Cotton,Punjab,Kharif,3558,18.87,67142.86
Rice,Karnataka,Kharif,983,31.66,31123.83
Cotton,Tamil Nadu,Rabi,1686,27.79,46857.11
Cotton,Tamil Nadu,Rabi,2879,24.92,71733.46
Soybean,Punjab,Rabi,4492,24.09,108220.42
Maize,Tamil Nadu,Rabi,3899,16.81,65551.61
Wheat,Maharashtra,Kharif,4090,33.28,136103.34
Cotton,Maharashtra,Kharif,3518,16.5,58056.79
Soybean,Maharashtra,Rabi,3514,24.27,85297.4
Soybean,Punjab,Rabi,4106,22.05,90532.3
Rice,Maharashtra,Kharif,811,17.48,14175.87
Maize,Gujarat,Rabi,1589,18.26,29010.76
Soybean,Tamil Nadu,Kharif,1535,16.54,25389.77
Wheat,Gujarat,Rabi,4884,31.98,156168.22
Rice,Gujarat,Rabi,1630,30.64,49945.15
Wheat,Tamil Nadu,Rabi,3474,31.83,110567.91
Rice,Karnataka,Rabi,1695,22.73,38521.64
Soybean,Punjab,Rabi,2800,28.91,80949.68
Rice,Maharashtra,Kharif,1078,19.25,20747.27
Rice,Maharashtra,Kharif,1546,17.13,26484.92
Wheat,Punjab,Rabi,1595,21.33,34013.47
Soybean,Maharashtra,Rabi,2914,16.54,48184.67
Maize,Maharashtra,Kharif,2381,28.31,67412.21
Rice,Punjab,Rabi,1452,27.38,39762.01
Cotton,Gujarat,Kharif,2447,22.08,54032.47
Wheat,Maharashtra,Kharif,2841,21.77,61858.88
Maize,Maharashtra,Kharif,3448,28.61,98643.37
Wheat,Karnataka,Rabi,1933,33.06,63905.74
Rice,Tamil Nadu,Rabi,2046,32.16,65803.99
Rice,Punjab,Rabi,3144,17.44,54818.55
Maize,Karnataka,Kharif,3458,29.04,100435.84
Rice,Gujarat,Kharif,4558,25.72,117245.19
Cotton,Punjab,Rabi,1064,22.69,24138.45
Cotton,Gujarat,Rabi,4110,31.26,128463.24
Rice,Tamil Nadu,Kharif,2145,30.83,66120.63
Maize,Punjab,Rabi,4096,21.24,87004.86
Rice,Maharashtra,Kharif,2231,28.92,64510.49
Wheat,Karnataka,Kharif,4635,16.41,76044.36
Wheat,Maharashtra,Rabi,1146,22.27,25523.86
Rice,Gujarat,Kharif,3951,19.14,75616.51
Maize,Maharashtra,Rabi,1665,22.01,36641.84
Maize,Karnataka,Rabi,2785,19.49,54274.29
Cotton,Tamil Nadu,Rabi,4718,20.24,95507.78
Maize,Punjab,Kharif,1314,32.39,42560.75
Rice,Punjab,Rabi,2325,18.52,43052.22
Maize,Karnataka,Kharif,4197,29.0,121694.49
Cotton,Maharashtra,Rabi,1203,34.66,41701.74
Maize,Punjab,Kharif,3812,28.37,108149.18
Maize,Tamil Nadu,Rabi,1272,29.61,37666.37
Soybean,Karnataka,Kharif,2474,25.57,63253.89
Wheat,Maharashtra,Rabi,757,27.2,20588.26
Maize,Gujarat,Rabi,1255,29.18,36617.69
Soybean,Karnataka,Kharif,1594,20.03,31935.77
Maize,Maharashtra,Rabi,3996,32.76,130913.33
Soybean,Gujarat,Rabi,908,16.53,15008.33
Maize,Tamil Nadu,Kharif,743,25.42,18888.97
Wheat,Tamil Nadu,Kharif,3320,19.94,66191.71
Rice,Maharashtra,Kharif,4150,30.06,124766.53
Wheat,Tamil Nadu,Kharif,1747,22.75,39747.78
Wheat,Punjab,Kharif,4250,28.61,121610.0
Maize,Tamil Nadu,Rabi,742,31.03,23027.7
Rice,Gujarat,Rabi,2052,27.74,56921.09
Rice,Tamil Nadu,Kharif,4699,29.6,139099.56
Maize,Tamil Nadu,Kharif,3283,30.89,101427.94
Soybean,Tamil Nadu,Kharif,4122,20.48,84432.67
Wheat,Karnataka,Kharif,1909,23.13,44163.37
Rice,Karnataka,Rabi,3062,30.78,94242.35
Maize,Karnataka,Rabi,3161,26.53,83860.56
Cotton,Karnataka,Kharif,3795,31.26,118642.68
Maize,Karnataka,Kharif,1721,26.15,44998.82
Rice,Tamil Nadu,Rabi,3273,24.6,80502.4
Rice,Maharashtra,Kharif,3115,30.0,93463.1
Wheat,Tamil Nadu,Rabi,4486,24.76,111091.57
Maize,Karnataka,Rabi,809,17.23,13939.65
Rice,Karnataka,Rabi,2114,26.94,56948.33
Cotton,Karnataka,Kharif,3794,34.66,131496.68
Maize,Karnataka,Kharif,3363,19.83,66692.27
Maize,Maharashtra,Rabi,3563,26.02,92711.97
Maize,Tamil Nadu,Kharif,4767,34.61,164984.54
Rice,Gujarat,Kharif,1153,24.94,28760.76
Cotton,Maharashtra,Kharif,2876,33.65,96787.84
Wheat,Karnataka,Rabi,4760,23.23,110552.49
Soybean,Gujarat,Kharif,2739,24.11,66029.85
Rice,Punjab,Kharif,3630,22.48,81617.16
Wheat,Karnataka,Kharif,935,20.49,19157.98
Wheat,Maharashtra,Kharif,1099,25.49,28018.47
Rice,Maharashtra,Kharif,666,24.23,16140.1
Rice,Gujarat,Rabi,834,15.3,12760.51
Wheat,Tamil Nadu,Kharif,2490,27.05,67352.6
Rice,Punjab,Rabi,3797,22.77,86441.82
Cotton,Maharashtra,Kharif,3137,21.24,66644.42
Maize,Punjab,Rabi,2262,16.53,37400.03
Cotton,Tamil Nadu,Rabi,4343,34.8,151135.3
Wheat,Karnataka,Rabi,2294,16.24,37255.78
Rice,Punjab,Kharif,4841,22.02,106620.41
Wheat,Maharashtra,Kharif,2676,20.04,53623.14
Rice,Maharashtra,Rabi,4319,27.18,117407.63
Wheat,Tamil Nadu,Rabi,4695,22.07,103627.55
Soybean,Maharashtra,Rabi,4261,27.57,117470.17
Cotton,Maharashtra,Kharif,4757,17.05,81092.14
Maize,Maharashtra,Rabi,606,26.91,16309.41
Wheat,Gujarat,Kharif,551,31.94,17597.68
Rice,Karnataka,Kharif,4879,33.92,165518.16
Cotton,Punjab,Kharif,2550,16.72,42643.48
Rice,Gujarat,Kharif,545,15.82,8620.82
Rice,Gujarat,Kharif,2474,17.83,44101.44
Soybean,Gujarat,Kharif,1564,22.47,35141.48
Soybean,Punjab,Rabi,4580,26.07,119419.48
Soybean,Punjab,Rabi,3271,23.26,76076.55
Wheat,Gujarat,Kharif,4972,26.96,134060.47
Cotton,Karnataka,Kharif,4483,15.8,70815.4
Maize,Gujarat,Rabi,3424,16.51,56523.82
Cotton,Punjab,Rabi,3810,15.64,59579.49
Rice,Gujarat,Kharif,1263,19.21,24261.1
Soybean,Punjab,Rabi,4811,27.39,131796.38
Wheat,Gujarat,Kharif,2046,24.47,50064.35
Soybean,Gujarat,Rabi,4770,29.82,142263.47
Cotton,Karnataka,Kharif,4157,18.66,77580.66
Cotton,Punjab,Rabi,687,32.72,22479.44
Maize,Karnataka,Kharif,3866,25.56,98796.3
Soybean,Gujarat,Rabi,1249,23.51,29370.01
Maize,Tamil Nadu,Rabi,4145,22.54,93435.46
Wheat,Tamil Nadu,Kharif,3696,32.33,119498.11
Wheat,Punjab,Kharif,3024,24.35,73630.66
Wheat,Maharashtra,Rabi,2358,21.55,50813.39
Rice,Karnataka,Kharif,4231,23.22,98233.02
Rice,Punjab,Kharif,2763,21.54,59509.81
Soybean,Gujarat,Rabi,4595,27.93,128356.13
Soybean,Karnataka,Rabi,1621,21.06,34142.57
Soybean,Punjab,Rabi,2829,27.58,78031.64
Soybean,Punjab,Rabi,978,15.59,15250.51
Cotton,Maharashtra,Kharif,876,15.33,13428.62
Wheat,Gujarat,Kharif,4091,23.04,94248.13
Wheat,Karnataka,Kharif,2309,24.8,57253.3
Rice,Gujarat,Kharif,1045,18.2,19016.43
Rice,Punjab,Rabi,1021,30.34,30979.37
Rice,Karnataka,Rabi,4748,18.02,85580.24
Cotton,Punjab,Rabi,1490,22.59,33663.17
Wheat,Gujarat,Kharif,1922,27.44,52736.44
Maize,Tamil Nadu,Kharif,1118,18.46,20633.8
Rice,Karnataka,Kharif,2478,19.1,47323.27
Maize,Punjab,Kharif,2471,24.01,59321.64
Cotton,Tamil Nadu,Rabi,2065,18.19,37570.66
Wheat,Tamil Nadu,Kharif,840,15.31,12863.2
Maize,Karnataka,Rabi,4491,22.3,100162.34
Rice,Punjab,Kharif,4955,34.47,170820.29
Soybean,Gujarat,Kharif,1276,30.84,39351.09
Soybean,Maharashtra,Rabi,1340,16.37,21936.27
Cotton,Tamil Nadu,Rabi,762,15.51,11818.05
Cotton,Maharashtra,Kharif,3870,20.74,80280.38
Cotton,Maharashtra,Kharif,3031,32.54,98625.65
Cotton,Karnataka,Kharif,2559,16.89,43216.82
Wheat,Gujarat,Kharif,946,21.72,20549.21
Soybean,Tamil Nadu,Rabi,2881,17.13,49348.19
Rice,Gujarat,Kharif,3644,28.6,104220.13
Maize,Gujarat,Kharif,3153,32.66,102972.11
Wheat,Maharashtra,Rabi,1155,22.95,26510.15
Cotton,Punjab,Rabi,3803,32.82,124810.48
Cotton,Karnataka,Rabi,1265,19.7,24925.07
Rice,Maharashtra,Rabi,2467,25.28,62354.15
Cotton,Punjab,Kharif,4286,15.02,64367.2
Wheat,Karnataka,Kharif,3654,28.93,105728.11
Cotton,Karnataka,Kharif,1714,33.24,56967.78
Rice,Maharashtra,Kharif,2237,34.55,77299.02
Soybean,Gujarat,Kharif,4414,29.07,128326.53
Rice,Tamil Nadu,Kharif,2959,26.36,77995.81
Soybean,Tamil Nadu,Rabi,1456,23.47,34174.21
Maize,Gujarat,Rabi,724,21.61,15646.29
Cotton,Tamil Nadu,Kharif,1889,28.63,54090.38
Wheat,Punjab,Rabi,4865,21.61,105138.17
Rice,Tamil Nadu,Kharif,4660,18.01,83909.13
Maize,Karnataka,Kharif,562,18.06,10147.42
Cotton,Punjab,Kharif,4405,15.02,66165.31
Maize,Karnataka,Kharif,3588,31.5,113012.93
Wheat,Punjab,Kharif,2409,24.99,60191.82
Soybean,Punjab,Rabi,676,18.73,12660.64
Soybean,Maharashtra,Rabi,3427,21.17,72538.62
Cotton,Tamil Nadu,Kharif,3018,24.63,74337.32
Cotton,Maharashtra,Kharif,2605,31.96,83264.04
Rice,Maharashtra,Rabi,2077,34.76,72195.77
Rice,Gujarat,Rabi,941,15.13,14239.1
Maize,Karnataka,Rabi,4618,31.19,144018.75
Cotton,Tamil Nadu,Kharif,4084,18.55,75752.77
Soybean,Tamil Nadu,Rabi,4373,27.3,119361.58
Maize,Gujarat,Kharif,4160,33.25,138330.99
Cotton,Maharashtra,Kharif,3967,26.72,105982.79
Cotton,Karnataka,Rabi,3105,23.16,71921.85
Wheat,Gujarat,Kharif,4695,20.27,95181.91
Soybean,Maharashtra,Kharif,4886,26.6,129974.41
Maize,Punjab,Kharif,1502,24.25,36430.95
Cotton,Gujarat,Rabi,1329,33.09,43971.74
Cotton,Karnataka,Kharif,1345,20.72,27870.53
Wheat,Punjab,Kharif,810,27.71,22445.3
Maize,Tamil Nadu,Kharif,1249,26.76,33426.25
Rice,Gujarat,Kharif,4501,33.42,150423.75
Cotton,Karnataka,Kharif,3453,22.12,76397.2
Maize,Tamil Nadu,Rabi,3314,30.71,101788.36
Cotton,Maharashtra,Rabi,624,34.0,21218.06
Cotton,Gujarat,Kharif,3331,24.05,80115.71
Maize,Tamil Nadu,Rabi,3080,17.72,54582.68
Soybean,Punjab,Rabi,1100,34.73,38201.75
Maize,Maharashtra,Rabi,2085,16.37,34128.61
Maize,Karnataka,Kharif,3361,33.39,112232.58
Cotton,Maharashtra,Rabi,2927,23.45,68640.48
Maize,Punjab,Kharif,2017,18.2,36717.25
Cotton,Maharashtra,Kharif,2845,19.64,55883.96
Maize,Karnataka,Kharif,615,23.63,14530.56
Soybean,Karnataka,Rabi,3294,19.87,65458.37
Cotton,Maharashtra,Kharif,4081,27.86,113713.18
Wheat,Maharashtra,Rabi,4941,24.88,122945.2
Wheat,Gujarat,Kharif,631,15.78,9956.45
Cotton,Karnataka,Kharif,3500,31.08,108797.24
Cotton,Karnataka,Rabi,3157,26.2,82704.91
Soybean,Punjab,Kharif,966,22.05,21304.44
Cotton,Tamil Nadu,Rabi,2352,32.91,77410.36
Soybean,Karnataka,Kharif,4301,30.99,133293.64
Cotton,Gujarat,Kharif,1023,26.21,26812.3
Cotton,Karnataka,Rabi,4519,18.92,85514.04
Wheat,Gujarat,Kharif,840,17.62,14801.27
Wheat,Karnataka,Rabi,2199,16.19,35603.96
Rice,Maharashtra,Kharif,2929,24.67,72249.84
Wheat,Karnataka,Rabi,4164,33.51,139555.76
Soybean,Karnataka,Kharif,3753,29.65,111268.88
Maize,Maharashtra,Rabi,3662,18.4,67399.03
Maize,Punjab,Rabi,2224,26.83,59659.5
Maize,Maharashtra,Kharif,501,20.28,10159.42
Soybean,Tamil Nadu,Rabi,1923,31.93,61408.66
Cotton,Punjab,Rabi,2172,29.4,63849.55
Cotton,Punjab,Rabi,552,34.4,18991.26
Cotton,Maharashtra,Rabi,4001,15.42,61687.15
Cotton,Karnataka,Rabi,1684,23.72,39938.73
Wheat,Tamil Nadu,Rabi,1459,34.03,49653.05
Rice,Punjab,Kharif,3267,20.26,66190.68
Wheat,Punjab,Rabi,1630,25.89,42197.6
Maize,Tamil Nadu,Rabi,3609,22.81,82307.32
Rice,Punjab,Kharif,1348,33.67,45387.19
Wheat,Tamil Nadu,Rabi,2330,27.37,63767.14
Wheat,Tamil Nadu,Kharif,4339,18.02,78204.81
Maize,Karnataka,Kharif,2101,28.11,59057.7
Maize,Tamil Nadu,Kharif,1344,17.67,23748.25
Cotton,Gujarat,Rabi,4174,31.16,130061.44
Soybean,Punjab,Rabi,4738,15.71,74450.41
Soybean,Maharashtra,Kharif,4024,16.16,65036.81
Cotton,Maharashtra,Kharif,1917,32.48,62257.28
Soybean,Tamil Nadu,Kharif,2892,33.52,96930.24
Rice,Karnataka,Rabi,4775,32.9,157120.36
Rice,Tamil Nadu,Kharif,3525,16.95,59757.11
Soybean,Punjab,Rabi,3419,29.4,100510.19
Wheat,Gujarat,Kharif,3876,30.52,118313.55
Rice,Maharashtra,Rabi,1488,33.28,49527.65
Soybean,Karnataka,Kharif,2844,17.21,48953.14
Cotton,Tamil Nadu,Rabi,1854,28.62,53066.32
Cotton,Tamil Nadu,Rabi,3857,20.68,79748.68
Maize,Tamil Nadu,Kharif,3159,31.96,100970.87
Maize,Karnataka,Kharif,4340,16.52,71704.87
Cotton,Tamil Nadu,Kharif,813,19.09,15523.17
Maize,Gujarat,Rabi,2678,28.35,75928.52
Rice,Punjab,Kharif,841,29.5,24809.69
Maize,Gujarat,Rabi,2156,20.04,43208.13
Soybean,Tamil Nadu,Rabi,2528,29.55,74702.81
Cotton,Gujarat,Kharif,545,23.16,12623.48
Rice,Karnataka,Rabi,2223,24.62,54720.09
Maize,Tamil Nadu,Kharif,909,18.35,16681.31
Rice,Tamil Nadu,Kharif,3226,33.88,109289.89
Maize,Maharashtra,Rabi,3849,16.66,64126.07
Rice,Maharashtra,Rabi,2142,33.03,70743.07
Soybean,Gujarat,Rabi,1250,25.27,31589.59
Maize,Karnataka,Kharif,3958,18.92,74874.53
Maize,Karnataka,Rabi,3397,30.02,101979.09
Rice,Tamil Nadu,Rabi,4928,21.89,107858.39
Maize,Maharashtra,Rabi,2425,15.3,37109.85
Cotton,Punjab,Rabi,1773,31.73,56248.92
Rice,Karnataka,Rabi,3457,33.95,117380.85
Soybean,Maharashtra,Rabi,4647,30.83,143262.42
Cotton,Tamil Nadu,Kharif,1537,22.68,34863.71
Cotton,Tamil Nadu,Rabi,2034,23.63,48062.47
Maize,Punjab,Rabi,2381,22.46,53483.01
Wheat,Gujarat,Rabi,4788,31.73,151908.42
Wheat,Maharashtra,Rabi,4756,22.62,107591.86
Maize,Maharashtra,Kharif,4044,15.22,61560.94
Soybean,Gujarat,Kharif,2456,16.22,39846.53
Wheat,Gujarat,Rabi,528,34.99,18476.09
Soybean,Gujarat,Kharif,2689,19.82,53302.38
Maize,Punjab,Rabi,740,34.91,25834.44
Rice,Karnataka,Kharif,1685,16.67,28083.37
Maize,Karnataka,Rabi,1674,22.02,36854.67
Wheat,Gujarat,Kharif,4677,28.75,134452.64
Soybean,Maharashtra,Kharif,1578,23.18,36583.7
Rice,Maharashtra,Kharif,4458,25.59,114058.13
Rice,Tamil Nadu,Kharif,3410,19.0,64802.76
Maize,Gujarat,Rabi,4469,34.54,154352.74
Rice,Gujarat,Rabi,4401,27.33,120301.0
Maize,Maharashtra,Rabi,1800,27.35,49225.0
Rice,Maharashtra,Rabi,3614,20.99,75847.05
Maize,Tamil Nadu,Rabi,4827,21.23,102476.96
Rice,Tamil Nadu,Kharif,4211,21.23,89386.49
Maize,Tamil Nadu,Rabi,1975,21.62,42702.35
Soybean,Maharashtra,Kharif,1144,26.84,30699.93
Rice,Tamil Nadu,Kharif,4491,29.88,134171.3
Cotton,Karnataka,Kharif,2850,19.47,55482.2
Soybean,Tamil Nadu,Rabi,3181,21.0,66814.1
Maize,Gujarat,Rabi,3415,23.87,81526.52
Maize,Gujarat,Kharif,979,17.11,16750.51
Soybean,Maharashtra,Rabi,2594,33.35,86521.55
Rice,Karnataka,Rabi,4106,24.73,101534.79
Soybean,Karnataka,Rabi,2834,16.06,45500.7
Soybean,Gujarat,Kharif,3863,25.03,96685.63
Soybean,Gujarat,Kharif,2897,18.97,54955.11
Wheat,Tamil Nadu,Rabi,3407,20.95,71381.17
Wheat,Karnataka,Rabi,3350,19.27,64537.89
Wheat,Gujarat,Kharif,2471,32.08,79273.82
Wheat,Karnataka,Kharif,3856,34.84,134337.02
Soybean,Karnataka,Rabi,1083,24.57,26612.43
Wheat,Tamil Nadu,Rabi,1550,19.96,30931.32
Rice,Karnataka,Kharif,2624,32.18,84428.9
Cotton,Tamil Nadu,Rabi,1035,16.72,17307.2
Cotton,Tamil Nadu,Kharif,1465,15.79,23127.6
Soybean,Punjab,Rabi,3792,23.7,89852.91
Soybean,Punjab,Rabi,1975,19.63,38776.25
Cotton,Maharashtra,Rabi,2320,21.75,50457.54
Maize,Punjab,Rabi,4488,18.83,84530.76
Soybean,Karnataka,Rabi,4052,26.48,107301.12
Wheat,Maharashtra,Rabi,2145,24.33,52189.76
Maize,Punjab,Rabi,4827,20.4,98469.85
Soybean,Maharashtra,Kharif,2260,17.72,40043.22
Cotton,Punjab,Kharif,2858,27.65,79019.67
Rice,Gujarat,Rabi,2928,17.86,52299.24
Wheat,Karnataka,Kharif,3055,27.94,85358.18
Rice,Karnataka,Rabi,3456,19.32,66773.52
Maize,Punjab,Rabi,3128,22.25,69592.2
Maize,Gujarat,Kharif,3700,20.03,74126.0
Maize,Gujarat,Kharif,3081,31.91,98327.69
Rice,Punjab,Kharif,4201,19.35,81274.79
Wheat,Karnataka,Rabi,1682,28.17,47389.72
Wheat,Maharashtra,Rabi,4665,30.11,140474.99
Rice,Punjab,Kharif,2836,27.96,79292.79
Cotton,Tamil Nadu,Kharif,2143,30.13,64570.21
Rice,Gujarat,Rabi,4029,29.9,120485.62
Cotton,Punjab,Kharif,4073,32.84,133765.49
Rice,Karnataka,Kharif,1393,28.28,39395.7
Wheat,Maharashtra,Rabi,2396,21.99,52694.4
Maize,Karnataka,Kharif,866,21.7,18795.32
Maize,Punjab,Kharif,2282,20.13,45929.6
Rice,Maharashtra,Kharif,1027,30.53,31353.85
Rice,Maharashtra,Kharif,847,33.04,27985.65
Maize,Maharashtra,Kharif,2023,16.34,33052.2
Wheat,Tamil Nadu,Kharif,3288,18.55,60987.54
Soybean,Maharashtra,Rabi,1881,21.87,41141.62
Soybean,Karnataka,Rabi,3046,21.15,64425.96
Wheat,Maharashtra,Rabi,2996,20.88,62569.15
Maize,Punjab,Kharif,2315,34.84,80643.61
Wheat,Tamil Nadu,Rabi,1165,17.61,20517.15
Wheat,Karnataka,Kharif,3880,21.07,81747.47
Maize,Punjab,Kharif,4700,21.02,98784.36
Soybean,Punjab,Rabi,1620,20.76,33624.82
Soybean,Tamil Nadu,Rabi,2027,23.75,48141.79
Rice,Gujarat,Rabi,2182,18.89,41214.59
Rice,Punjab,Rabi,2453,28.85,70764.15
Rice,Tamil Nadu,Kharif,4429,21.59,95608.68
Soybean,Tamil Nadu,Kharif,3824,28.36,108434.71
Wheat,Tamil Nadu,Rabi,3092,27.74,85768.54
Maize,Gujarat,Kharif,650,25.72,16718.33
Cotton,Gujarat,Rabi,3384,28.84,97581.56
Cotton,Maharashtra,Kharif,634,23.47,14881.72
Wheat,Punjab,Rabi,2811,30.36,85334.45
Rice,Karnataka,Rabi,3282,15.29,50194.67
Wheat,Tamil Nadu,Kharif,4032,19.69,79373.87
Cotton,Tamil Nadu,Kharif,3775,20.5,77390.11
Soybean,Tamil Nadu,Rabi,2740,34.47,94449.97
Wheat,Gujarat,Kharif,2615,29.07,76028.28
Soybean,Karnataka,Rabi,984,16.83,16556.68
Rice,Maharashtra,Kharif,4882,21.21,103543.96
Wheat,Karnataka,Rabi,4678,17.59,82308.6
Rice,Punjab,Kharif,4514,28.16,127107.95
Soybean,Punjab,Rabi,1442,27.03,38971.03
Soybean,Karnataka,Rabi,4357,15.3,66644.4
Soybean,Gujarat,Rabi,4814,18.35,88333.5
Rice,Punjab,Kharif,3997,32.27,128977.58
Cotton,Tamil Nadu,Rabi,3660,18.85,68976.14
Maize,Maharashtra,Kharif,4891,23.64,115639.78
Wheat,Punjab,Kharif,4400,26.97,118658.59
Maize,Maharashtra,Kharif,2027,24.98,50636.9
Rice,Punjab,Rabi,1203,33.1,39824.8
Rice,Tamil Nadu,Kharif,2292,29.37,67322.86
Rice,Gujarat,Kharif,1392,15.03,20919.26
Rice,Gujarat,Rabi,3347,25.4,85008.69
Soybean,Punjab,Rabi,3235,18.62,60246.33
Cotton,Tamil Nadu,Rabi,1960,33.75,66151.03
Rice,Karnataka,Rabi,4614,32.77,151183.92
Maize,Maharashtra,Kharif,3934,20.42,80339.43
Maize,Maharashtra,Kharif,4648,33.29,154751.56
Soybean,Maharashtra,Kharif,4230,21.01,88866.83
Soybean,Maharashtra,Kharif,4802,16.37,78617.31
Cotton,Gujarat,Kharif,2485,18.8,46725.26
Rice,Tamil Nadu,Kharif,1699,30.56,51914.89
Maize,Tamil Nadu,Rabi,2291,20.07,45975.79
Soybean,Karnataka,Rabi,1161,25.89,30062.34
Maize,Gujarat,Rabi,4200,31.46,132141.74
Cotton,Tamil Nadu,Rabi,3205,15.93,51042.98
Wheat,Karnataka,Kharif,1663,32.06,53312.1
Soybean,Tamil Nadu,Kharif,1050,20.24,21252.12
Soybean,Gujarat,Rabi,3818,26.21,100072.86
Wheat,Maharashtra,Rabi,2802,31.64,88656.09
Rice,Punjab,Rabi,2683,18.21,48846.68
Cotton,Maharashtra,Rabi,1447,33.89,49042.78
Cotton,Karnataka,Rabi,3433,30.58,104990.72
Wheat,Karnataka,Kharif,1498,20.51,30729.89
Rice,Maharashtra,Kharif,1765,25.58,45145.04
Rice,Maharashtra,Kharif,2891,28.46,82270.87
Cotton,Gujarat,Kharif,986,25.56,25203.49
Wheat,Maharashtra,Kharif,4105,25.8,105927.98
Wheat,Tamil Nadu,Kharif,4943,32.87,162493.18
Soybean,Tamil Nadu,Kharif,3111,18.76,58368.62
Soybean,Punjab,Rabi,544,32.04,17427.35
Rice,Maharashtra,Kharif,1698,34.06,57842.08
Rice,Tamil Nadu,Rabi,4925,25.44,125310.07
Rice,Maharashtra,Rabi,4025,25.4,102252.83
Rice,Tamil Nadu,Rabi,2896,30.2,87447.41
Soybean,Punjab,Rabi,1238,22.24,27534.28
Rice,Karnataka,Rabi,774,23.57,18246.17
Wheat,Tamil Nadu,Kharif,3616,23.7,85716.91
Soybean,Gujarat,Kharif,1998,31.0,61936.5
Maize,Maharashtra,Rabi,4419,31.01,137030.33
Wheat,Punjab,Kharif,1209,22.48,27176.81
Maize,Gujarat,Kharif,2411,28.83,69513.02
Rice,Karnataka,Kharif,3662,16.91,61936.37
Rice,Maharashtra,Rabi,4255,21.3,90632.44
Soybean,Maharashtra,Rabi,1194,28.64,34197.47
Cotton,Gujarat,Kharif,4923,25.37,124885.25
Soybean,Gujarat,Rabi,4026,17.6,70866.45
Wheat,Maharashtra,Rabi,4196,16.07,67433.97
Cotton,Karnataka,Kharif,2155,27.73,59767.31
Wheat,Maharashtra,Kharif,2526,28.22,71285.1
Cotton,Gujarat,Kharif,3215,22.26,71567.23
Soybean,Gujarat,Rabi,4196,27.67,116099.46
Soybean,Punjab,Kharif,3624,28.46,103132.26
Cotton,Maharashtra,Rabi,2221,17.89,39723.66
Wheat,Punjab,Kharif,2741,16.3,44684.1
Wheat,Punjab,Kharif,4073,25.93,105604.01
Soybean,Karnataka,Rabi,2057,25.69,52835.72
Rice,Maharashtra,Rabi,3957,33.38,132088.95
Soybean,Gujarat,Rabi,2496,25.18,62848.57
Wheat,Maharashtra,Rabi,3260,25.04,81638.66
Cotton,Punjab,Rabi,1623,27.21,44169.14
Maize,Tamil Nadu,Kharif,4314,25.25,108921.37
Cotton,Gujarat,Rabi,4620,28.45,131422.33
Cotton,Maharashtra,Kharif,1800,25.19,45350.01
Cotton,Gujarat,Rabi,3651,15.81,57738.26
Maize,Tamil Nadu,Kharif,3849,22.16,85310.74
Cotton,Karnataka,Kharif,4501,33.45,150554.37
Cotton,Tamil Nadu,Kharif,2852,18.02,51406.94
Wheat,Maharashtra,Kharif,4869,27.67,134727.97
Maize,Karnataka,Rabi,1436,21.47,30835.23
Wheat,Karnataka,Rabi,3248,29.31,95202.04
Cotton,Karnataka,Rabi,2288,29.23,66870.39
Maize,Tamil Nadu,Rabi,1870,27.1,50674.07
Soybean,Tamil Nadu,Kharif,1761,30.22,53225.7
Cotton,Punjab,Kharif,995,22.45,22341.05
Rice,Gujarat,Rabi,2465,17.3,42656.09
Rice,Karnataka,Rabi,4793,15.78,75635.8
Rice,Maharashtra,Kharif,3481,33.28,115850.62
Rice,Karnataka,Rabi,3732,31.61,117970.49
Wheat,Maharashtra,Rabi,1083,21.36,23128.79
Rice,Punjab,Kharif,2656,28.59,75933.3
Soybean,Tamil Nadu,Rabi,1427,33.06,47171.64
Rice,Maharashtra,Kharif,1319,32.32,42627.2
Soybean,Gujarat,Rabi,3326,20.63,68626.8
Soybean,Punjab,Rabi,2334,28.5,66525.84
Soybean,Maharashtra,Rabi,4357,18.35,79972.67
Soybean,Punjab,Kharif,591,23.24,13737.2
Cotton,Maharashtra,Rabi,2127,23.13,49190.56
Rice,Punjab,Kharif,1659,29.71,49284.65
Soybean,Maharashtra,Rabi,2517,16.16,40677.18
Cotton,Gujarat,Kharif,3817,19.4,74065.92
Cotton,Karnataka,Rabi,1960,23.07,45214.42
Cotton,Maharashtra,Kharif,1752,24.69,43249.71
Soybean,Tamil Nadu,Kharif,3828,30.67,117392.39
Soybean,Tamil Nadu,Rabi,4494,21.55,96835.04
Wheat,Gujarat,Rabi,4896,30.58,149715.77
Maize,Gujarat,Rabi,2663,27.27,72624.49
Maize,Tamil Nadu,Rabi,2166,31.52,68261.66
Cotton,Punjab,Rabi,3102,17.61,54628.91
Wheat,Maharashtra,Rabi,2668,19.5,52024.76
Cotton,Tamil Nadu,Rabi,1427,23.68,33790.39
Rice,Gujarat,Rabi,3649,19.72,71948.86
Rice,Tamil Nadu,Kharif,3238,27.91,90365.6
Wheat,Karnataka,Kharif,4021,24.79,99665.72
Maize,Gujarat,Rabi,4403,22.37,98512.87
Cotton,Maharashtra,Rabi,4354,30.48,132697.35
Soybean,Maharashtra,Kharif,2346,30.04,70465.69
Cotton,Punjab,Rabi,3054,29.37,89708.89
Soybean,Karnataka,Rabi,2387,30.65,73153.21
Cotton,Maharashtra,Kharif,3289,32.84,108008.96
Maize,Punjab,Rabi,3045,23.29,70912.79
Maize,Punjab,Rabi,1621,16.11,26107.82
Wheat,Punjab,Kharif,1701,15.86,26969.64
Maize,Tamil Nadu,Rabi,832,25.37,21105.6
Soybean,Maharashtra,Kharif,3783,26.8,101379.16
Rice,Karnataka,Rabi,4171,33.93,141510.02
Maize,Tamil Nadu,Kharif,855,19.0,16246.26
Soybean,Maharashtra,Kharif,4165,26.89,111981.98
Wheat,Maharashtra,Rabi,3090,26.12,80708.5
Cotton,Gujarat,Rabi,1949,19.93,38839.02
Soybean,Punjab,Rabi,3288,21.3,70026.86
Soybean,Punjab,Kharif,3928,32.63,128166.06
Wheat,Tamil Nadu,Kharif,3394,15.16,51456.31
Wheat,Tamil Nadu,Rabi,4074,31.46,128169.6
Cotton,Karnataka,Kharif,2555,23.21,59304.43
Rice,Maharashtra,Kharif,1844,18.49,34095.05
Soybean,Karnataka,Kharif,719,32.42,23311.27
Wheat,Gujarat,Kharif,2508,15.63,39208.71
Soybean,Punjab,Rabi,982,30.84,30286.71
Soybean,Gujarat,Rabi,4789,22.76,109015.94
Wheat,Maharashtra,Rabi,3098,24.85,76988.47
Soybean,Punjab,Kharif,502,24.31,12204.68
Maize,Maharashtra,Kharif,3795,34.14,129558.25
Maize,Gujarat,Rabi,2413,20.98,50636.8
Rice,Karnataka,Kharif,500,28.64,14322.17
Wheat,Karnataka,Kharif,2314,19.2,44427.86
Wheat,Gujarat,Rabi,2940,18.71,54998.64
Rice,Karnataka,Rabi,1829,31.36,57357.05
Maize,Tamil Nadu,Kharif,3251,35.0,113771.16
Soybean,Karnataka,Kharif,4862,21.91,106534.21
Cotton,Maharashtra,Rabi,3573,17.14,61254.11
Soybean,Karnataka,Rabi,4136,21.94,90731.37
Maize,Maharashtra,Kharif,1704,17.56,29919.89
Maize,Tamil Nadu,Rabi,3889,22.13,86067.08
Maize,Maharashtra,Kharif,1850,20.14,37255.67
Soybean,Karnataka,Rabi,2134,18.82,40162.6
Maize,Gujarat,Rabi,4428,29.45,130394.37
Cotton,Tamil Nadu,Rabi,2830,17.3,48960.96
Wheat,Karnataka,Rabi,4763,17.15,81695.83
Wheat,Gujarat,Rabi,2195,21.02,46130.83
Cotton,Tamil Nadu,Kharif,1709,31.36,53586.35
Cotton,Punjab,Rabi,1154,15.88,18325.62
Cotton,Karnataka,Kharif,612,32.99,20187.99
Wheat,Tamil Nadu,Rabi,3996,27.17,108586.72
Soybean,Punjab,Kharif,4164,22.63,94217.36
Rice,Tamil Nadu,Rabi,500,19.27,9634.57
Soybean,Punjab,Kharif,940,22.9,21529.12
Cotton,Tamil Nadu,Rabi,1995,18.83,37564.78
Soybean,Gujarat,Rabi,1793,23.43,42010.57
Cotton,Karnataka,Rabi,4792,21.3,102090.25
Wheat,Gujarat,Rabi,1469,21.08,30960.64
Maize,Tamil Nadu,Rabi,2284,17.18,39240.19
Maize,Maharashtra,Rabi,4749,28.41,134923.35
Cotton,Maharashtra,Rabi,818,34.75,28428.87
Wheat,Karnataka,Kharif,1071,32.59,34902.48
Soybean,Maharashtra,Rabi,2843,16.95,48184.34
Soybean,Tamil Nadu,Kharif,4566,16.89,77105.57
Cotton,Gujarat,Rabi,676,23.39,15810.59
Rice,Karnataka,Kharif,1216,19.56,23790.72
Soybean,Tamil Nadu,Kharif,2868,16.7,47887.57
Wheat,Punjab,Kharif,699,17.73,12394.49
Wheat,Tamil Nadu,Rabi,1206,33.7,40640.64
Soybean,Tamil Nadu,Rabi,4753,22.32,106073.93
Maize,Tamil Nadu,Kharif,4945,24.44,120852.59
Cotton,Maharashtra,Kharif,606,23.96,14521.35
Cotton,Punjab,Kharif,548,26.47,14503.68
Maize,Gujarat,Kharif,4117,29.07,119701.51
Maize,Gujarat,Rabi,615,28.71,17654.09
Maize,Gujarat,Rabi,1348,33.92,45723.77
Cotton,Gujarat,Rabi,2668,34.34,91631.7
Soybean,Gujarat,Rabi,3642,28.95,105447.72
Rice,Gujarat,Kharif,4988,27.08,135052.54
Soybean,Karnataka,Kharif,4263,25.79,109938.29
Rice,Punjab,Kharif,533,34.27,18264.09
Cotton,Karnataka,Kharif,581,29.69,17248.41
Maize,Karnataka,Rabi,4909,26.97,132415.46
Wheat,Tamil Nadu,Kharif,1609,22.23,35773.75
Rice,Karnataka,Kharif,4654,16.13,75049.07
Soybean,Tamil Nadu,Kharif,2587,22.14,57283.49
Maize,Maharashtra,Rabi,1141,18.13,20691.64
Soybean,Punjab,Rabi,4200,21.42,89945.73
Cotton,Karnataka,Kharif,3082,19.9,61317.27
Maize,Maharashtra,Kharif,3032,25.86,78412.16
Soybean,Gujarat,Kharif,4761,35.0,166625.83
Maize,Gujarat,Kharif,1481,15.2,22509.13
Cotton,Karnataka,Kharif,4911,31.21,153259.71
Wheat,Punjab,Kharif,1604,27.3,43795.44
Maize,Punjab,Kharif,3339,35.0,116864.72
Cotton,Tamil Nadu,Kharif,3026,19.21,58131.27
Cotton,Punjab,Kharif,1383,20.03,27701.88
Cotton,Tamil Nadu,Kharif,4942,26.49,130931.45
Maize,Punjab,Kharif,2975,19.66,58495.57
Maize,Maharashtra,Rabi,3365,17.65,59399.66
Cotton,Maharashtra,Kharif,2132,17.45,37194.08
Cotton,Punjab,Rabi,4056,19.79,80256.44
Soybean,Punjab,Rabi,2445,32.34,79064.63
Cotton,Punjab,Rabi,4057,27.99,113562.13
Soybean,Punjab,Kharif,3625,30.56,110797.39
Wheat,Gujarat,Rabi,4019,19.31,77620.24
Rice,Karnataka,Kharif,3026,20.43,61827.57
Wheat,Punjab,Rabi,2065,21.88,45173.64
Soybean,Gujarat,Kharif,4518,16.01,72317.91
Maize,Punjab,Kharif,2721,20.57,55967.65
Maize,Maharashtra,Kharif,2482,29.11,72246.73
Wheat,Gujarat,Kharif,4244,24.3,103135.33
Wheat,Tamil Nadu,Rabi,4172,32.25,134557.29
Soybean,Gujarat,Rabi,592,32.57,19279.16
Soybean,Tamil Nadu,Kharif,1393,16.95,23614.33
Wheat,Punjab,Kharif,798,29.16,23272.69
Rice,Tamil Nadu,Rabi,929,27.44,25492.72
Wheat,Punjab,Rabi,3512,18.73,65793.32
Rice,Tamil Nadu,Rabi,969,32.56,31546.44
Wheat,Karnataka,Kharif,2650,18.55,49155.93
Wheat,Maharashtra,Rabi,4018,25.5,102441.94
Wheat,Punjab,Kharif,4123,29.64,122205.99
Rice,Karnataka,Kharif,3110,18.4,57220.47
Soybean,Gujarat,Rabi,868,22.33,19382.06
Rice,Gujarat,Rabi,1990,34.14,67943.47
Wheat,Maharashtra,Rabi,1182,29.72,35130.65
Cotton,Tamil Nadu,Kharif,1469,18.22,26759.16
Rice,Tamil Nadu,Kharif,4496,15.51,69725.47
Cotton,Tamil Nadu,Rabi,1872,20.42,38232.51
Wheat,Punjab,Kharif,1813,18.4,33366.8
Cotton,Tamil Nadu,Rabi,3905,22.86,89274.0
Wheat,Maharashtra,Kharif,3934,27.75,109169.88
Cotton,Gujarat,Rabi,1631,31.4,51208.09
Maize,Punjab,Rabi,4511,33.06,149112.72
Cotton,Tamil Nadu,Kharif,2011,28.14,56599.27
Cotton,Gujarat,Rabi,670,24.28,16266.56
Soybean,Gujarat,Kharif,800,27.85,22280.28
Cotton,Gujarat,Kharif,3397,25.15,85428.16
Rice,Tamil Nadu,Rabi,3634,20.34,73899.05
Maize,Maharashtra,Rabi,3424,19.74,67586.48
Wheat,Karnataka,Rabi,1434,27.88,39974.66
Rice,Punjab,Kharif,3850,32.32,124427.68
Cotton,Punjab,Rabi,4681,31.29,146453.92
Soybean,Gujarat,Kharif,2215,19.9,44070.99
Maize,Punjab,Rabi,2867,20.26,58079.21
Soybean,Punjab,Kharif,3689,21.45,79113.91
Wheat,Gujarat,Kharif,4884,33.66,164381.15
Cotton,Karnataka,Kharif,1047,24.33,25474.07
Wheat,Tamil Nadu,Rabi,3398,24.36,82785.71
Cotton,Maharashtra,Rabi,4977,29.78,148235.49
Rice,Maharashtra,Rabi,3917,25.53,99998.96
Soybean,Maharashtra,Kharif,2020,17.79,35940.52
Wheat,Maharashtra,Rabi,3675,22.5,82673.33
Maize,Tamil Nadu,Rabi,807,28.54,23031.4
Soybean,Maharashtra,Rabi,1052,15.85,16679.09
Cotton,Gujarat,Rabi,4453,32.27,143708.05
Soybean,Tamil Nadu,Rabi,3123,22.97,71733.06
Cotton,Karnataka,Kharif,1943,21.59,41942.04
Rice,Gujarat,Rabi,3453,30.03,103700.49
Maize,Punjab,Rabi,3655,21.53,78688.89
Soybean,Punjab,Kharif,4483,21.5,96393.36
Soybean,Tamil Nadu,Kharif,1336,34.83,46536.66
Maize,Karnataka,Kharif,2616,30.87,80766.08
Soybean,Punjab,Kharif,869,17.65,15339.05
Wheat,Karnataka,Kharif,4463,33.54,149667.24
Rice,Maharashtra,Kharif,1965,17.49,34376.29
Soybean,Maharashtra,Rabi,2206,30.61,67522.55
Maize,Maharashtra,Rabi,2447,18.19,44500.88
Wheat,Gujarat,Kharif,3874,18.34,71037.82
Wheat,Maharashtra,Rabi,4535,26.64,120807.35
Cotton,Karnataka,Rabi,1354,23.22,31437.49
Soybean,Maharashtra,Kharif,3814,34.97,133389.83
Wheat,Gujarat,Kharif,3100,33.77,104683.03
Cotton,Maharashtra,Kharif,1052,26.27,27634.77
Wheat,Maharashtra,Kharif,1853,32.5,60222.28
Maize,Karnataka,Rabi,4778,33.29,159047.41
Wheat,Punjab,Kharif,2624,20.46,53676.53
Soybean,Gujarat,Rabi,3261,34.67,113062.37
Wheat,Punjab,Rabi,988,28.46,28121.76
Soybean,Maharashtra,Rabi,1139,15.18,17294.1
Soybean,Karnataka,Rabi,1367,17.88,24442.98
Soybean,Maharashtra,Rabi,2419,31.08,75183.4
Wheat,Gujarat,Rabi,4983,34.64,172603.71
Wheat,Tamil Nadu,Rabi,1020,29.69,30280.49
Cotton,Gujarat,Rabi,3635,19.49,70831.37
Cotton,Gujarat,Rabi,3138,32.28,101308.53
Soybean,Karnataka,Kharif,1373,29.29,40215.37
Soybean,Gujarat,Rabi,1145,26.46,30295.58
Wheat,Karnataka,Kharif,1413,28.62,40434.71
Wheat,Maharashtra,Kharif,2695,15.62,42104.15
Soybean,Maharashtra,Rabi,3500,19.83,69415.05
Cotton,Karnataka,Rabi,2014,27.43,55236.87
Soybean,Tamil Nadu,Kharif,2870,16.85,48368.52
Maize,Punjab,Rabi,4772,25.95,123840.81
Rice,Gujarat,Kharif,4839,27.65,133817.67
Soybean,Tamil Nadu,Rabi,2767,27.31,75579.13
Cotton,Maharashtra,Kharif,2000,21.12,42238.69
Cotton,Gujarat,Kharif,3598,17.69,63641.49
Cotton,Maharashtra,Kharif,2260,17.52,39592.31
Soybean,Maharashtra,Kharif,3512,30.19,106019.84
Rice,Tamil Nadu,Kharif,2018,19.95,40253.69
Wheat,Tamil Nadu,Rabi,4829,26.17,126384.85
Cotton,Karnataka,Rabi,629,18.01,11329.71
Maize,Punjab,Rabi,1197,17.97,21512.22
Wheat,Tamil Nadu,Kharif,4326,24.28,105023.27
Soybean,Tamil Nadu,Rabi,2781,23.21,64557.73
Soybean,Karnataka,Rabi,4940,34.15,168689.39
Maize,Tamil Nadu,Kharif,1272,32.99,41956.98
Rice,Karnataka,Kharif,1350,25.26,34100.8
Maize,Karnataka,Kharif,1088,33.88,36856.95
Rice,Karnataka,Kharif,2943,30.23,88975.28
Maize,Punjab,Rabi,2874,19.35,55623.81
Maize,Tamil Nadu,Rabi,4034,19.91,80319.27
Rice,Punjab,Kharif,3080,18.93,58313.86
Rice,Maharashtra,Rabi,1809,28.03,50713.58
Rice,Maharashtra,Kharif,2330,33.57,78206.56
Wheat,Gujarat,Kharif,2836,29.22,82872.78
Maize,Maharashtra,Kharif,4159,30.75,127905.92
Wheat,Karnataka,Kharif,2407,15.5,37313.32
Maize,Tamil Nadu,Rabi,4102,23.28,95489.71
Wheat,Punjab,Rabi,1099,18.33,20145.18
Maize,Karnataka,Rabi,2993,28.11,84145.28
Maize,Gujarat,Kharif,4108,16.88,69345.61
Maize,Tamil Nadu,Kharif,1734,32.61,56548.58
Maize,Tamil Nadu,Kharif,993,30.96,30740.09
Maize,Tamil Nadu,Rabi,4780,15.82,75639.35
Soybean,Karnataka,Kharif,3454,19.19,66281.51
Cotton,Tamil Nadu,Kharif,1754,16.11,28254.83
Rice,Maharashtra,Kharif,4181,31.18,130370.65
Cotton,Punjab,Kharif,4648,15.48,71965.42
Rice,Gujarat,Kharif,4365,15.59,68047.19
Wheat,Tamil Nadu,Rabi,1850,17.59,32534.18
Maize,Karnataka,Rabi,2547,30.17,76830.48
Soybean,Karnataka,Kharif,3202,19.23,61578.87
Rice,Tamil Nadu,Rabi,601,21.64,13003.08
Cotton,Punjab,Kharif,2244,33.86,75972.21
Rice,Tamil Nadu,Rabi,4468,19.37,86524.49
Maize,Maharashtra,Kharif,1790,31.26,55963.53
Cotton,Punjab,Rabi,4173,16.59,69237.62
Maize,Punjab,Rabi,4581,25.5,116834.08
Soybean,Maharashtra,Kharif,4226,32.17,135942.91
Maize,Karnataka,Kharif,1699,28.19,47893.3
Cotton,Gujarat,Rabi,4986,27.24,135823.99
Wheat,Maharashtra,Rabi,2225,32.83,73053.84
Rice,Punjab,Rabi,3514,18.64,65506.09
Maize,Punjab,Kharif,3707,21.48,79639.87
Maize,Tamil Nadu,Rabi,3128,31.46,98415.81
Wheat,Maharashtra,Rabi,1575,28.68,45169.01
Rice,Maharashtra,Kharif,2519,33.81,85169.61
Soybean,Karnataka,Rabi,2119,29.48,62477.42
Soybean,Maharashtra,Rabi,1510,17.42,26298.28
Cotton,Gujarat,Kharif,2396,28.01,67108.96
Cotton,Maharashtra,Kharif,4639,32.58,151133.4
Soybean,Punjab,Kharif,614,32.81,20147.13
Rice,Gujarat,Rabi,1764,26.11,46050.86
Rice,Gujarat,Rabi,1358,22.99,31224.93
Maize,Gujarat,Kharif,3888,21.49,83548.04
Wheat,Karnataka,Kharif,2774,16.74,46443.14
Cotton,Maharashtra,Kharif,4353,27.67,120464.47
Cotton,Gujarat,Kharif,4572,20.99,95981.09
Rice,Gujarat,Kharif,3438,29.35,100893.32
Soybean,Punjab,Rabi,725,22.97,16650.9
Cotton,Gujarat,Rabi,2663,15.13,40298.86
Maize,Karnataka,Rabi,1353,18.12,24516.72
Rice,Punjab,Kharif,4856,17.3,84029.95
Maize,Gujarat,Rabi,1922,33.65,64669.52
Rice,Punjab,Kharif,1126,31.83,35838.23
Soybean,Maharashtra,Rabi,4919,31.92,157019.37
Soybean,Tamil Nadu,Rabi,1610,20.64,33225.06
Soybean,Maharashtra,Rabi,2066,22.64,46767.3
Soybean,Maharashtra,Rabi,3956,32.03,126719.7
Rice,Maharashtra,Kharif,1538,26.73,41114.73
Rice,Tamil Nadu,Kharif,1966,34.2,67244.42
Soybean,Punjab,Kharif,749,32.5,24342.17
Soybean,Punjab,Kharif,4824,28.09,135500.31
Maize,Karnataka,Kharif,1477,23.45,34632.71
Wheat,Karnataka,Kharif,2969,17.6,52247.72
Soybean,Gujarat,Kharif,2561,31.47,80590.65
Soybean,Tamil Nadu,Rabi,1109,32.38,35912.88
Soybean,Gujarat,Rabi,3789,30.52,115645.5
Soybean,Punjab,Kharif,4637,26.19,121431.68
Rice,Punjab,Rabi,4495,15.88,71373.5
Maize,Maharashtra,Rabi,3999,30.36,121418.86
Cotton,Punjab,Kharif,3252,22.33,72630.48
Soybean,Tamil Nadu,Kharif,2653,22.57,59882.8
Wheat,Gujarat,Kharif,2660,20.63,54864.65
Cotton,Maharashtra,Kharif,2338,20.93,48931.03
Wheat,Gujarat,Rabi,1855,20.91,38788.16
Wheat,Punjab,Kharif,693,31.62,21912.16
Maize,Maharashtra,Rabi,1579,26.56,41936.0
Soybean,Tamil Nadu,Kharif,1830,16.33,29878.09
Wheat,Gujarat,Kharif,2013,30.31,61013.78
Rice,Gujarat,Kharif,1167,33.92,39583.53
Rice,Punjab,Rabi,3351,26.08,87384.29
Cotton,Karnataka,Kharif,3125,25.93,81032.91
Maize,Gujarat,Rabi,3242,25.29,81974.56
Cotton,Karnataka,Kharif,771,25.22,19446.21
Maize,Punjab,Kharif,2930,19.57,57335.79
Cotton,Punjab,Rabi,4669,25.62,119616.93
Soybean,Karnataka,Rabi,4937,25.04,123642.25
Cotton,Gujarat,Kharif,1103,27.93,30809.03
Maize,Tamil Nadu,Kharif,3763,27.91,105019.0
Wheat,Tamil Nadu,Rabi,1000,21.54,21538.12
Soybean,Karnataka,Kharif,3123,18.09,56497.62
Soybean,Tamil Nadu,Kharif,2680,24.83,66548.36
Rice,Punjab,Rabi,4641,24.8,115077.29
Wheat,Punjab,Rabi,2986,20.97,62619.13
Rice,Maharashtra,Kharif,3836,31.22,119767.79
Soybean,Maharashtra,Kharif,2490,20.51,51062.85
Maize,Karnataka,Rabi,4928,23.24,114547.81
Maize,Punjab,Rabi,3693,23.08,85245.62
Rice,Maharashtra,Kharif,1644,21.71,35693.92
Rice,Gujarat,Kharif,4764,20.27,96589.27
Rice,Gujarat,Kharif,1574,20.05,31553.54
Soybean,Karnataka,Kharif,4814,24.06,115839.99
Wheat,Punjab,Kharif,1922,30.9,59395.7
Rice,Tamil Nadu,Rabi,4368,16.79,73341.24
Cotton,Tamil Nadu,Kharif,3058,34.48,105436.18
Maize,Punjab,Rabi,4939,30.16,148965.5
Wheat,Punjab,Rabi,2389,33.83,80813.04
Maize,Karnataka,Kharif,3165,22.15,70104.68
Soybean,Tamil Nadu,Kharif,1314,30.0,39414.34
Cotton,Maharashtra,Kharif,2147,33.3,71494.72
Maize,Punjab,Kharif,3591,32.13,115377.26
Soybean,Karnataka,Kharif,666,31.76,21155.05
Cotton,Karnataka,Kharif,4783,16.85,80597.55
Rice,Punjab,Rabi,3586,31.48,112888.07
Maize,Tamil Nadu,Rabi,4130,15.45,63812.36
Rice,Punjab,Rabi,1887,19.53,36861.14
Cotton,Maharashtra,Kharif,4442,19.19,85249.25
Rice,Maharashtra,Rabi,4963,20.74,102944.35
Maize,Maharashtra,Rabi,1385,32.89,45547.06
Wheat,Maharashtra,Kharif,785,18.19,14281.24
Soybean,Punjab,Kharif,1454,15.54,22592.01
Cotton,Tamil Nadu,Kharif,3632,26.14,94930.9
Soybean,Tamil Nadu,Kharif,4429,22.55,99888.84
Maize,Karnataka,Kharif,2779,32.43,90123.98
Maize,Maharashtra,Kharif,2111,23.34,49271.5
Soybean,Maharashtra,Rabi,912,23.88,21781.82
Soybean,Gujarat,Kharif,3947,19.46,76811.67
Cotton,Karnataka,Rabi,1594,17.07,27214.72
Wheat,Tamil Nadu,Rabi,2229,33.63,74959.8
Wheat,Tamil Nadu,Rabi,3071,15.06,46250.16
Rice,Tamil Nadu,Kharif,4813,24.04,115681.75
Maize,Maharashtra,Rabi,2757,17.7,48794.12
Soybean,Tamil Nadu,Rabi,968,28.7,27782.42
Wheat,Tamil Nadu,Rabi,2618,24.58,64338.19
Wheat,Maharashtra,Rabi,1329,30.13,40037.18
Soybean,Gujarat,Kharif,2086,15.54,32407.49
Rice,Tamil Nadu,Kharif,2383,26.18,62389.05
Cotton,Tamil Nadu,Rabi,4474,26.94,120511.31
Maize,Gujarat,Kharif,2953,26.03,76858.42
Cotton,Tamil Nadu,Rabi,4907,24.15,118497.74
Cotton,Karnataka,Kharif,3674,20.19,74162.21
Rice,Tamil Nadu,Rabi,4147,33.24,137836.18
Maize,Karnataka,Kharif,1487,22.92,34076.68
Cotton,Tamil Nadu,Kharif,4037,34.86,140713.25
Rice,Tamil Nadu,Kharif,4904,31.06,152318.35
Maize,Tamil Nadu,Kharif,2019,19.07,38508.76
Wheat,Karnataka,Rabi,1257,23.69,29777.42
Soybean,Maharashtra,Kharif,3394,30.77,104423.02
Wheat,Maharashtra,Kharif,2474,19.39,47977.08
Wheat,Maharashtra,Rabi,1395,16.66,23246.77
Wheat,Tamil Nadu,Rabi,3175,34.01,107987.72
Cotton,Maharashtra,Rabi,891,34.85,31055.67
Wheat,Karnataka,Kharif,3048,31.39,95677.72
Wheat,Gujarat,Kharif,1329,24.9,33089.28
Wheat,Punjab,Rabi,2244,17.58,39441.27
Wheat,Punjab,Kharif,3125,21.07,65859.1
Rice,Karnataka,Kharif,4609,16.18,74556.35
Rice,Tamil Nadu,Rabi,829,18.43,15276.35
Rice,Gujarat,Rabi,4264,23.62,100700.3
Rice,Maharashtra,Kharif,4366,30.29,132259.32
Wheat,Karnataka,Kharif,4644,30.86,143328.57
Wheat,Maharashtra,Kharif,3155,15.66,49419.28
Cotton,Punjab,Rabi,4204,17.94,75421.99
Wheat,Karnataka,Kharif,1039,28.44,29548.0
Cotton,Punjab,Rabi,2937,20.23,59405.37
Soybean,Gujarat,Rabi,4324,29.52,127663.43
Rice,Maharashtra,Kharif,1944,27.98,54387.81
Wheat,Tamil Nadu,Rabi,612,30.24,18506.82
Cotton,Tamil Nadu,Kharif,2423,29.9,72446.89
Cotton,Punjab,Rabi,2413,18.77,45294.25
Rice,Gujarat,Kharif,4194,22.68,95132.19
Wheat,Tamil Nadu,Kharif,2276,34.19,77815.83
Cotton,Punjab,Kharif,3436,30.95,106329.85
Cotton,Punjab,Rabi,4988,33.43,166744.31
Rice,Punjab,Kharif,3214,34.8,111854.17
Cotton,Gujarat,Rabi,2284,20.19,46117.59
Soybean,Maharashtra,Rabi,2562,24.36,62414.31
Maize,Gujarat,Rabi,4681,19.49,91224.93
Soybean,Maharashtra,Kharif,923,18.81,17366.15
Rice,Maharashtra,Kharif,2185,29.24,63879.44
Rice,Karnataka,Rabi,3573,15.07,53852.79
Cotton,Gujarat,Rabi,3625,15.26,55309.46
Cotton,Punjab,Rabi,1739,16.68,29012.75
Maize,Maharashtra,Rabi,4786,29.0,138801.77
Wheat,Maharashtra,Rabi,3260,16.8,54779.84
Maize,Maharashtra,Rabi,838,17.46,14634.36
Rice,Punjab,Rabi,3555,28.13,100001.37
Maize,Tamil Nadu,Kharif,4905,31.38,153936.78
Cotton,Punjab,Kharif,3888,24.35,94657.88
Maize,Karnataka,Rabi,1359,17.77,24142.75
Cotton,Punjab,Kharif,1476,20.16,29762.55
Maize,Gujarat,Kharif,3233,21.04,68017.77
Rice,Maharashtra,Rabi,3640,27.86,101426.19
Maize,Punjab,Rabi,4660,21.38,99637.22
Rice,Karnataka,Kharif,4021,32.9,132293.7
Wheat,Karnataka,Kharif,897,19.75,17715.34
Maize,Maharashtra,Kharif,3239,16.74,54219.69
Maize,Maharashtra,Rabi,1271,20.64,26239.22
Maize,Tamil Nadu,Rabi,2834,16.11,45668.45
Maize,Gujarat,Rabi,4213,20.65,86998.73
Wheat,Karnataka,Rabi,1850,34.85,64467.8
Rice,Maharashtra,Kharif,2357,32.48,76548.77
Wheat,Tamil Nadu,Kharif,3246,30.04,97505.62
Wheat,Maharashtra,Kharif,706,18.23,12868.5
Cotton,Tamil Nadu,Kharif,4702,26.61,125133.85
Soybean,Karnataka,Kharif,2842,16.05,45619.69
Rice,Tamil Nadu,Kharif,616,29.2,17990.01
Cotton,Gujarat,Rabi,4562,21.31,97228.39
Cotton,Maharashtra,Kharif,769,15.5,11916.64
Wheat,Tamil Nadu,Rabi,2368,22.89,54194.66
Wheat,Karnataka,Kharif,2605,17.75,46248.29
Cotton,Punjab,Rabi,2467,33.74,83238.99
Soybean,Tamil Nadu,Kharif,2258,30.03,67815.33
Wheat,Punjab,Rabi,4730,16.93,80087.68
Rice,Gujarat,Rabi,1281,21.51,27549.67
Cotton,Tamil Nadu,Kharif,3813,31.76,121114.95
Wheat,Gujarat,Rabi,1436,28.32,40671.02
Cotton,Tamil Nadu,Kharif,3328,32.43,107919.85
Rice,Tamil Nadu,Kharif,520,32.85,17083.03
Cotton,Punjab,Rabi,1330,33.89,45073.15
Maize,Gujarat,Kharif,2584,15.54,40149.45
Cotton,Maharashtra,Kharif,2508,17.45,43766.96
Cotton,Karnataka,Kharif,3809,17.78,67726.15
Wheat,Punjab,Rabi,2906,34.17,99308.86
Wheat,Maharashtra,Kharif,2795,31.41,87798.38
Cotton,Maharashtra,Rabi,895,28.39,25404.58
Maize,Karnataka,Rabi,1311,16.88,22131.1
Rice,Maharashtra,Rabi,4961,32.63,161893.19
Wheat,Maharashtra,Rabi,3725,31.34,116748.6
Rice,Punjab,Rabi,3217,24.92,80170.35
Soybean,Karnataka,Rabi,1265,26.49,33515.02
Wheat,Tamil Nadu,Rabi,1997,26.53,52971.38
Cotton,Punjab,Rabi,512,34.04,17429.25
Cotton,Gujarat,Rabi,4086,30.76,125682.8
Cotton,Punjab,Kharif,1732,34.52,59781.83
Soybean,Maharashtra,Kharif,2176,34.47,75012.98
Rice,Tamil Nadu,Rabi,2823,29.42,83055.82
Rice,Karnataka,Kharif,4834,32.31,156164.93
Maize,Karnataka,Kharif,3826,26.76,102367.08
Cotton,Tamil Nadu,Rabi,4466,29.11,129988.25
Cotton,Gujarat,Kharif,4480,33.48,149972.99
Wheat,Maharashtra,Rabi,1569,16.34,25642.58
Wheat,Maharashtra,Kharif,3843,25.26,97087.6
Wheat,Gujarat,Rabi,752,28.91,21743.24
Cotton,Tamil Nadu,Rabi,1420,21.58,30647.03
Soybean,Tamil Nadu,Kharif,1670,15.83,26444.36
Rice,Karnataka,Kharif,615,17.44,10727.94
Maize,Maharashtra,Rabi,725,34.09,24712.61
Soybean,Karnataka,Kharif,4649,25.89,120344.47
Cotton,Karnataka,Rabi,1221,16.71,20401.78
Maize,Maharashtra,Rabi,2934,32.24,94585.77
Cotton,Gujarat,Rabi,2525,31.31,79059.63
Maize,Karnataka,Rabi,3383,30.97,104784.48
Maize,Karnataka,Rabi,3238,33.46,108354.77
Maize,Karnataka,Kharif,4851,27.48,133290.87
Wheat,Karnataka,Kharif,966,28.34,27372.43
Rice,Karnataka,Rabi,1786,25.18,44968.27
Wheat,Gujarat,Kharif,3626,34.8,126171.41
Soybean,Maharashtra,Rabi,2738,28.58,78238.59
Maize,Tamil Nadu,Kharif,2430,26.5,64403.59
Cotton,Maharashtra,Rabi,1903,21.29,40510.74
Maize,Karnataka,Rabi,4943,26.13,129147.6
Wheat,Karnataka,Rabi,2825,33.94,95884.83
Wheat,Maharashtra,Kharif,3783,34.47,130404.8
Maize,Maharashtra,Rabi,1328,25.59,33986.87
Cotton,Maharashtra,Kharif,4256,27.62,117542.41
Rice,Gujarat,Rabi,1853,21.42,39695.73
Soybean,Karnataka,Kharif,2333,32.8,76530.45
Rice,Punjab,Kharif,1844,25.34,46718.21
Maize,Karnataka,Rabi,2017,17.48,35260.82
Cotton,Punjab,Kharif,2309,24.6,56797.06
Maize,Maharashtra,Kharif,1700,28.99,49288.96
Cotton,Tamil Nadu,Rabi,959,26.87,25765.13
Wheat,Punjab,Rabi,3500,15.15,53018.44
Maize,Gujarat,Rabi,3588,30.54,109581.96
Maize,Tamil Nadu,Rabi,4900,34.43,168685.21
Maize,Maharashtra,Kharif,1397,17.21,24046.44
Rice,Karnataka,Kharif,2074,15.05,31204.91
Wheat,Tamil Nadu,Kharif,503,25.47,12813.35
Soybean,Tamil Nadu,Kharif,1585,24.67,39105.49
Cotton,Karnataka,Kharif,4589,34.11,156519.76
Wheat,Punjab,Kharif,4531,31.6,143160.62
Rice,Gujarat,Kharif,3864,30.98,119700.06
Cotton,Punjab,Rabi,1983,31.04,61555.23
Wheat,Punjab,Rabi,4698,21.93,103016.58
Rice,Karnataka,Rabi,2148,16.09,34567.83
Rice,Gujarat,Kharif,4227,21.29,89972.99
Wheat,Karnataka,Rabi,4878,28.95,141214.67
Maize,Tamil Nadu,Rabi,3614,17.56,63476.73
Soybean,Tamil Nadu,Kharif,1034,20.46,21160.7
Wheat,Gujarat,Rabi,3674,22.27,81806.22
Wheat,Punjab,Kharif,831,33.02,27438.11
Soybean,Maharashtra,Kharif,2024,28.14,56959.27
Cotton,Maharashtra,Rabi,3509,23.1,81060.37
Soybean,Karnataka,Rabi,557,23.11,12873.83
Soybean,Gujarat,Kharif,2422,31.71,76796.62
Maize,Punjab,Kharif,3116,22.92,71405.3
Cotton,Punjab,Kharif,3157,34.89,110161.36
Rice,Tamil Nadu,Kharif,1951,30.72,59928.51
Wheat,Maharashtra,Kharif,3124,25.84,80730.4
Rice,Karnataka,Kharif,3647,31.98,116623.16
Maize,Gujarat,Kharif,2037,30.16,61435.85
Soybean,Tamil Nadu,Rabi,1182,27.06,31988.05
Wheat,Punjab,Kharif,3258,24.89,81091.82
Cotton,Karnataka,Rabi,3599,28.87,103910.81
Cotton,Tamil Nadu,Kharif,4690,27.37,128364.42
Soybean,Karnataka,Kharif,3576,16.71,59746.64
Soybean,Maharashtra,Rabi,2451,31.33,76778.94
Maize,Punjab,Rabi,603,25.08,15125.01
Wheat,Karnataka,Kharif,4952,28.82,142727.71
Rice,Tamil Nadu,Kharif,2381,32.82,78146.77
Wheat,Karnataka,Rabi,4813,34.35,165302.75
Soybean,Gujarat,Rabi,902,18.59,16770.12
Cotton,Karnataka,Rabi,4932,29.63,146146.13
Cotton,Karnataka,Kharif,555,16.8,9321.55
Maize,Gujarat,Kharif,1483,25.48,37786.07
Wheat,Karnataka,Kharif,819,33.68,27580.53
Rice,Gujarat,Kharif,2129,23.72,50507.84
Cotton,Maharashtra,Rabi,2146,19.9,42698.19
Maize,Tamil Nadu,Rabi,3800,24.26,92198.94
Cotton,Maharashtra,Kharif,3449,27.01,93155.3
Maize,Tamil Nadu,Rabi,2872,23.11,66364.46
Rice,Gujarat,Rabi,3530,23.97,84605.63
Wheat,Maharashtra,Rabi,3083,25.19,77649.96
Rice,Punjab,Rabi,1136,15.92,18082.21
Rice,Gujarat,Kharif,2586,28.21,72962.41
Maize,Punjab,Kharif,1118,23.52,26299.0
Wheat,Tamil Nadu,Kharif,3937,19.6,77157.45
Maize,Maharashtra,Kharif,1477,31.04,45843.43
Rice,Maharashtra,Kharif,2615,19.8,51769.25
Wheat,Gujarat,Rabi,4222,20.5,86554.07
Maize,Karnataka,Rabi,4382,16.34,71591.02
Soybean,Karnataka,Kharif,4716,28.54,134605.62
Soybean,Punjab,Rabi,1453,29.64,43061.01
Maize,Karnataka,Rabi,3103,32.68,101407.81
Soybean,Punjab,Kharif,2205,31.29,68987.46
Maize,Tamil Nadu,Rabi,3752,24.62,92384.19
Soybean,Tamil Nadu,Kharif,3589,31.31,112366.85
Wheat,Gujarat,Kharif,1630,33.53,54649.28
Wheat,Gujarat,Rabi,1237,19.39,23984.93
Cotton,Gujarat,Kharif,1866,20.98,39143.39
Soybean,Gujarat,Rabi,4889,19.46,95145.51
Wheat,Punjab,Kharif,2092,32.92,68868.12
Maize,Maharashtra,Kharif,707,16.08,11369.66
Wheat,Maharashtra,Kharif,4775,29.1,138951.76
Wheat,Karnataka,Rabi,3117,24.27,75660.38
Wheat,Punjab,Kharif,1103,32.74,36114.46
Maize,Tamil Nadu,Kharif,4367,16.21,70794.93
Rice,Karnataka,Kharif,3780,23.54,88969.11
Rice,Maharashtra,Rabi,745,18.84,14033.08
Rice,Punjab,Kharif,2472,21.54,53239.65
Wheat,Gujarat,Kharif,708,32.98,23353.23
Maize,Punjab,Rabi,4013,24.82,99588.01
Rice,Punjab,Rabi,634,33.8,21426.95
Rice,Karnataka,Kharif,1531,23.89,36568.78
Cotton,Tamil Nadu,Kharif,2436,20.74,50517.62
Maize,Karnataka,Kharif,1542,30.14,46481.36
Wheat,Punjab,Rabi,1275,24.99,31857.71
Soybean,Karnataka,Rabi,3327,30.22,100537.67
Cotton,Maharashtra,Rabi,2809,29.15,81870.51
Maize,Punjab,Rabi,4420,31.85,140789.39
Wheat,Punjab,Kharif,4222,22.93,96790.56
Wheat,Maharashtra,Kharif,1766,17.14,30267.57
Rice,Maharashtra,Kharif,2359,23.13,54573.3
Maize,Gujarat,Rabi,3189,21.87,69750.76
Wheat,Tamil Nadu,Rabi,2642,25.88,68383.41
Wheat,Gujarat,Rabi,2757,23.17,63889.53
Soybean,Tamil Nadu,Kharif,4579,20.16,92292.32
Soybean,Gujarat,Rabi,3142,24.62,77344.65
Rice,Tamil Nadu,Kharif,3174,24.34,77242.07
Wheat,Karnataka,Kharif,2673,33.63,89883.46
Wheat,Tamil Nadu,Kharif,3533,27.93,98677.61
Maize,Gujarat,Kharif,1038,19.2,19926.43
Wheat,Tamil Nadu,Kharif,1209,28.65,34633.13
Cotton,Maharashtra,Kharif,4161,27.06,112588.16
Rice,Tamil Nadu,Rabi,4395,30.2,132737.76
Rice,Gujarat,Kharif,2682,19.19,51465.69
Maize,Gujarat,Kharif,3947,26.82,105864.13
Wheat,Tamil Nadu,Kharif,3109,33.44,103970.88
Cotton,Maharashtra,Kharif,2795,28.87,80699.48
Cotton,Tamil Nadu,Rabi,2212,24.06,53227.59
Cotton,Punjab,Rabi,1915,24.58,47076.02
Wheat,Gujarat,Kharif,2254,27.95,63008.37
Wheat,Karnataka,Rabi,4171,33.93,141518.87
Wheat,Tamil Nadu,Rabi,4887,31.2,152474.86
Wheat,Karnataka,Rabi,2849,16.3,46429.2
Maize,Karnataka,Kharif,4251,16.41,69762.17
Maize,Tamil Nadu,Kharif,2656,28.11,74653.61
Rice,Gujarat,Kharif,1640,27.25,44689.29
Wheat,Karnataka,Rabi,560,32.42,18157.09
Maize,Gujarat,Rabi,700,23.48,16432.79
Soybean,Karnataka,Kharif,1936,15.18,29381.72
Rice,Gujarat,Rabi,4003,21.65,86655.43
Cotton,Tamil Nadu,Rabi,4891,22.25,108822.74
Rice,Maharashtra,Rabi,1027,17.88,18359.9
Cotton,Gujarat,Rabi,1062,33.91,36014.59
Maize,Karnataka,Rabi,2621,21.51,56368.13
Cotton,Maharashtra,Rabi,4088,33.23,135835.57
Wheat,Gujarat,Kharif,2768,31.13,86180.59
Cotton,Tamil Nadu,Kharif,1722,32.37,55749.59
Rice,Gujarat,Rabi,813,16.16,13139.24
Wheat,Punjab,Rabi,3138,16.79,52694.05
Rice,Tamil Nadu,Rabi,3034,31.76,96348.38
Wheat,Tamil Nadu,Rabi,4853,17.05,82756.3
Wheat,Maharashtra,Rabi,549,30.8,16908.19
Soybean,Tamil Nadu,Rabi,545,34.02,18540.79
Maize,Karnataka,Kharif,507,31.64,16041.16
Wheat,Karnataka,Rabi,2298,27.64,63507.77
Maize,Tamil Nadu,Rabi,2331,17.23,40160.62
Rice,Punjab,Kharif,1972,24.56,48423.66
Cotton,Tamil Nadu,Kharif,915,28.57,26144.52
Soybean,Karnataka,Rabi,4975,20.12,100119.66
Maize,Karnataka,Kharif,4345,17.32,75257.89
Cotton,Maharashtra,Rabi,4891,24.53,119993.62
Wheat,Gujarat,Kharif,3207,21.95,70398.41
Cotton,Karnataka,Kharif,2725,26.9,73295.13
Cotton,Gujarat,Rabi,4852,27.0,130982.08
Wheat,Tamil Nadu,Kharif,2198,28.18,61928.89
Cotton,Tamil Nadu,Kharif,1159,24.36,28235.64
Wheat,Tamil Nadu,Rabi,3994,28.05,112027.72
Maize,Tamil Nadu,Rabi,629,28.03,17630.69
Rice,Punjab,Rabi,1918,34.78,66701.34
Rice,Maharashtra,Rabi,924,27.94,25815.82
Maize,Tamil Nadu,Rabi,2908,16.04,46639.18
Wheat,Maharashtra,Rabi,2065,23.85,49241.11
Soybean,Tamil Nadu,Rabi,737,24.64,18161.06
Wheat,Punjab,Kharif,2773,19.61,54366.69
Maize,Karnataka,Kharif,4002,27.05,108255.11
Maize,Karnataka,Kharif,3197,15.15,48445.21
Maize,Gujarat,Rabi,515,27.93,14381.64
Cotton,Karnataka,Rabi,4729,22.82,107910.5
Soybean,Tamil Nadu,Kharif,1817,17.16,31171.02
Cotton,Karnataka,Rabi,4603,32.53,149754.46
Soybean,Tamil Nadu,Kharif,4858,22.82,110880.71
Soybean,Maharashtra,Kharif,3045,16.8,51156.81
Maize,Maharashtra,Kharif,712,34.07,24258.76
Cotton,Punjab,Kharif,3237,23.22,75153.3
Soybean,Tamil Nadu,Rabi,2023,34.73,70254.16
Maize,Gujarat,Rabi,3701,16.01,59261.07
Wheat,Tamil Nadu,Kharif,2910,29.67,86352.53
Wheat,Karnataka,Rabi,4260,25.41,108231.12
Maize,Gujarat,Kharif,1307,22.97,30016.71
Soybean,Gujarat,Rabi,3160,19.05,60197.37
Rice,Maharashtra,Kharif,1631,19.95,32532.75
Cotton,Maharashtra,Kharif,3759,20.77,78067.37
Rice,Maharashtra,Kharif,4857,19.47,94547.9
Soybean,Karnataka,Rabi,2960,34.97,103497.48
Rice,Karnataka,Kharif,1360,29.72,40413.74
Cotton,Maharashtra,Rabi,3997,33.41,133541.06
Cotton,Punjab,Kharif,4944,21.1,104329.44
Wheat,Karnataka,Rabi,4926,24.51,120736.11
Maize,Tamil Nadu,Rabi,1946,19.01,36990.84
Soybean,Maharashtra,Rabi,4424,30.88,136592.52
Maize,Maharashtra,Rabi,2433,21.73,52865.78
Rice,Tamil Nadu,Rabi,4126,15.81,65216.59
Rice,Punjab,Rabi,2976,34.15,101621.7
Soybean,Maharashtra,Rabi,4897,20.38,99787.93
Maize,Punjab,Rabi,2507,34.77,87171.31
Maize,Tamil Nadu,Kharif,4294,28.92,124203.74
Rice,Tamil Nadu,Rabi,594,19.03,11301.27
Soybean,Gujarat,Rabi,4396,23.17,101871.18
Wheat,Karnataka,Kharif,2577,27.37,70537.77
Rice,Gujarat,Kharif,4133,16.49,68166.23
Rice,Punjab,Kharif,3881,18.9,73344.08
Rice,Tamil Nadu,Rabi,1225,29.03,35564.27
Maize,Punjab,Kharif,2421,31.91,77254.95
Soybean,Gujarat,Kharif,1853,31.83,58977.5
Cotton,Gujarat,Kharif,2914,29.92,87181.05
Wheat,Punjab,Kharif,3216,27.77,89316.48
Rice,Gujarat,Rabi,749,15.23,11409.63
Wheat,Punjab,Kharif,1675,20.58,34475.19
Rice,Gujarat,Kharif,4667,25.75,120153.14
Soybean,Tamil Nadu,Kharif,2241,17.01,38116.6
Soybean,Gujarat,Kharif,2988,34.72,103747.71
Maize,Punjab,Kharif,3217,16.4,52760.15
Soybean,Punjab,Rabi,941,26.27,24716.97
Rice,Karnataka,Rabi,1450,20.59,29859.11
Cotton,Tamil Nadu,Kharif,2725,29.94,81576.38
Soybean,Karnataka,Rabi,3157,34.74,109676.76
Rice,Maharashtra,Rabi,592,25.87,15313.59
Rice,Tamil Nadu,Rabi,3065,26.69,81817.91
Cotton,Gujarat,Kharif,3858,20.71,79884.86
Maize,Gujarat,Rabi,3795,19.84,75291.22
Soybean,Gujarat,Kharif,4528,30.3,137179.45
Cotton,Karnataka,Kharif,1399,29.48,41240.5
Cotton,Tamil Nadu,Kharif,2172,32.62,70859.91
Cotton,Tamil Nadu,Rabi,1167,30.49,35582.71
Rice,Maharashtra,Kharif,2516,34.4,86560.59
Maize,Karnataka,Kharif,2356,29.41,69292.16
Soybean,Karnataka,Kharif,3660,18.66,68283.06
Soybean,Maharashtra,Kharif,2280,29.15,66459.86
Wheat,Karnataka,Kharif,2119,20.95,44402.99
Wheat,Maharashtra,Rabi,3412,18.53,63225.8
Wheat,Punjab,Rabi,3453,34.58,119419.76
Soybean,Punjab,Rabi,3055,34.15,104325.57
Wheat,Gujarat,Kharif,2045,18.58,38005.51
Wheat,Tamil Nadu,Kharif,4454,17.95,79940.39
Cotton,Maharashtra,Rabi,3856,24.15,93121.82
Cotton,Gujarat,Rabi,1633,29.47,48131.13
Cotton,Tamil Nadu,Rabi,1316,26.55,34942.84
Maize,Tamil Nadu,Rabi,3245,25.34,82222.68
Maize,Punjab,Kharif,4736,32.69,154832.62
Maize,Tamil Nadu,Kharif,3969,24.11,95692.72
Soybean,Punjab,Kharif,4430,23.28,103133.23
Cotton,Maharashtra,Rabi,3122,16.65,51970.14
Soybean,Gujarat,Kharif,4534,22.37,101420.02
Maize,Maharashtra,Kharif,1144,27.97,32000.44
Cotton,Maharashtra,Kharif,3567,24.71,88137.4
Rice,Maharashtra,Kharif,4782,31.83,152204.34
Rice,Punjab,Rabi,2940,27.83,81826.14
Cotton,Gujarat,Rabi,3179,17.49,55602.11
Maize,Karnataka,Rabi,4179,25.08,104826.17
Wheat,Tamil Nadu,Rabi,2305,19.27,44421.35
Cotton,Tamil Nadu,Kharif,3642,34.72,126452.11
Wheat,Punjab,Kharif,3665,25.43,93187.67
Rice,Karnataka,Rabi,1685,34.48,58103.95
Soybean,Karnataka,Kharif,2731,30.43,83116.96
Wheat,Gujarat,Kharif,1840,30.8,56673.06
Rice,Punjab,Rabi,3702,18.62,68922.1
Maize,Punjab,Rabi,4037,21.99,88760.58
Maize,Karnataka,Rabi,1562,25.49,39815.65
Wheat,Gujarat,Kharif,2807,25.8,72431.09
Wheat,Punjab,Rabi,4701,25.38,119329.47
Maize,Gujarat,Rabi,1341,32.03,42950.17
Wheat,Maharashtra,Rabi,3352,30.11,100937.86
Cotton,Punjab,Kharif,1236,33.85,41841.11
Cotton,Tamil Nadu,Kharif,2185,34.99,76447.42
Soybean,Karnataka,Kharif,2346,33.86,79441.75
Wheat,Maharashtra,Kharif,1774,24.69,43796.49
Maize,Tamil Nadu,Rabi,4090,24.01,98213.17
Maize,Punjab,Rabi,1374,18.09,24858.05
Soybean,Punjab,Rabi,568,26.11,14832.61
Soybean,Karnataka,Kharif,4763,32.85,156465.31
Soybean,Tamil Nadu,Rabi,4150,19.01,78899.2
Cotton,Gujarat,Rabi,2982,22.86,68177.29
Rice,Karnataka,Rabi,1205,24.98,30106.76
Maize,Maharashtra,Kharif,4108,16.95,69641.53
Soybean,Gujarat,Kharif,1445,34.64,50053.72
Maize,Punjab,Rabi,1335,24.13,32208.3
Maize,Gujarat,Kharif,4737,17.39,82366.45
Cotton,Tamil Nadu,Rabi,2110,15.21,32085.77
Soybean,Gujarat,Rabi,3672,33.33,122377.29
Soybean,Karnataka,Rabi,1452,31.23,45348.81
Soybean,Punjab,Kharif,2421,16.89,40886.35
Cotton,Maharashtra,Kharif,2279,21.26,48449.37
Soybean,Tamil Nadu,Kharif,3339,22.85,76279.63
Soybean,Karnataka,Rabi,4291,29.45,126378.24
Rice,Tamil Nadu,Kharif,2804,18.2,51041.23
Soybean,Gujarat,Rabi,2502,18.99,47500.65
Cotton,Karnataka,Kharif,3350,34.24,114690.26
Cotton,Tamil Nadu,Rabi,3174,23.22,73705.71
Soybean,Tamil Nadu,Kharif,2536,33.44,84814.44
Maize,Maharashtra,Rabi,4572,24.79,113349.3
Rice,Tamil Nadu,Rabi,4313,18.8,81066.46
Rice,Gujarat,Rabi,3076,26.59,81783.49
Maize,Maharashtra,Rabi,1387,18.45,25596.18
Rice,Karnataka,Rabi,4780,25.95,124038.62
Maize,Maharashtra,Rabi,4090,15.68,64118.93
Maize,Maharashtra,Rabi,4821,15.06,72581.55
Cotton,Maharashtra,Kharif,4786,31.48,150676.29
Cotton,Tamil Nadu,Rabi,4053,33.71,136629.43
Wheat,Punjab,Rabi,3981,34.85,138742.0
Cotton,Maharashtra,Rabi,2292,24.57,56316.43
Wheat,Punjab,Kharif,513,23.68,12149.38
Cotton,Tamil Nadu,Kharif,4826,24.87,120030.26
Wheat,Tamil Nadu,Rabi,3116,32.52,101330.2
Wheat,Maharashtra,Kharif,2557,34.27,87631.43
Maize,Gujarat,Rabi,4521,32.33,146185.56
Wheat,Maharashtra,Kharif,4828,34.49,166518.19
Rice,Karnataka,Kharif,3910,31.34,122533.06
Soybean,Maharashtra,Kharif,3144,24.73,77759.12
Cotton,Tamil Nadu,Kharif,2825,31.86,90004.88
Maize,Maharashtra,Rabi,709,32.34,22929.06
Wheat,Punjab,Kharif,3928,29.67,116535.84
Maize,Punjab,Rabi,831,22.25,18492.85
Rice,Karnataka,Rabi,3770,20.72,78096.45
Wheat,Gujarat,Kharif,1291,17.77,22944.93
Rice,Punjab,Kharif,4417,30.43,134391.0
Soybean,Karnataka,Kharif,952,27.12,25821.18
Maize,Tamil Nadu,Kharif,3791,23.66,89678.79
Rice,Punjab,Rabi,2565,27.01,69286.79
Rice,Punjab,Rabi,3619,23.28,84265.64
Wheat,Gujarat,Kharif,4785,29.09,139214.82
Soybean,Punjab,Kharif,1951,32.48,63361.0
Rice,Maharashtra,Kharif,2356,27.02,63667.98
Wheat,Tamil Nadu,Rabi,4545,25.53,116055.9
Maize,Maharashtra,Kharif,3752,17.4,65303.48
Rice,Gujarat,Rabi,775,16.12,12493.97
Wheat,Gujarat,Rabi,2827,24.49,69235.08
Wheat,Maharashtra,Rabi,4389,23.6,103575.04
Cotton,Maharashtra,Rabi,854,22.31,19055.16
Soybean,Tamil Nadu,Kharif,4432,17.76,78694.6
Soybean,Gujarat,Kharif,3079,33.48,103069.83
Cotton,Maharashtra,Kharif,1910,21.33,40738.84
Soybean,Gujarat,Rabi,2829,23.42,66267.78
Cotton,Punjab,Rabi,1910,32.39,61874.31
Soybean,Punjab,Kharif,575,19.51,11220.94
Soybean,Karnataka,Rabi,4938,18.56,91627.83
Soybean,Gujarat,Kharif,623,17.43,10857.72
Soybean,Gujarat,Rabi,936,31.23,29229.68
Soybean,Maharashtra,Rabi,3157,16.93,53455.19
Rice,Karnataka,Kharif,3893,19.49,75867.69
Wheat,Karnataka,Kharif,3627,23.58,85509.27
Wheat,Punjab,Kharif,3722,19.85,73866.11
Maize,Maharashtra,Kharif,4554,16.74,76226.32
Soybean,Tamil Nadu,Rabi,4296,25.5,109531.33
Wheat,Maharashtra,Rabi,1923,15.09,29023.97
Rice,Punjab,Kharif,2593,18.23,47257.84
Wheat,Karnataka,Kharif,2454,34.82,85439.3
Rice,Tamil Nadu,Kharif,2834,21.25,60214.74
Maize,Tamil Nadu,Rabi,1518,22.81,34626.54
Maize,Tamil Nadu,Kharif,4695,21.43,100633.39
Maize,Karnataka,Kharif,1646,22.53,37083.98
Cotton,Maharashtra,Rabi,4970,24.57,122096.57
Cotton,Punjab,Rabi,3807,29.7,113059.78
Wheat,Tamil Nadu,Kharif,4659,29.52,137529.33
Wheat,Punjab,Kharif,4330,16.22,70233.28
Wheat,Maharashtra,Kharif,2588,22.9,59264.73
Maize,Gujarat,Rabi,2990,25.02,74819.34
Maize,Gujarat,Rabi,3893,18.78,73118.06
Cotton,Gujarat,Kharif,592,33.06,19569.65
Cotton,Maharashtra,Rabi,1413,24.87,35139.14
Soybean,Tamil Nadu,Rabi,726,34.85,25301.49
Soybean,Gujarat,Rabi,726,28.04,20354.21
Rice,Gujarat,Kharif,2093,15.95,33391.4
Rice,Gujarat,Kharif,3041,16.73,50874.93
Soybean,Maharashtra,Rabi,4841,33.27,161061.8
Rice,Tamil Nadu,Rabi,2799,22.31,62445.93
Wheat,Karnataka,Rabi,3184,20.14,64135.07
Cotton,Punjab,Rabi,3763,34.65,130371.48
Rice,Tamil Nadu,Kharif,4837,19.28,93234.55
Cotton,Tamil Nadu,Kharif,2139,25.99,55592.99
Wheat,Punjab,Rabi,1270,16.99,21580.06
Wheat,Tamil Nadu,Rabi,3012,27.12,81671.54
Maize,Maharashtra,Rabi,3894,33.5,130468.19
Maize,Tamil Nadu,Rabi,2180,18.57,40473.14
Wheat,Karnataka,Kharif,1763,20.06,35368.31
Rice,Tamil Nadu,Rabi,4379,20.07,87865.83
Soybean,Gujarat,Kharif,2592,23.84,61788.56
Wheat,Gujarat,Kharif,1220,29.35,35810.01
Maize,Tamil Nadu,Rabi,2108,27.82,58638.64
Cotton,Tamil Nadu,Rabi,2028,20.86,42301.91
Wheat,Maharashtra,Kharif,4809,27.62,132841.6
Maize,Maharashtra,Rabi,4744,27.32,129597.47
Cotton,Maharashtra,Kharif,1382,34.63,47853.18
Wheat,Gujarat,Rabi,1595,34.43,54922.1
Soybean,Tamil Nadu,Kharif,579,25.74,14902.36
Cotton,Maharashtra,Kharif,2724,33.87,92265.18
Soybean,Gujarat,Rabi,4227,17.15,72481.45
Wheat,Punjab,Rabi,3143,30.64,96315.48
Soybean,Punjab,Rabi,3368,27.19,91581.77
Wheat,Tamil Nadu,Kharif,3728,24.78,92380.1
Soybean,Tamil Nadu,Rabi,2396,15.92,38142.03
Rice,Tamil Nadu,Kharif,1056,27.55,29093.47
Maize,Maharashtra,Rabi,2583,24.65,63671.36
Cotton,Tamil Nadu,Kharif,1619,33.48,54211.67
Soybean,Tamil Nadu,Rabi,3219,19.07,61376.7
Cotton,Karnataka,Kharif,2028,26.6,53954.15
Soybean,Maharashtra,Kharif,1615,15.51,25047.43
Rice,Maharashtra,Kharif,772,27.44,21183.53
Rice,Maharashtra,Kharif,3353,17.06,57210.12
Soybean,Karnataka,Rabi,1061,32.91,34914.72
Maize,Gujarat,Rabi,3871,28.57,110577.14
Cotton,Karnataka,Rabi,938,30.8,28885.73
Rice,Gujarat,Kharif,4106,26.38,108299.79
Cotton,Karnataka,Rabi,3585,24.64,88324.34
Soybean,Tamil Nadu,Kharif,725,34.56,25055.48
Cotton,Tamil Nadu,Rabi,3280,20.56,67428.68
Wheat,Punjab,Rabi,1295,16.21,20986.59
Maize,Gujarat,Rabi,4700,25.56,120129.4
Wheat,Punjab,Rabi,3396,30.88,104853.99
Maize,Karnataka,Kharif,2468,19.69,48590.91
Wheat,Karnataka,Rabi,1217,17.57,21379.83
Rice,Gujarat,Kharif,690,18.61,12842.49
Cotton,Tamil Nadu,Rabi,4797,31.21,149724.53
Cotton,Gujarat,Kharif,3633,25.04,90973.29
Wheat,Tamil Nadu,Rabi,1747,23.74,41465.11
Soybean,Tamil Nadu,Kharif,2088,17.48,36506.55
Soybean,Tamil Nadu,Rabi,4048,25.49,103190.41
Cotton,Tamil Nadu,Rabi,3761,22.28,83792.52
Soybean,Punjab,Rabi,4527,22.15,100293.57
Cotton,Tamil Nadu,Rabi,2192,30.18,66157.38
Maize,Karnataka,Rabi,1168,24.12,28173.97
Soybean,Punjab,Kharif,1702,25.52,43433.2
Soybean,Punjab,Kharif,4537,22.52,102166.43
Wheat,Maharashtra,Kharif,707,16.68,11794.42
Wheat,Gujarat,Kharif,3157,31.52,99508.5
Rice,Maharashtra,Kharif,4427,15.84,70108.99
Cotton,Karnataka,Kharif,4606,18.7,86146.4
Maize,Tamil Nadu,Kharif,3117,21.27,66312.59
Wheat,Maharashtra,Kharif,2019,15.78,31853.67
Rice,Maharashtra,Rabi,1814,19.16,34756.08
Wheat,Maharashtra,Kharif,4307,33.76,145411.33
Soybean,Karnataka,Rabi,679,33.11,22480.69
Maize,Karnataka,Kharif,1895,34.73,65821.17
Maize,Gujarat,Kharif,3212,33.78,108497.54
Rice,Gujarat,Kharif,1687,19.16,32322.82
Wheat,Tamil Nadu,Kharif,3717,23.28,86517.19
Rice,Maharashtra,Kharif,3815,22.44,85597.88
Cotton,Karnataka,Rabi,1963,31.52,61876.34
Cotton,Gujarat,Rabi,1524,16.24,24751.09
Soybean,Tamil Nadu,Rabi,4993,32.08,160174.89
Rice,Karnataka,Kharif,4429,24.78,109748.37
Wheat,Karnataka,Kharif,3858,34.57,133378.85
Rice,Maharashtra,Rabi,2746,28.78,79023.85
Rice,Tamil Nadu,Rabi,4305,31.45,135395.29
Rice,Gujarat,Rabi,2945,30.93,91079.99
Rice,Gujarat,Kharif,3821,19.43,74228.14
Maize,Gujarat,Kharif,653,22.43,14648.48
Cotton,Karnataka,Kharif,2601,16.9,43960.84
Maize,Maharashtra,Rabi,1532,25.26,38704.79
Cotton,Karnataka,Kharif,2813,17.67,49694.65
Soybean,Gujarat,Rabi,788,24.59,19380.84
Soybean,Tamil Nadu,Kharif,1324,26.0,34424.32
Maize,Karnataka,Kharif,1382,32.19,44486.96
Cotton,Karnataka,Kharif,1364,22.02,30033.18
Wheat,Maharashtra,Rabi,3595,31.29,112474.87
Cotton,Gujarat,Kharif,1151,29.03,33417.8
Cotton,Maharashtra,Kharif,1723,33.5,57717.1
Cotton,Punjab,Rabi,1458,20.85,30405.79
Rice,Maharashtra,Kharif,3982,20.2,80428.26
Maize,Karnataka,Kharif,2552,30.07,76728.45
Wheat,Maharashtra,Rabi,1310,18.5,24240.87
Soybean,Tamil Nadu,Rabi,4584,28.79,131969.13
Cotton,Tamil Nadu,Rabi,4043,29.96,121112.38
Cotton,Karnataka,Kharif,2283,25.89,59099.05
Soybean,Punjab,Kharif,605,20.94,12669.15
Cotton,Punjab,Rabi,821,28.22,23170.22
Maize,Tamil Nadu,Kharif,4100,28.94,118639.94
Wheat,Tamil Nadu,Kharif,1453,25.23,36657.25
Cotton,Maharashtra,Kharif,2093,31.26,65423.26
Wheat,Karnataka,Rabi,2886,23.41,67550.56
Maize,Maharashtra,Rabi,4360,23.5,102459.97
Cotton,Punjab,Rabi,2766,27.27,75423.01
Cotton,Tamil Nadu,Kharif,519,32.4,16817.57
Soybean,Tamil Nadu,Kharif,4547,17.38,79012.3
Soybean,Karnataka,Rabi,581,24.56,14272.03
Cotton,Karnataka,Kharif,3670,33.45,122778.62
Wheat,Gujarat,Rabi,2090,23.13,48350.56
Wheat,Maharashtra,Rabi,4191,19.95,83626.64
Rice,Tamil Nadu,Rabi,3680,33.35,122720.67
Cotton,Tamil Nadu,Rabi,1805,15.61,28175.57
Cotton,Tamil Nadu,Rabi,1616,30.08,48617.12
Rice,Maharashtra,Rabi,2616,16.77,43863.09
Maize,Maharashtra,Kharif,3898,16.94,66038.37
Cotton,Karnataka,Rabi,1639,17.29,28338.45
Cotton,Gujarat,Kharif,595,26.24,15610.27
Soybean,Punjab,Rabi,1023,19.06,19502.51
Cotton,Tamil Nadu,Rabi,4822,21.94,105816.48
Maize,Gujarat,Kharif,1907,34.05,64938.54
Maize,Maharashtra,Rabi,3091,19.4,59963.75
Wheat,Gujarat,Rabi,3168,34.5,109304.95
Maize,Punjab,Rabi,3088,22.87,70627.44
Cotton,Karnataka,Kharif,4334,25.46,110326.99
Cotton,Punjab,Kharif,2537,29.86,75750.47
Wheat,Maharashtra,Rabi,911,32.6,29702.01
Rice,Gujarat,Rabi,2743,20.25,55537.22
Maize,Tamil Nadu,Rabi,1772,17.41,30849.37
Cotton,Punjab,Rabi,1298,15.12,19628.66
Maize,Gujarat,Kharif,1802,22.81,41098.83
Rice,Tamil Nadu,Kharif,4458,28.27,126048.03
Cotton,Karnataka,Rabi,1966,24.9,48959.26
Wheat,Maharashtra,Kharif,2079,15.44,32108.59
Wheat,Maharashtra,Kharif,845,34.86,29459.22
Wheat,Karnataka,Kharif,1941,22.39,43461.84
Rice,Punjab,Rabi,2949,31.46,92788.64
Wheat,Gujarat,Kharif,1294,26.97,34896.83
Rice,Punjab,Rabi,1652,19.31,31900.38
Wheat,Maharashtra,Rabi,1412,31.46,44427.07
Wheat,Karnataka,Rabi,4991,24.88,124179.14
Wheat,Maharashtra,Rabi,2356,16.76,39477.81
Maize,Tamil Nadu,Rabi,660,25.53,16851.33
Rice,Tamil Nadu,Kharif,2119,31.77,67325.54
Maize,Karnataka,Kharif,1488,21.91,32596.91
Cotton,Punjab,Rabi,1323,33.83,44752.4
Wheat,Maharashtra,Rabi,1933,28.62,55316.85
Cotton,Tamil Nadu,Kharif,4799,20.2,96962.08
Soybean,Karnataka,Kharif,3989,26.68,106413.49
Soybean,Karnataka,Kharif,3938,22.56,88846.73
Soybean,Karnataka,Kharif,3921,23.05,90359.65
Soybean,Maharashtra,Kharif,1607,22.11,35525.04
Rice,Gujarat,Kharif,1436,28.81,41370.02
Rice,Gujarat,Rabi,640,23.92,15307.16
Soybean,Maharashtra,Kharif,691,16.67,11516.0
Soybean,Tamil Nadu,Kharif,2368,16.64,39397.09
Rice,Punjab,Rabi,2710,20.18,54698.2
Soybean,Tamil Nadu,Kharif,2303,31.94,73554.89
Maize,Punjab,Rabi,1580,22.85,36097.84
Cotton,Karnataka,Kharif,2735,21.94,60011.53
Soybean,Gujarat,Rabi,793,22.0,17446.95
Maize,Punjab,Rabi,4649,33.85,157346.24
Wheat,Tamil Nadu,Kharif,1215,33.5,40699.17
Soybean,Gujarat,Kharif,4502,15.08,67870.2
Wheat,Punjab,Rabi,735,16.14,11865.11
Cotton,Gujarat,Kharif,2361,31.33,73965.99
Soybean,Gujarat,Rabi,2799,31.86,89164.8
Maize,Punjab,Kharif,3246,31.85,103376.0
Maize,Gujarat,Rabi,4119,29.29,120629.63
Wheat,Punjab,Rabi,1371,21.77,29851.93
Cotton,Punjab,Kharif,3099,17.08,52925.14
Soybean,Maharashtra,Kharif,1963,25.67,50386.88
Maize,Tamil Nadu,Kharif,2553,33.4,85262.01
Cotton,Maharashtra,Rabi,4361,30.55,133210.48
Wheat,Tamil Nadu,Kharif,1050,34.58,36309.13
Soybean,Gujarat,Kharif,1291,16.6,21428.62
Rice,Tamil Nadu,Kharif,832,28.88,24025.63
Maize,Tamil Nadu,Kharif,2981,24.59,73288.31
Soybean,Maharashtra,Kharif,3058,21.64,66185.62
Rice,Karnataka,Rabi,4456,15.93,70964.25
Soybean,Karnataka,Rabi,4998,15.37,76809.23
Wheat,Punjab,Kharif,1030,32.98,33968.93
Wheat,Tamil Nadu,Rabi,2290,30.91,70787.25
Soybean,Tamil Nadu,Kharif,1819,23.05,41934.92
Maize,Karnataka,Kharif,927,33.69,31229.61
Cotton,Karnataka,Kharif,3723,23.1,86000.15
Wheat,Maharashtra,Rabi,760,22.95,17441.88
Cotton,Maharashtra,Kharif,2053,16.28,33413.35
Wheat,Tamil Nadu,Kharif,1102,32.43,35734.12
Cotton,Karnataka,Kharif,2117,23.41,49554.97
Maize,Maharashtra,Rabi,3396,21.56,73225.98
Rice,Karnataka,Kharif,2107,15.11,31843.27
Wheat,Karnataka,Kharif,2248,15.65,35186.82
Cotton,Maharashtra,Kharif,994,33.22,33024.05
Cotton,Gujarat,Rabi,3440,25.04,86154.45
Cotton,Punjab,Kharif,2462,23.11,56903.43
Cotton,Gujarat,Rabi,2363,19.88,46967.13
Soybean,Karnataka,Kharif,4573,24.7,112954.83
Wheat,Maharashtra,Kharif,2868,23.91,68576.17
Rice,Gujarat,Rabi,4144,21.11,87468.91
Wheat,Gujarat,Rabi,4530,33.36,151106.71
Cotton,Tamil Nadu,Kharif,3568,15.74,56154.79
Cotton,Gujarat,Kharif,2340,33.57,78564.8
Maize,Punjab,Rabi,677,15.91,10768.03
Wheat,Tamil Nadu,Kharif,3866,31.37,121275.35
Cotton,Maharashtra,Rabi,3299,27.68,91320.98
Wheat,Tamil Nadu,Rabi,834,31.25,26059.02
Wheat,Punjab,Rabi,4604,34.7,159777.36
Wheat,Maharashtra,Kharif,2526,27.18,68665.08
Cotton,Punjab,Kharif,2945,18.96,55842.37
Cotton,Maharashtra,Kharif,4850,30.61,148472.36
Maize,Tamil Nadu,Kharif,2907,19.99,58123.91
Maize,Karnataka,Kharif,580,31.01,17988.06
Rice,Tamil Nadu,Rabi,4927,18.16,89451.61
Cotton,Gujarat,Rabi,2494,15.24,38016.82
Soybean,Karnataka,Rabi,559,21.27,11888.32
Cotton,Tamil Nadu,Kharif,1924,33.57,64597.37
Soybean,Tamil Nadu,Kharif,1868,26.47,49452.97
Soybean,Maharashtra,Kharif,2825,20.8,58766.59
Wheat,Tamil Nadu,Kharif,2891,15.12,43700.08
Wheat,Karnataka,Rabi,3794,18.7,70938.75
Cotton,Tamil Nadu,Kharif,2888,27.12,78322.37
Cotton,Punjab,Rabi,3390,25.25,85592.57
Wheat,Gujarat,Rabi,3408,21.3,72580.63
Soybean,Tamil Nadu,Rabi,3780,31.33,118433.83
Maize,Tamil Nadu,Rabi,3670,19.64,72070.27
Maize,Gujarat,Rabi,2271,21.64,49140.73
Wheat,Tamil Nadu,Kharif,651,30.65,19953.73
Wheat,Gujarat,Kharif,2374,23.27,55253.65
Cotton,Punjab,Kharif,3539,30.53,108059.0
Soybean,Punjab,Rabi,4830,24.65,119039.21
Wheat,Gujarat,Kharif,4648,19.99,92922.97
Soybean,Gujarat,Rabi,4741,28.67,135913.36
Wheat,Maharashtra,Kharif,3781,20.88,78958.64
Cotton,Maharashtra,Rabi,4829,21.51,103847.67
Cotton,Gujarat,Rabi,3946,29.34,115791.25
Soybean,Gujarat,Kharif,4585,20.34,93274.37
Cotton,Gujarat,Rabi,1574,26.09,41068.23
Maize,Tamil Nadu,Rabi,1168,29.69,34683.08
Cotton,Tamil Nadu,Kharif,2743,32.73,89783.36
Soybean,Punjab,Rabi,4933,21.21,104632.81
Wheat,Karnataka,Kharif,1283,32.6,41820.27
Soybean,Karnataka,Kharif,2254,20.22,45582.53
Cotton,Gujarat,Kharif,604,33.23,20069.2
Cotton,Punjab,Rabi,1234,22.41,27653.47
Soybean,Maharashtra,Rabi,4271,20.27,86555.46
Soybean,Tamil Nadu,Rabi,3143,19.78,62161.27
Wheat,Karnataka,Rabi,3869,33.56,129840.09
Soybean,Karnataka,Kharif,4930,18.2,89742.23
Maize,Punjab,Rabi,2933,21.77,63861.06
Cotton,Gujarat,Rabi,1260,29.54,37223.0
Wheat,Karnataka,Rabi,3725,22.67,84434.76
Wheat,Karnataka,Rabi,4958,18.74,92924.64
Cotton,Maharashtra,Rabi,3900,26.88,104813.85
Rice,Maharashtra,Rabi,3352,22.56,75619.12
Soybean,Karnataka,Kharif,1352,22.02,29773.21
Soybean,Karnataka,Kharif,925,16.84,15577.05
Soybean,Tamil Nadu,Kharif,1578,23.3,36761.15
Maize,Gujarat,Kharif,1364,27.4,37373.61
Cotton,Punjab,Rabi,2178,29.87,65065.33
Wheat,Karnataka,Kharif,1614,19.48,31443.17
Rice,Karnataka,Kharif,4805,33.37,160361.53
Wheat,Tamil Nadu,Rabi,4748,24.7,117254.8
Cotton,Gujarat,Kharif,3244,31.24,101337.28
Cotton,Karnataka,Kharif,2003,15.65,31338.43
Rice,Maharashtra,Kharif,2406,24.07,57907.04
Maize,Gujarat,Kharif,4281,20.06,85865.41
Maize,Punjab,Kharif,4080,31.91,130212.96
Rice,Karnataka,Kharif,2464,31.48,77558.08
Wheat,Karnataka,Rabi,3054,26.99,82420.92
Wheat,Punjab,Rabi,1919,23.94,45943.16
Soybean,Gujarat,Rabi,4061,24.14,98024.31
Maize,Maharashtra,Kharif,2264,15.48,35051.45
Rice,Gujarat,Rabi,2989,32.3,96540.55
Wheat,Tamil Nadu,Rabi,4946,21.66,107110.34
Wheat,Punjab,Rabi,3223,23.19,74732.66
Wheat,Tamil Nadu,Kharif,3564,33.0,117602.51
Soybean,Tamil Nadu,Rabi,2515,26.05,65517.25
Rice,Maharashtra,Kharif,2525,20.19,50981.86
Maize,Tamil Nadu,Rabi,2143,26.51,56801.21
Soybean,Tamil Nadu,Rabi,2601,25.51,66351.86
Rice,Punjab,Kharif,2955,31.17,92112.61
Maize,Gujarat,Rabi,4373,26.31,115051.87
Cotton,Gujarat,Kharif,2848,29.76,84750.05
Soybean,Maharashtra,Kharif,2173,32.91,71521.29
Cotton,Tamil Nadu,Kharif,3628,17.61,63897.19
Rice,Gujarat,Kharif,4619,23.12,106781.71
Maize,Punjab,Rabi,4003,23.37,93534.74
Cotton,Tamil Nadu,Kharif,1867,18.11,33805.95
Rice,Maharashtra,Kharif,4979,25.72,128076.54
Cotton,Maharashtra,Kharif,4791,24.16,115751.13
Cotton,Punjab,Rabi,1042,32.48,33842.59
Cotton,Tamil Nadu,Kharif,4290,21.7,93081.48
Cotton,Gujarat,Kharif,4504,15.25,68664.67
Cotton,Tamil Nadu,Kharif,2485,23.63,58728.95
Soybean,Tamil Nadu,Rabi,2862,32.16,92028.54
Rice,Gujarat,Rabi,697,34.62,24127.42
Maize,Maharashtra,Rabi,2287,28.75,65740.68
Wheat,Punjab,Rabi,3745,19.82,74210.31
Maize,Gujarat,Kharif,822,29.8,24498.83
Maize,Maharashtra,Kharif,4111,33.73,138662.12
Rice,Gujarat,Rabi,1371,17.22,23605.24
Wheat,Maharashtra,Kharif,2899,27.22,78897.58
Cotton,Gujarat,Kharif,3454,17.47,60339.22
Maize,Gujarat,Rabi,2358,31.03,73173.77
Maize,Gujarat,Kharif,2240,18.92,42391.32
Soybean,Punjab,Rabi,3513,32.05,112604.14
Cotton,Gujarat,Kharif,550,21.37,11752.59
Wheat,Maharashtra,Kharif,1580,24.6,38860.63
Cotton,Karnataka,Kharif,4676,20.33,95080.07
Cotton,Punjab,Kharif,3732,20.38,76064.78
Soybean,Karnataka,Rabi,1648,34.89,57495.66
Rice,Punjab,Kharif,3419,16.94,57910.26
Rice,Punjab,Kharif,567,20.76,11773.47
Maize,Maharashtra,Rabi,4106,29.72,122022.99
Soybean,Maharashtra,Rabi,883,31.15,27503.07
Rice,Punjab,Rabi,2321,34.47,80015.52
Wheat,Tamil Nadu,Kharif,4048,33.9,137233.76
Cotton,Maharashtra,Rabi,3627,23.66,85812.73
Soybean,Karnataka,Kharif,979,19.36,18951.06
Rice,Karnataka,Rabi,1062,26.81,28468.44
Cotton,Tamil Nadu,Kharif,2257,33.74,76157.5
Wheat,Karnataka,Rabi,1266,21.4,27096.27
Cotton,Maharashtra,Kharif,4371,20.26,88576.88
Maize,Maharashtra,Rabi,1110,18.74,20802.92
Cotton,Karnataka,Rabi,1928,17.69,34101.87
Rice,Punjab,Kharif,794,23.67,18791.14
Cotton,Karnataka,Rabi,2609,24.8,64691.54
Cotton,Karnataka,Kharif,2507,17.33,43447.78
Soybean,Maharashtra,Kharif,1835,22.45,41196.16
Rice,Gujarat,Kharif,2755,29.05,80027.4
Cotton,Tamil Nadu,Rabi,1274,23.74,30244.35
Wheat,Punjab,Kharif,1171,25.54,29906.55
Cotton,Punjab,Rabi,1143,33.24,37994.18
Wheat,Karnataka,Rabi,3055,31.93,97559.19
Maize,Tamil Nadu,Kharif,2446,29.96,73272.76
Wheat,Tamil Nadu,Rabi,4082,20.54,83831.98
Wheat,Punjab,Kharif,1430,20.13,28782.01
Cotton,Punjab,Rabi,911,28.35,25828.91
Soybean,Karnataka,Kharif,2999,30.71,92093.93
Soybean,Punjab,Kharif,3811,33.09,126113.91
Wheat,Punjab,Rabi,4812,17.31,83305.54
Wheat,Maharashtra,Kharif,4873,19.03,92744.23
Maize,Punjab,Rabi,1018,26.41,26885.92
Maize,Punjab,Kharif,2998,23.26,69726.78
Maize,Punjab,Kharif,1731,26.8,46385.11
Rice,Maharashtra,Kharif,4966,24.99,124095.89
Wheat,Tamil Nadu,Kharif,2452,20.73,50835.87
Wheat,Maharashtra,Kharif,4906,19.06,93526.91
Cotton,Punjab,Rabi,3244,17.07,55388.54
Soybean,Maharashtra,Kharif,593,34.43,20414.72
Soybean,Gujarat,Kharif,2036,21.14,43048.04
Maize,Tamil Nadu,Kharif,2730,33.14,90469.19
Maize,Tamil Nadu,Rabi,4460,24.61,109758.48
Rice,Tamil Nadu,Rabi,2934,27.45,80528.02
Cotton,Karnataka,Rabi,853,30.23,25782.26
Soybean,Maharashtra,Rabi,1912,21.1,40340.35
Soybean,Karnataka,Kharif,4079,23.12,94302.06
Wheat,Maharashtra,Kharif,2616,17.0,44465.45
Soybean,Maharashtra,Rabi,735,21.29,15651.1
Cotton,Karnataka,Rabi,1923,30.2,58077.79
Maize,Tamil Nadu,Rabi,2536,25.09,63627.66
Rice,Gujarat,Kharif,974,31.56,30738.4
Maize,Tamil Nadu,Rabi,545,32.56,17743.49
Rice,Karnataka,Rabi,2303,32.84,75640.11
Soybean,Maharashtra,Rabi,1222,23.86,29157.11
Cotton,Gujarat,Rabi,3898,32.36,126158.26
Wheat,Punjab,Rabi,3232,20.12,65043.89
Wheat,Tamil Nadu,Kharif,3472,19.55,67878.39
Rice,Gujarat,Kharif,4363,31.51,137461.33
Wheat,Maharashtra,Rabi,631,29.07,18343.2
Wheat,Karnataka,Kharif,2449,32.27,79037.26
Wheat,Maharashtra,Rabi,1675,28.88,48374.58
Wheat,Maharashtra,Kharif,4942,17.77,87805.25
Soybean,Gujarat,Rabi,3687,25.98,95795.62
Maize,Karnataka,Rabi,995,18.77,18680.95
Maize,Gujarat,Kharif,1791,25.05,44858.9
Wheat,Karnataka,Kharif,3103,26.96,83670.16
Maize,Karnataka,Kharif,2853,26.27,74962.17
Soybean,Gujarat,Rabi,518,34.09,17657.07
Soybean,Karnataka,Kharif,2189,26.03,56980.95
Maize,Punjab,Rabi,2146,28.07,60235.67
Wheat,Gujarat,Rabi,4688,19.51,91470.19
Soybean,Punjab,Rabi,678,24.83,16836.46
Rice,Punjab,Rabi,2235,18.23,40735.08
Maize,Karnataka,Rabi,1511,18.6,28097.62
Soybean,Gujarat,Kharif,670,17.73,11880.37
Wheat,Gujarat,Rabi,1519,20.75,31512.12
Maize,Punjab,Kharif,3992,20.51,81886.07
Cotton,Gujarat,Kharif,3945,28.17,111142.77
Wheat,Tamil Nadu,Kharif,1980,24.87,49250.62
Maize,Gujarat,Rabi,866,31.84,27576.1
Rice,Gujarat,Kharif,523,17.72,9265.53
Cotton,Karnataka,Kharif,3632,29.48,107076.73
Rice,Tamil Nadu,Kharif,3441,34.28,117970.15
Rice,Punjab,Kharif,3541,22.61,80052.23
Cotton,Gujarat,Rabi,3001,16.88,50665.84
Rice,Gujarat,Rabi,4923,17.95,88379.75
Maize,Gujarat,Kharif,870,30.64,26657.02
Maize,Gujarat,Kharif,1578,31.81,50191.62
Wheat,Gujarat,Kharif,737,27.27,20094.64
Rice,Punjab,Rabi,662,29.35,19430.67
Cotton,Karnataka,Rabi,3499,34.88,122039.94
Wheat,Gujarat,Kharif,1728,22.44,38778.31
Maize,Maharashtra,Kharif,607,34.61,21007.04
Soybean,Karnataka,Rabi,4628,34.36,158994.99
Soybean,Punjab,Kharif,1982,17.22,34136.36
Wheat,Punjab,Kharif,767,21.91,16802.88
Maize,Punjab,Rabi,2652,27.5,72941.77
Cotton,Karnataka,Rabi,4987,26.45,131903.36
Cotton,Punjab,Kharif,1616,28.9,46701.48
Wheat,Punjab,Rabi,2872,16.3,46806.81
Wheat,Punjab,Kharif,2580,21.4,55206.63
Maize,Gujarat,Kharif,826,29.05,23995.03
Rice,Karnataka,Rabi,997,31.13,31040.44
Wheat,Tamil Nadu,Kharif,3184,30.91,98427.24
Cotton,Gujarat,Rabi,927,26.82,24862.99
Soybean,Tamil Nadu,Kharif,4944,32.89,162597.9
Wheat,Punjab,Kharif,732,27.27,19964.13
Cotton,Karnataka,Rabi,4212,27.49,115779.54
Soybean,Gujarat,Rabi,1582,17.49,27668.24
Cotton,Punjab,Kharif,851,17.58,14961.16
Rice,Tamil Nadu,Rabi,4254,27.12,115351.08
Cotton,Maharashtra,Kharif,4204,22.66,95258.48
Wheat,Maharashtra,Rabi,3790,30.24,114617.95
Rice,Tamil Nadu,Rabi,3327,30.48,101400.05
Rice,Karnataka,Rabi,2037,15.41,31392.07
Rice,Tamil Nadu,Rabi,2476,31.84,78841.35
Rice,Punjab,Kharif,1662,27.93,46423.78
Soybean,Gujarat,Kharif,4997,21.93,109559.57
Wheat,Tamil Nadu,Kharif,1172,28.33,33197.88
Rice,Karnataka,Kharif,1729,30.88,53391.52
Soybean,Maharashtra,Kharif,1775,31.31,55579.07
Cotton,Punjab,Rabi,2728,15.85,43235.57
Rice,Maharashtra,Kharif,2127,18.39,39113.18
Maize,Maharashtra,Kharif,1309,16.64,21782.8
Cotton,Punjab,Kharif,4269,21.73,92780.67
Rice,Tamil Nadu,Kharif,4156,20.12,83617.75
Rice,Gujarat,Kharif,771,22.93,17676.85
Wheat,Karnataka,Kharif,3020,24.61,74317.85
Maize,Punjab,Rabi,3408,23.57,80338.87
Rice,Maharashtra,Rabi,4249,27.32,116062.18
Maize,Punjab,Kharif,4917,15.47,76058.2
Soybean,Tamil Nadu,Rabi,868,16.29,14138.93
Maize,Punjab,Rabi,3384,21.25,71907.0
Soybean,Karnataka,Kharif,3218,22.63,72833.02
Soybean,Karnataka,Kharif,4518,23.35,105492.31
Cotton,Gujarat,Kharif,787,25.78,20290.66
Wheat,Maharashtra,Kharif,4885,20.6,100648.37
Cotton,Karnataka,Kharif,2951,17.87,52730.77
Soybean,Punjab,Kharif,4491,32.53,146081.18
Wheat,Punjab,Rabi,2981,22.6,67366.36
Wheat,Gujarat,Kharif,3958,31.67,125341.93
Soybean,Punjab,Kharif,2742,32.49,89089.52
Soybean,Karnataka,Rabi,2944,23.84,70174.69
Rice,Maharashtra,Rabi,4578,18.39,84193.32
Rice,Tamil Nadu,Kharif,987,30.93,30530.4
Rice,Punjab,Rabi,3309,24.87,82284.22
Cotton,Tamil Nadu,Kharif,2713,20.63,55957.16
Soybean,Karnataka,Rabi,3930,24.21,95164.61
Rice,Gujarat,Rabi,1624,24.25,39387.64
Cotton,Tamil Nadu,Rabi,4304,25.65,110404.62
Wheat,Karnataka,Rabi,3727,21.1,78656.75
Rice,Punjab,Rabi,4397,32.59,143301.19
Cotton,Punjab,Rabi,1354,34.07,46134.36
Cotton,Punjab,Rabi,3241,25.06,81228.48
Rice,Tamil Nadu,Kharif,962,20.87,20078.16
Soybean,Gujarat,Kharif,1923,22.65,43564.93
Wheat,Tamil Nadu,Kharif,3746,33.81,126667.7
Rice,Maharashtra,Rabi,4914,19.73,96967.47
Maize,Karnataka,Kharif,1863,26.79,49913.25
Soybean,Tamil Nadu,Rabi,2294,22.92,52582.07
Soybean,Gujarat,Rabi,1209,16.23,19624.42
Rice,Gujarat,Kharif,2852,22.86,65191.07
Wheat,Maharashtra,Rabi,1573,28.77,45253.54
Cotton,Gujarat,Rabi,4633,18.58,86060.87
Cotton,Karnataka,Rabi,3534,22.08,78039.92
Wheat,Karnataka,Kharif,2210,17.93,39634.78
Maize,Gujarat,Kharif,2351,16.95,39837.77
Wheat,Gujarat,Rabi,2851,17.54,50004.91
Maize,Maharashtra,Kharif,1737,24.02,41731.19
Rice,Gujarat,Rabi,4917,32.76,161078.09
Rice,Punjab,Kharif,2026,24.7,50040.92
Soybean,Karnataka,Rabi,1487,15.09,22438.39
Rice,Karnataka,Kharif,1776,21.76,38637.5
Maize,Punjab,Rabi,2326,26.52,61680.89
Wheat,Tamil Nadu,Kharif,2491,23.18,57747.58
Maize,Punjab,Rabi,1162,28.96,33650.12
Rice,Punjab,Kharif,2316,25.71,59538.58
Wheat,Punjab,Rabi,3591,17.56,63058.86
Maize,Maharashtra,Kharif,1069,22.05,23567.64
Soybean,Maharashtra,Rabi,4677,25.91,121189.4
Wheat,Tamil Nadu,Rabi,1776,18.89,33541.49
Maize,Tamil Nadu,Kharif,3749,31.91,119641.92
Wheat,Tamil Nadu,Kharif,4953,22.67,112270.88
Wheat,Gujarat,Rabi,4562,32.5,148277.87
Cotton,Gujarat,Rabi,632,21.5,13588.99
Cotton,Punjab,Kharif,1852,31.3,57961.02
Wheat,Gujarat,Kharif,2224,19.62,43630.98
Cotton,Karnataka,Rabi,1604,20.57,32991.48
Wheat,Tamil Nadu,Kharif,1544,24.26,37452.37
Rice,Karnataka,Rabi,2836,31.16,88362.92
Cotton,Maharashtra,Rabi,1538,15.2,23379.84
Rice,Maharashtra,Kharif,3757,15.69,58964.02
Rice,Tamil Nadu,Kharif,1077,31.39,33805.2
Soybean,Karnataka,Rabi,2089,15.22,31800.08
Maize,Karnataka,Rabi,615,25.54,15704.26
Soybean,Gujarat,Kharif,1692,21.23,35921.11
Wheat,Maharashtra,Kharif,2546,30.13,76706.17
Soybean,Gujarat,Kharif,4537,31.03,140767.48
Wheat,Gujarat,Rabi,4489,17.5,78558.9
Maize,Punjab,Rabi,1308,23.75,31063.94
Rice,Gujarat,Rabi,1745,33.32,58145.12
Maize,Punjab,Kharif,2045,30.23,61828.03
Maize,Tamil Nadu,Rabi,4766,32.11,153044.17
Wheat,Karnataka,Kharif,3136,21.07,66074.12
Rice,Punjab,Kharif,4316,28.15,121489.66
Rice,Maharashtra,Kharif,1885,29.43,55467.84
Soybean,Gujarat,Rabi,1939,30.21,58573.54
Soybean,Gujarat,Kharif,3350,29.99,100457.69
Soybean,Tamil Nadu,Rabi,3766,27.98,105391.22
Cotton,Gujarat,Kharif,4195,29.64,124319.41
Wheat,Karnataka,Rabi,1246,23.69,29519.42
Wheat,Karnataka,Rabi,4589,34.5,158332.01
Soybean,Karnataka,Kharif,1400,33.7,47177.64
Maize,Maharashtra,Kharif,3133,23.78,74509.45
Maize,Karnataka,Kharif,2218,24.35,54002.74
Cotton,Tamil Nadu,Rabi,1499,22.63,33925.61
Soybean,Karnataka,Rabi,1925,18.68,35967.01
Maize,Gujarat,Rabi,4997,18.86,94255.58
Cotton,Gujarat,Rabi,3227,28.33,91425.07
Maize,Maharashtra,Rabi,4400,16.03,70527.67
Wheat,Karnataka,Kharif,4678,29.35,137321.78
Rice,Tamil Nadu,Kharif,771,32.84,25316.31
Maize,Maharashtra,Kharif,4785,32.65,156250.92
Rice,Punjab,Rabi,2892,15.96,46170.78
Maize,Punjab,Rabi,3579,30.35,108609.67
Rice,Punjab,Kharif,4796,29.26,140343.56
Rice,Tamil Nadu,Kharif,4770,34.83,166143.67
Maize,Tamil Nadu,Kharif,900,25.81,23233.24
Rice,Maharashtra,Kharif,3702,28.54,105658.08
Rice,Punjab,Rabi,1230,29.25,35971.9
Wheat,Tamil Nadu,Kharif,2028,25.82,52372.88
Soybean,Punjab,Kharif,1206,18.33,22104.7
Wheat,Karnataka,Rabi,2781,28.11,78170.89
Wheat,Gujarat,Rabi,3522,24.26,85438.06
Soybean,Karnataka,Kharif,1716,17.2,29522.1
Cotton,Maharashtra,Rabi,4624,29.5,136413.26
Wheat,Karnataka,Rabi,3506,31.11,109080.93
Cotton,Tamil Nadu,Kharif,965,18.36,17713.97
Soybean,Karnataka,Kharif,2718,32.95,89548.48
Maize,Maharashtra,Kharif,3511,24.47,85902.61
Maize,Maharashtra,Rabi,3590,25.94,93114.74
Rice,Punjab,Rabi,3600,25.22,90802.85
Wheat,Tamil Nadu,Rabi,4934,15.68,77373.61
Maize,Punjab,Rabi,4791,19.44,93157.98
Soybean,Karnataka,Rabi,2774,16.74,46439.26
Wheat,Gujarat,Kharif,2793,21.94,61277.37
Maize,Karnataka,Rabi,930,31.38,29181.43
Soybean,Punjab,Rabi,3449,34.14,117744.74
Soybean,Maharashtra,Kharif,3337,30.42,101497.94
Maize,Gujarat,Rabi,3393,28.05,95159.01
Rice,Tamil Nadu,Kharif,553,16.38,9059.38
Cotton,Karnataka,Kharif,4042,28.96,117045.29
Maize,Maharashtra,Rabi,788,25.41,20027.0
Cotton,Karnataka,Kharif,523,31.1,16265.36
Rice,Karnataka,Rabi,3468,27.49,95340.34
Rice,Punjab,Rabi,1017,28.13,28607.31
Soybean,Karnataka,Rabi,1386,15.46,21426.67
Soybean,Tamil Nadu,Rabi,576,32.69,18831.23
Cotton,Punjab,Rabi,1726,30.76,53091.99
Cotton,Tamil Nadu,Rabi,3888,23.03,89546.2
Rice,Gujarat,Rabi,3832,19.4,74333.9
Rice,Punjab,Kharif,3239,30.01,97216.55
Soybean,Gujarat,Rabi,2886,29.64,85535.89
Maize,Karnataka,Kharif,1414,34.39,48627.75
Cotton,Karnataka,Kharif,3997,20.44,81709.15
Soybean,Gujarat,Kharif,3212,31.42,100921.3
Soybean,Punjab,Rabi,3295,32.58,107351.39
Soybean,Karnataka,Kharif,3714,19.68,73094.17
Cotton,Tamil Nadu,Rabi,685,18.29,12528.44
Maize,Punjab,Rabi,3143,17.38,54610.96
Wheat,Karnataka,Kharif,1014,33.55,34017.36
Rice,Maharashtra,Rabi,3487,16.32,56894.05
Rice,Punjab,Rabi,772,20.65,15943.96
Maize,Tamil Nadu,Kharif,2964,23.85,70699.74
Cotton,Gujarat,Kharif,4757,28.95,137693.95
Soybean,Maharashtra,Rabi,4636,26.82,124328.04
Cotton,Karnataka,Kharif,3563,25.65,91389.97
Maize,Tamil Nadu,Kharif,2599,26.11,67869.65
Maize,Tamil Nadu,Rabi,2529,23.75,60061.52
Rice,Punjab,Rabi,4099,17.4,71303.37
Soybean,Punjab,Kharif,1972,31.13,61393.05
Maize,Karnataka,Rabi,2124,28.8,61179.35
Cotton,Karnataka,Kharif,4287,21.62,92678.12
Maize,Gujarat,Kharif,503,23.3,11721.91
Wheat,Tamil Nadu,Rabi,4338,26.48,114864.39
Soybean,Tamil Nadu,Kharif,3209,34.17,109655.39
Wheat,Maharashtra,Kharif,1828,21.79,39830.89
Wheat,Karnataka,Kharif,2727,31.53,85972.92
Cotton,Karnataka,Rabi,2554,21.62,55208.14
Rice,Gujarat,Kharif,3339,27.68,92421.17
Rice,Gujarat,Rabi,785,30.86,24224.81
Soybean,Gujarat,Kharif,1936,32.44,62809.76
Rice,Maharashtra,Rabi,3758,27.97,105113.85
Wheat,Punjab,Kharif,4225,30.84,130307.7
Rice,Punjab,Kharif,1169,24.35,28466.05
Maize,Karnataka,Rabi,2857,15.68,44784.53
Rice,Karnataka,Rabi,3370,21.39,72098.19
Cotton,Maharashtra,Kharif,3777,34.12,128874.7
Rice,Karnataka,Rabi,2206,23.43,51686.94
Cotton,Karnataka,Rabi,2043,26.85,54851.67
Rice,Maharashtra,Rabi,3484,27.88,97124.16
Wheat,Tamil Nadu,Rabi,3168,17.79,56371.61
Cotton,Tamil Nadu,Kharif,2992,17.37,51956.77
Soybean,Gujarat,Kharif,3575,18.98,67839.42
Soybean,Maharashtra,Kharif,3366,26.51,89223.03
Wheat,Karnataka,Kharif,2479,27.86,69069.83
Maize,Maharashtra,Kharif,2220,21.95,48723.82
Wheat,Punjab,Kharif,4389,21.52,94469.19
Cotton,Maharashtra,Rabi,4526,34.61,156649.0
Rice,Karnataka,Rabi,2181,15.84,34543.65
Cotton,Karnataka,Rabi,4258,34.73,147879.4
Rice,Karnataka,Rabi,3282,33.0,108314.17
Soybean,Tamil Nadu,Kharif,1023,19.02,19456.27
Wheat,Tamil Nadu,Rabi,896,25.93,23232.32
Soybean,Tamil Nadu,Kharif,2602,15.41,40107.33
Maize,Tamil Nadu,Kharif,1157,22.05,25516.81
Cotton,Maharashtra,Kharif,772,15.64,12076.12
Wheat,Maharashtra,Kharif,2942,16.05,47228.51
Maize,Gujarat,Rabi,841,24.86,20909.25
Wheat,Tamil Nadu,Rabi,1005,18.26,18349.61
Wheat,Tamil Nadu,Kharif,3795,19.22,72935.32
Wheat,Karnataka,Rabi,3968,22.9,90867.17
Rice,Maharashtra,Rabi,651,18.98,12356.52
Wheat,Tamil Nadu,Rabi,4636,25.11,116424.76
Soybean,Tamil Nadu,Rabi,1319,15.22,20080.47
Cotton,Tamil Nadu,Kharif,4116,33.77,139009.95
Rice,Tamil Nadu,Kharif,3715,31.56,117251.4
Wheat,Punjab,Kharif,4549,23.35,106215.45
Maize,Karnataka,Kharif,1993,31.85,63480.65
Maize,Karnataka,Rabi,675,31.84,21493.09
Cotton,Maharashtra,Rabi,1015,28.91,29346.68
Maize,Tamil Nadu,Rabi,2153,20.74,44654.21
Rice,Punjab,Rabi,2106,15.24,32101.74
Maize,Tamil Nadu,Rabi,4822,23.57,113657.04
Wheat,Punjab,Kharif,3959,28.45,112615.47
Wheat,Karnataka,Kharif,3873,30.45,117937.59
Cotton,Maharashtra,Rabi,2145,28.64,61425.2
Soybean,Karnataka,Rabi,4566,23.96,109394.05
Rice,Tamil Nadu,Kharif,2401,20.88,50138.52
Wheat,Gujarat,Kharif,882,16.8,14815.17
Rice,Gujarat,Kharif,3718,33.6,124910.21
Rice,Punjab,Kharif,3903,16.65,64972.34
Cotton,Karnataka,Rabi,3737,19.36,72330.29
Maize,Tamil Nadu,Rabi,3442,29.26,100706.84
Cotton,Karnataka,Rabi,990,19.73,19532.59
Soybean,Gujarat,Kharif,1071,16.6,17780.25
Rice,Tamil Nadu,Rabi,3508,34.38,120590.04
Cotton,Maharashtra,Kharif,2406,15.74,37873.89
Soybean,Tamil Nadu,Kharif,4276,27.26,116582.02
Wheat,Maharashtra,Kharif,2365,18.76,44367.26
Wheat,Maharashtra,Kharif,3184,28.98,92265.4
Rice,Punjab,Rabi,1349,22.61,30503.74
Soybean,Tamil Nadu,Rabi,4570,24.65,112634.05
Soybean,Karnataka,Kharif,2027,31.43,63709.72
Maize,Gujarat,Rabi,2623,21.4,56142.35
Soybean,Punjab,Kharif,1120,24.77,27739.58
Rice,Karnataka,Rabi,1208,16.68,20146.16
Soybean,Gujarat,Kharif,4664,26.53,123749.57
Wheat,Punjab,Rabi,4948,34.92,172761.16
Maize,Karnataka,Kharif,1028,34.69,35662.59
Cotton,Karnataka,Rabi,1210,34.35,41567.54
Wheat,Gujarat,Kharif,2846,30.93,88019.58
Cotton,Karnataka,Rabi,1449,15.18,21996.34
Rice,Punjab,Rabi,4608,25.03,115343.13
Wheat,Punjab,Rabi,3578,33.41,119555.88
Wheat,Punjab,Kharif,1117,17.58,19632.6
Rice,Maharashtra,Rabi,2494,23.25,57982.57
Cotton,Maharashtra,Rabi,1189,23.16,27531.78
Wheat,Maharashtra,Kharif,1668,17.47,29146.42
Soybean,Karnataka,Rabi,1953,15.96,31174.25
Rice,Gujarat,Kharif,3054,30.61,93497.51
Wheat,Tamil Nadu,Kharif,2920,25.73,75139.03
Cotton,Karnataka,Rabi,4263,22.31,95109.43
Wheat,Gujarat,Kharif,707,26.32,18604.77
Rice,Tamil Nadu,Rabi,4906,29.17,143086.74
Cotton,Gujarat,Rabi,3644,17.75,64687.43
Soybean,Gujarat,Kharif,2407,21.59,51969.29
Rice,Gujarat,Kharif,4023,17.4,70015.59
Maize,Karnataka,Kharif,779,26.92,20971.8
Soybean,Punjab,Kharif,860,25.79,22175.81
Cotton,Punjab,Kharif,2596,32.32,83903.79
Wheat,Tamil Nadu,Rabi,849,18.84,15996.44
Cotton,Karnataka,Kharif,1017,29.15,29647.61
Wheat,Tamil Nadu,Kharif,2869,18.17,52136.12
Cotton,Tamil Nadu,Rabi,2503,16.38,41009.54
Soybean,Gujarat,Rabi,3193,26.7,85251.24
Soybean,Gujarat,Kharif,3330,32.69,108856.89
Rice,Maharashtra,Kharif,4859,24.72,120092.91
Rice,Gujarat,Rabi,896,23.94,21447.75
Soybean,Gujarat,Kharif,2136,29.79,63639.69
Maize,Maharashtra,Rabi,3292,27.73,91285.78
Maize,Tamil Nadu,Rabi,2763,29.07,80330.23
Rice,Punjab,Rabi,2644,31.67,83742.38
Wheat,Karnataka,Rabi,4271,25.48,108819.37
Rice,Punjab,Kharif,2887,32.51,93859.37
Wheat,Maharashtra,Kharif,3099,30.98,96014.39
Wheat,Gujarat,Rabi,1731,18.07,31272.79
Rice,Gujarat,Rabi,4935,17.4,85845.91
Wheat,Gujarat,Kharif,1135,33.66,38199.83
Soybean,Gujarat,Rabi,4957,26.28,130254.92
Soybean,Maharashtra,Rabi,3477,23.12,80398.96
Maize,Punjab,Kharif,1162,28.46,33071.33
Cotton,Gujarat,Rabi,651,28.66,18654.49
Rice,Maharashtra,Rabi,2789,23.66,65986.95
Cotton,Karnataka,Rabi,2882,18.11,52180.83
Cotton,Karnataka,Rabi,1198,22.26,26669.65
Cotton,Punjab,Kharif,2022,34.91,70585.98
Maize,Maharashtra,Kharif,638,34.35,21913.04
Rice,Karnataka,Kharif,2049,19.14,39216.85
Soybean,Maharashtra,Kharif,4975,28.09,139760.22
Soybean,Tamil Nadu,Kharif,4010,21.61,86657.43
Rice,Maharashtra,Kharif,2602,16.45,42814.29
Cotton,Gujarat,Kharif,4971,31.95,158820.18
Cotton,Tamil Nadu,Kharif,3690,29.23,107871.23
Cotton,Tamil Nadu,Rabi,2569,17.45,44830.25
Soybean,Gujarat,Kharif,2174,16.61,36109.57
Cotton,Tamil Nadu,Rabi,2198,18.64,40963.44
Maize,Punjab,Rabi,4618,25.74,118877.2
Maize,Gujarat,Kharif,3140,32.02,100556.26
Wheat,Punjab,Rabi,3253,18.11,58920.94
Soybean,Punjab,Kharif,4956,18.54,91903.2
Maize,Gujarat,Kharif,4187,25.73,107738.74
Rice,Maharashtra,Rabi,1481,32.67,48385.37
Cotton,Punjab,Rabi,4973,25.43,126448.58
Maize,Gujarat,Rabi,3775,31.92,120491.15
Wheat,Gujarat,Rabi,4634,16.51,76485.24
Rice,Gujarat,Rabi,4884,19.94,97364.04
Cotton,Gujarat,Kharif,2801,28.18,78928.87
Rice,Karnataka,Kharif,1056,19.55,20645.43
Cotton,Maharashtra,Kharif,4577,20.73,94881.27
Wheat,Tamil Nadu,Rabi,1984,20.14,39961.36
Cotton,Tamil Nadu,Kharif,1358,23.53,31953.34
Rice,Tamil Nadu,Kharif,3132,22.77,71315.36
Maize,Tamil Nadu,Kharif,3883,29.9,116119.33
Rice,Punjab,Kharif,4281,29.86,127812.93
Maize,Tamil Nadu,Rabi,4735,20.9,98972.34
Maize,Maharashtra,Rabi,2996,29.69,88938.46
Maize,Karnataka,Rabi,4405,24.57,108227.85
Rice,Gujarat,Rabi,4652,20.24,94166.2
Wheat,Punjab,Rabi,4689,24.38,114340.41
Wheat,Tamil Nadu,Kharif,2021,24.77,50054.83
Cotton,Maharashtra,Rabi,671,33.6,22542.61
Cotton,Punjab,Kharif,3180,28.22,89739.68
Soybean,Punjab,Kharif,560,20.45,11453.81
Cotton,Tamil Nadu,Rabi,3295,29.07,95774.4
Rice,Gujarat,Rabi,4825,27.19,131174.44
Rice,Maharashtra,Rabi,3680,29.52,108641.12
Soybean,Karnataka,Kharif,1850,16.93,31311.54
Maize,Tamil Nadu,Rabi,3411,30.56,104245.82
Rice,Gujarat,Rabi,2938,33.2,97531.05
Wheat,Maharashtra,Rabi,3073,28.39,87234.54
Soybean,Gujarat,Rabi,2820,26.6,75009.73
Cotton,Karnataka,Rabi,4337,33.83,146705.65
Wheat,Maharashtra,Rabi,1568,22.61,35460.3
Wheat,Gujarat,Rabi,940,29.27,27513.87
Cotton,Gujarat,Kharif,1758,32.16,56536.19
Cotton,Maharashtra,Rabi,1088,24.09,26210.45
Soybean,Gujarat,Rabi,776,28.9,22425.58
Wheat,Maharashtra,Rabi,1038,30.47,31629.6
Rice,Karnataka,Rabi,3056,18.63,56931.33
Rice,Punjab,Kharif,2520,19.49,49104.38
Wheat,Karnataka,Kharif,3364,15.58,52414.98
Rice,Punjab,Kharif,3556,21.03,74777.24
Maize,Tamil Nadu,Rabi,4197,26.1,109526.02
Wheat,Gujarat,Kharif,4067,30.29,123202.88
Rice,Karnataka,Rabi,1874,16.22,30396.86
Rice,Karnataka,Rabi,4336,18.28,79242.84
Maize,Karnataka,Rabi,3201,22.36,71560.46
Rice,Gujarat,Rabi,3246,29.65,96227.93
Wheat,Maharashtra,Kharif,4384,22.69,99466.78
Wheat,Tamil Nadu,Rabi,1120,30.66,34338.56
Maize,Gujarat,Rabi,1034,27.87,28821.34
Cotton,Punjab,Rabi,4082,33.53,136877.3
Maize,Maharashtra,Kharif,4390,18.13,79585.56
Rice,Punjab,Rabi,4805,25.0,120133.56
Maize,Maharashtra,Rabi,574,17.36,9963.93
Maize,Punjab,Rabi,3278,15.67,51359.16
Wheat,Karnataka,Rabi,4494,30.15,135512.18
Cotton,Punjab,Rabi,2126,32.01,68063.19
Maize,Gujarat,Kharif,1445,21.08,30454.04
Cotton,Gujarat,Kharif,740,19.31,14287.34
Maize,Gujarat,Rabi,869,23.72,20616.94
Maize,Maharashtra,Kharif,2267,19.9,45118.38
Wheat,Maharashtra,Kharif,1892,24.12,45626.66
Cotton,Punjab,Rabi,2825,17.26,48756.6
Wheat,Maharashtra,Kharif,2994,17.22,51554.97
Soybean,Gujarat,Kharif,4692,19.8,92902.66
Rice,Karnataka,Kharif,3192,18.76,59881.3
Maize,Punjab,Rabi,3789,25.11,95133.18
Wheat,Karnataka,Rabi,3979,23.67,94173.17
Wheat,Maharashtra,Kharif,4869,32.08,156217.21
Soybean,Tamil Nadu,Rabi,2444,29.97,73236.8
Cotton,Maharashtra,Kharif,1330,29.82,39661.55
Wheat,Maharashtra,Rabi,1864,17.63,32870.02
Cotton,Punjab,Kharif,2414,20.36,49153.96
Soybean,Karnataka,Rabi,4222,25.29,106781.39
Maize,Gujarat,Kharif,2058,24.07,49541.79
Soybean,Maharashtra,Kharif,4527,34.48,156104.84
Cotton,Gujarat,Rabi,892,24.39,21753.53
Cotton,Punjab,Kharif,2330,20.82,48507.75
Rice,Tamil Nadu,Kharif,2185,18.68,40808.84
Maize,Tamil Nadu,Rabi,722,20.93,15113.29
Rice,Gujarat,Rabi,4553,22.94,104427.4
Wheat,Punjab,Rabi,1250,25.45,31814.03
Cotton,Karnataka,Rabi,1390,23.23,32290.36
Maize,Maharashtra,Kharif,3481,19.07,66378.15
Maize,Maharashtra,Rabi,2368,25.84,61180.92
Rice,Karnataka,Kharif,3337,34.24,114266.07
Cotton,Maharashtra,Rabi,3129,22.11,69184.01
Soybean,Punjab,Kharif,4459,28.35,126415.01
Soybean,Punjab,Rabi,2508,17.56,44037.96
Cotton,Punjab,Rabi,681,23.58,16058.35
Soybean,Maharashtra,Rabi,4151,16.63,69015.39
Wheat,Tamil Nadu,Rabi,3171,33.67,106760.91
Maize,Karnataka,Rabi,2805,34.77,97518.08
Maize,Gujarat,Rabi,1355,22.32,30245.6
Wheat,Tamil Nadu,Kharif,3869,24.93,96448.5
Soybean,Karnataka,Kharif,1799,19.9,35806.93
Soybean,Gujarat,Kharif,543,26.07,14156.54
Rice,Karnataka,Rabi,871,21.01,18300.77
Maize,Gujarat,Rabi,4458,31.78,141693.54
Cotton,Maharashtra,Kharif,530,15.14,8024.85
Rice,Tamil Nadu,Rabi,1485,18.54,27526.4
Wheat,Maharashtra,Rabi,1451,29.92,43412.43
Soybean,Punjab,Kharif,3705,30.75,113931.18
Rice,Maharashtra,Kharif,3017,21.66,65339.45
Cotton,Gujarat,Kharif,3732,24.95,93100.63
Soybean,Maharashtra,Rabi,1152,33.92,39071.11
Maize,Maharashtra,Kharif,4681,26.07,122040.76
Soybean,Maharashtra,Rabi,842,31.68,26676.69
Rice,Maharashtra,Rabi,2392,28.85,69017.51
Rice,Karnataka,Rabi,2851,29.09,82933.44
Wheat,Karnataka,Rabi,4867,21.52,104738.31
Wheat,Karnataka,Kharif,1382,18.56,25646.01
Cotton,Maharashtra,Kharif,4161,34.82,144868.02
Cotton,Gujarat,Kharif,1846,17.6,32483.05
Wheat,Maharashtra,Rabi,3253,34.95,113676.51
Wheat,Karnataka,Kharif,3538,29.89,105735.31
Wheat,Maharashtra,Kharif,1876,33.98,63743.02
Maize,Maharashtra,Kharif,502,29.99,15054.12
Maize,Tamil Nadu,Kharif,3365,20.36,68496.25
Wheat,Karnataka,Kharif,4584,18.43,84473.41
Cotton,Tamil Nadu,Kharif,4398,16.38,72045.19
Cotton,Maharashtra,Kharif,4576,28.32,129609.91
Rice,Punjab,Rabi,889,18.79,16707.81
Soybean,Maharashtra,Kharif,3460,19.08,66026.03
Wheat,Punjab,Kharif,700,21.34,14936.54
Rice,Gujarat,Kharif,4403,22.97,101125.27
Wheat,Punjab,Rabi,4917,23.76,116844.53
Rice,Tamil Nadu,Kharif,3422,30.48,104303.04
Cotton,Punjab,Kharif,3286,32.21,105853.5
Rice,Gujarat,Rabi,626,17.73,11101.42
Rice,Maharashtra,Rabi,1126,16.54,18619.53
Wheat,Maharashtra,Rabi,1497,30.55,45738.96
Soybean,Punjab,Rabi,3343,21.57,72106.9
Maize,Karnataka,Kharif,1156,23.01,26595.72
Rice,Gujarat,Rabi,3731,24.48,91322.28
Wheat,Maharashtra,Kharif,2810,34.97,98277.02
Cotton,Punjab,Rabi,4681,34.38,160937.84
Cotton,Maharashtra,Rabi,1264,33.35,42155.92
Wheat,Gujarat,Rabi,4387,18.74,82208.14
Soybean,Tamil Nadu,Rabi,4483,21.14,94759.97
Rice,Punjab,Rabi,3849,34.24,131774.72
Cotton,Punjab,Kharif,2919,17.11,49945.39
Wheat,Maharashtra,Kharif,4889,16.95,82892.08
Rice,Gujarat,Rabi,3838,17.0,65232.08
Maize,Maharashtra,Kharif,1668,32.54,54283.84
Cotton,Tamil Nadu,Kharif,3440,34.39,118285.01
Soybean,Maharashtra,Rabi,2428,23.43,56880.39
Maize,Karnataka,Kharif,4214,30.02,126518.61
Cotton,Punjab,Rabi,3363,26.42,88848.64
Maize,Punjab,Kharif,1753,32.17,56392.39
Cotton,Punjab,Kharif,3729,20.97,78182.06
Maize,Tamil Nadu,Kharif,2686,24.59,66056.21
Rice,Tamil Nadu,Kharif,502,24.99,12542.89
Rice,Punjab,Kharif,4830,26.28,126919.45
Cotton,Punjab,Kharif,1082,16.69,18053.67
Soybean,Punjab,Kharif,524,21.66,11351.43
Maize,Gujarat,Kharif,841,15.48,13022.63
Soybean,Maharashtra,Kharif,4386,28.63,125574.39
Maize,Maharashtra,Rabi,3642,24.29,88455.36
Maize,Maharashtra,Rabi,4824,28.52,137604.58
Rice,Maharashtra,Rabi,4732,33.37,157916.25
Wheat,Gujarat,Rabi,4538,30.01,136205.08
Maize,Tamil Nadu,Kharif,1395,26.15,36485.12
Maize,Punjab,Kharif,2610,25.18,65707.38
Cotton,Punjab,Rabi,2809,23.06,64783.36
Wheat,Tamil Nadu,Rabi,3420,22.42,76684.99
Maize,Maharashtra,Rabi,2604,34.73,90425.18
Maize,Tamil Nadu,Kharif,2008,28.21,56636.91
Wheat,Punjab,Kharif,4582,20.53,94069.75
Soybean,Tamil Nadu,Kharif,4039,31.01,125249.27
Maize,Karnataka,Kharif,2558,19.96,51065.76
Maize,Punjab,Kharif,894,15.07,13475.81
Maize,Gujarat,Rabi,4693,21.49,100860.74
Rice,Karnataka,Rabi,2911,25.8,75114.3
Rice,Karnataka,Kharif,3166,27.9,88327.67
Wheat,Punjab,Kharif,658,32.06,21094.08
Cotton,Tamil Nadu,Rabi,2194,19.62,43053.86
Cotton,Gujarat,Rabi,4953,27.68,137101.27
Wheat,Karnataka,Kharif,1516,17.22,26108.67
Rice,Maharashtra,Rabi,4486,25.64,115000.14
Rice,Gujarat,Rabi,1344,28.73,38618.59
Maize,Tamil Nadu,Kharif,2462,16.16,39778.62
Wheat,Maharashtra,Kharif,3928,24.67,96922.06
Cotton,Karnataka,Kharif,2938,15.08,44304.51
Cotton,Gujarat,Rabi,4183,16.78,70210.18
Soybean,Punjab,Kharif,734,27.05,19856.18
Wheat,Karnataka,Kharif,4862,24.1,117195.81
Rice,Karnataka,Kharif,1610,29.5,47489.41
Wheat,Gujarat,Rabi,1850,25.69,47531.88
Rice,Tamil Nadu,Kharif,1911,15.11,28868.63
Cotton,Karnataka,Kharif,3784,16.39,62005.06
Maize,Gujarat,Rabi,2136,19.38,41389.51
Wheat,Punjab,Rabi,887,32.07,28442.47
Maize,Gujarat,Rabi,4131,19.21,79376.51
Maize,Maharashtra,Rabi,2285,24.0,54835.65
Soybean,Punjab,Rabi,1802,26.87,48428.1
Cotton,Gujarat,Kharif,1804,26.37,47574.22
Wheat,Tamil Nadu,Rabi,3125,15.81,49402.87
Maize,Punjab,Rabi,3637,23.7,86183.98
Wheat,Tamil Nadu,Kharif,2110,31.68,66843.8
Soybean,Gujarat,Rabi,4893,25.21,123363.66
Maize,Tamil Nadu,Rabi,2811,23.1,64927.4
Cotton,Karnataka,Rabi,1040,32.01,33288.07
Maize,Tamil Nadu,Kharif,3072,31.88,97926.57
Soybean,Tamil Nadu,Kharif,1126,19.74,22229.55
Wheat,Gujarat,Rabi,4281,31.64,135432.27
Cotton,Maharashtra,Rabi,4465,32.57,145403.44
Wheat,Maharashtra,Rabi,3907,22.9,89482.24
Rice,Maharashtra,Rabi,3153,29.13,91846.37
Soybean,Gujarat,Kharif,603,19.34,11662.08
Soybean,Maharashtra,Kharif,4959,19.58,97090.11
Rice,Gujarat,Kharif,4169,27.52,114737.98
Wheat,Maharashtra,Rabi,2815,22.32,62824.78
Rice,Gujarat,Rabi,2607,21.38,55732.42
Maize,Maharashtra,Kharif,1336,29.4,39277.65
Soybean,Punjab,Rabi,3807,15.06,57328.42
Cotton,Tamil Nadu,Kharif,4872,17.86,87004.43
Cotton,Tamil Nadu,Rabi,1401,34.52,48368.29
Maize,Gujarat,Kharif,2661,32.4,86205.73
Rice,Karnataka,Rabi,1455,33.83,49218.16
Cotton,Karnataka,Kharif,788,21.25,16746.23
Maize,Punjab,Kharif,3349,26.04,87199.51
Soybean,Punjab,Rabi,1592,30.97,49299.3
Rice,Maharashtra,Kharif,4715,26.45,124693.25
Rice,Tamil Nadu,Rabi,748,26.54,19848.77
Rice,Gujarat,Kharif,1485,30.45,45218.52
Cotton,Maharashtra,Rabi,1386,32.57,45139.0
Rice,Punjab,Rabi,3934,24.0,94401.66
Maize,Punjab,Rabi,1853,22.55,41779.96
Soybean,Punjab,Rabi,2575,18.94,48767.0
Rice,Tamil Nadu,Rabi,4730,16.67,78825.45
Wheat,Gujarat,Kharif,3785,17.45,66061.79
Cotton,Karnataka,Rabi,4624,21.09,97533.16
Soybean,Punjab,Rabi,949,17.77,16863.51
Wheat,Tamil Nadu,Kharif,4498,33.69,151516.32
Wheat,Punjab,Kharif,2561,21.76,55717.33
Cotton,Tamil Nadu,Rabi,866,20.78,17993.56
Rice,Maharashtra,Kharif,3187,33.72,107449.9
Rice,Tamil Nadu,Rabi,1086,29.47,32006.48
Maize,Karnataka,Kharif,2378,29.0,68973.8
Maize,Maharashtra,Kharif,2580,27.89,71965.73
Rice,Karnataka,Rabi,4074,25.22,102735.17
Maize,Gujarat,Rabi,2894,15.28,44214.47
Wheat,Gujarat,Kharif,841,16.4,13794.73
Wheat,Maharashtra,Rabi,2429,19.81,48108.2
Soybean,Gujarat,Kharif,928,18.5,17164.09
Wheat,Karnataka,Rabi,2150,24.38,52414.45
Soybean,Punjab,Kharif,2348,34.43,80832.58
Cotton,Maharashtra,Rabi,3534,29.61,104635.56
Wheat,Punjab,Rabi,4154,27.39,113775.49
Cotton,Punjab,Rabi,4096,34.24,140232.23
Wheat,Punjab,Kharif,3500,34.24,119839.87
Soybean,Punjab,Rabi,4116,16.68,68636.0
Rice,Tamil Nadu,Rabi,4730,24.69,116790.77
Cotton,Punjab,Kharif,1938,18.67,36189.93
Cotton,Tamil Nadu,Rabi,2137,21.87,46739.64
Soybean,Punjab,Rabi,3862,34.41,132909.36
Wheat,Gujarat,Rabi,3502,25.71,90025.56
Maize,Karnataka,Kharif,2404,33.12,79619.75
Rice,Gujarat,Kharif,4421,30.66,135547.92
Maize,Maharashtra,Kharif,859,29.86,25649.86
Rice,Maharashtra,Kharif,2054,34.75,71382.4
Maize,Gujarat,Rabi,4031,23.8,95952.09
Cotton,Gujarat,Kharif,1063,19.21,20420.61
Cotton,Karnataka,Kharif,2265,15.92,36068.46
Maize,Tamil Nadu,Rabi,4919,26.56,130627.85
Wheat,Punjab,Rabi,4207,32.3,135894.48
Wheat,Gujarat,Rabi,4434,26.26,116428.74
Wheat,Maharashtra,Kharif,1779,27.0,48029.36
Soybean,Karnataka,Rabi,4936,24.96,123190.59
Wheat,Punjab,Rabi,1095,24.13,26425.37
Cotton,Gujarat,Rabi,2617,31.34,82027.23
Cotton,Tamil Nadu,Kharif,1491,21.77,32457.9
Maize,Punjab,Kharif,1593,19.23,30635.32
Cotton,Punjab,Kharif,2500,15.24,38098.58
Rice,Karnataka,Rabi,2681,21.04,56415.5
Cotton,Tamil Nadu,Kharif,4660,21.16,98610.14
Wheat,Punjab,Kharif,1316,24.08,31684.43
Wheat,Tamil Nadu,Rabi,2530,28.47,72017.87
Maize,Tamil Nadu,Rabi,2108,27.83,58671.01
Maize,Punjab,Kharif,1558,25.2,39255.51
Rice,Gujarat,Kharif,3003,28.91,86821.52
Maize,Punjab,Rabi,4360,19.6,85446.31
Cotton,Gujarat,Kharif,2138,16.31,34866.45
Soybean,Tamil Nadu,Rabi,3462,20.16,69777.17
Maize,Tamil Nadu,Rabi,3794,25.11,95249.94
Soybean,Maharashtra,Rabi,2444,17.16,41950.01
Soybean,Karnataka,Rabi,2164,16.04,34702.05
Cotton,Gujarat,Kharif,2166,28.32,61334.57
Wheat,Karnataka,Rabi,3773,16.0,60383.73
Wheat,Punjab,Kharif,2586,25.62,66243.7
Cotton,Maharashtra,Rabi,1067,29.14,31089.74
Rice,Gujarat,Rabi,4025,31.97,128681.66
Rice,Maharashtra,Rabi,4967,32.24,160154.82
Wheat,Gujarat,Kharif,4059,27.8,112826.06
Soybean,Maharashtra,Rabi,1303,20.51,26720.56
Cotton,Tamil Nadu,Rabi,1108,19.34,21425.76
Wheat,Gujarat,Rabi,1076,17.85,19210.49
Cotton,Tamil Nadu,Rabi,3605,29.02,104613.29
Maize,Tamil Nadu,Kharif,3514,22.07,77543.44
Cotton,Punjab,Rabi,3458,18.87,65253.63
Wheat,Maharashtra,Rabi,3698,26.35,97448.66
Soybean,Gujarat,Kharif,2091,19.36,40479.37
Wheat,Punjab,Kharif,2000,22.03,44053.85
Wheat,Punjab,Kharif,4515,17.14,77383.25
Wheat,Karnataka,Kharif,2138,18.08,38652.79
Wheat,Maharashtra,Rabi,629,25.14,15814.23
Maize,Punjab,Kharif,3915,17.0,66549.31
Maize,Tamil Nadu,Kharif,4727,17.94,84826.0
Rice,Tamil Nadu,Kharif,4657,16.62,77404.69
Soybean,Maharashtra,Rabi,3121,16.41,51227.41
Soybean,Gujarat,Kharif,2350,33.64,79045.56
Wheat,Karnataka,Kharif,4727,22.08,104394.37
Rice,Gujarat,Rabi,3509,16.66,58452.45
Rice,Gujarat,Rabi,4632,30.1,139414.92
Wheat,Punjab,Kharif,2470,18.53,45759.89
Soybean,Maharashtra,Rabi,4502,28.01,126093.08
Soybean,Tamil Nadu,Kharif,3059,27.73,84813.44
Wheat,Gujarat,Kharif,2135,17.72,37833.31
Wheat,Karnataka,Kharif,3403,28.77,97887.47
Wheat,Maharashtra,Rabi,956,21.52,20571.47
Soybean,Gujarat,Rabi,571,34.62,19770.12
Maize,Karnataka,Rabi,901,27.79,25039.57
Rice,Tamil Nadu,Rabi,4748,29.77,141355.28
Rice,Tamil Nadu,Rabi,4847,16.66,80752.93
Wheat,Gujarat,Kharif,1691,19.28,32603.94
Cotton,Punjab,Rabi,1362,20.36,27727.29
Soybean,Tamil Nadu,Rabi,2787,31.23,87034.54
Maize,Gujarat,Kharif,2809,26.36,74043.36
Wheat,Maharashtra,Rabi,4751,34.73,164984.45
Maize,Punjab,Rabi,2301,21.67,49861.77
Soybean,Karnataka,Kharif,1991,21.44,42678.96
Maize,Maharashtra,Kharif,708,15.06,10665.45
Wheat,Tamil Nadu,Rabi,4275,29.27,125150.39
Cotton,Punjab,Kharif,3866,16.36,63250.71
Wheat,Karnataka,Kharif,3111,25.13,78176.96
Maize,Tamil Nadu,Rabi,2942,24.87,73157.8
Soybean,Tamil Nadu,Rabi,2137,29.72,63501.41
Maize,Gujarat,Kharif,2170,26.16,56757.24
Cotton,Tamil Nadu,Rabi,2315,18.01,41691.51
Maize,Maharashtra,Kharif,3310,31.42,104001.11
Rice,Tamil Nadu,Kharif,3783,26.83,101491.86
Maize,Maharashtra,Kharif,3489,22.55,78669.45
Rice,Gujarat,Kharif,1992,26.26,52319.36
Cotton,Maharashtra,Rabi,2275,16.06,36530.28
Wheat,Gujarat,Rabi,4932,33.05,163003.03
Maize,Maharashtra,Kharif,3126,31.31,97863.79
Soybean,Maharashtra,Kharif,4699,18.64,87592.18
Wheat,Tamil Nadu,Kharif,2600,31.21,81152.68
Rice,Tamil Nadu,Kharif,989,19.06,18845.73
Wheat,Gujarat,Rabi,2236,17.49,39098.03
Rice,Karnataka,Rabi,4434,27.39,121445.09
Wheat,Gujarat,Rabi,1399,21.75,30435.21
Maize,Karnataka,Kharif,2663,26.92,71685.09
Rice,Maharashtra,Kharif,3373,23.02,77635.03
Wheat,Maharashtra,Kharif,4551,26.55,120837.18
Maize,Maharashtra,Rabi,3615,17.97,64964.26
Rice,Tamil Nadu,Kharif,2318,22.25,51584.51
Wheat,Gujarat,Rabi,4169,33.43,139381.13
Wheat,Karnataka,Kharif,3072,20.92,64270.81
Maize,Karnataka,Rabi,2290,17.64,40405.83
Soybean,Maharashtra,Kharif,4163,23.11,96203.64
Rice,Punjab,Rabi,1242,27.96,34730.96
Maize,Maharashtra,Rabi,4281,16.95,72576.03
Maize,Maharashtra,Kharif,839,24.63,20663.5
Wheat,Punjab,Rabi,3650,22.04,80443.76
Soybean,Punjab,Rabi,2547,28.81,73385.26
Wheat,Tamil Nadu,Kharif,4432,26.73,118447.19
Rice,Karnataka,Rabi,3960,19.7,78018.57
Rice,Tamil Nadu,Kharif,3363,27.95,93982.6
Soybean,Maharashtra,Rabi,1440,27.92,40211.49
Rice,Gujarat,Kharif,4261,17.96,76519.43
Soybean,Punjab,Rabi,2192,24.54,53788.97
Wheat,Karnataka,Rabi,3619,22.11,80013.44
Soybean,Karnataka,Rabi,1742,18.78,32706.97
Maize,Maharashtra,Rabi,794,18.02,14309.57
Rice,Tamil Nadu,Rabi,1924,23.89,45963.1
Wheat,Maharashtra,Kharif,4806,34.83,167369.43
Maize,Gujarat,Kharif,1656,16.26,26931.92
Wheat,Karnataka,Rabi,1870,29.47,55099.77
Wheat,Karnataka,Rabi,2302,24.58,56591.1
Rice,Maharashtra,Rabi,1654,23.23,38426.61
Cotton,Maharashtra,Rabi,4582,29.8,136547.73
Cotton,Karnataka,Kharif,3542,32.25,114235.1
Rice,Gujarat,Kharif,3437,33.51,115171.52
Cotton,Maharashtra,Rabi,1839,28.85,53048.26
Cotton,Punjab,Rabi,1383,18.06,24979.11
Cotton,Gujarat,Rabi,1947,19.65,38254.47
Soybean,Maharashtra,Kharif,1258,34.06,42846.71
Cotton,Punjab,Rabi,2020,32.01,64659.52
Soybean,Karnataka,Rabi,4037,23.85,96298.82
Cotton,Maharashtra,Rabi,3174,18.83,59773.53
Soybean,Punjab,Rabi,991,30.41,30136.4
Cotton,Karnataka,Rabi,4838,26.44,127902.37
Rice,Karnataka,Kharif,3497,27.35,95639.68
Cotton,Punjab,Kharif,1715,21.78,37356.31
Cotton,Karnataka,Kharif,2729,21.2,57842.5
Cotton,Gujarat,Rabi,4623,15.46,71457.32
Rice,Punjab,Kharif,1979,27.61,54646.05
Maize,Tamil Nadu,Kharif,4470,29.77,133070.99
Soybean,Gujarat,Kharif,1606,16.66,26762.02
Cotton,Gujarat,Kharif,4865,22.38,108871.71
Cotton,Tamil Nadu,Kharif,1790,27.84,49825.11
Cotton,Gujarat,Rabi,4824,33.31,160663.51
Rice,Maharashtra,Kharif,1952,23.89,46638.48
Cotton,Tamil Nadu,Kharif,2834,23.84,67549.55
Rice,Tamil Nadu,Kharif,2375,30.85,73269.87
Soybean,Tamil Nadu,Kharif,4127,34.42,142034.98
Rice,Maharashtra,Kharif,1442,23.12,33332.63
Maize,Tamil Nadu,Kharif,1828,23.36,42706.98
Cotton,Karnataka,Kharif,2988,18.34,54792.66
Cotton,Gujarat,Rabi,2736,28.89,79045.13
Rice,Tamil Nadu,Kharif,4111,27.33,112362.32
Rice,Maharashtra,Kharif,3975,29.77,118321.3
Maize,Gujarat,Rabi,3017,32.99,99536.19
Cotton,Punjab,Rabi,2653,25.42,67441.22
Rice,Gujarat,Kharif,2367,31.7,75026.02
Rice,Maharashtra,Rabi,4188,24.01,100542.34
Cotton,Punjab,Kharif,590,31.78,18747.55
Wheat,Maharashtra,Kharif,849,25.14,21347.05
Cotton,Gujarat,Rabi,4350,16.47,71629.52
Cotton,Maharashtra,Rabi,2441,34.01,83019.82
Cotton,Tamil Nadu,Kharif,2151,20.71,44556.43
Wheat,Tamil Nadu,Rabi,852,17.45,14865.24
Wheat,Punjab,Rabi,4767,34.97,166706.0
Rice,Tamil Nadu,Rabi,3700,26.23,97050.79
Wheat,Tamil Nadu,Kharif,766,22.01,16857.73
Soybean,Punjab,Kharif,4540,20.87,94744.52
Wheat,Tamil Nadu,Rabi,2973,22.1,65704.68
Maize,Punjab,Rabi,874,33.09,28924.39
Maize,Maharashtra,Kharif,4259,30.31,129109.95
Cotton,Karnataka,Kharif,1558,23.12,36016.64
Cotton,Karnataka,Rabi,3986,26.57,105892.7
Maize,Gujarat,Kharif,1266,33.28,42136.89
Maize,Gujarat,Kharif,4016,27.74,111412.95
Wheat,Tamil Nadu,Kharif,3684,34.9,128581.91
Soybean,Gujarat,Kharif,4740,16.38,77633.11
Rice,Tamil Nadu,Rabi,4672,17.64,82392.91
Soybean,Gujarat,Kharif,4654,34.95,162671.59
Cotton,Tamil Nadu,Kharif,1378,22.44,30917.92
Maize,Gujarat,Kharif,3498,33.07,115662.02
Cotton,Punjab,Kharif,4673,22.42,104778.12
Maize,Tamil Nadu,Rabi,2620,26.37,69089.86
Soybean,Maharashtra,Rabi,2741,27.08,74233.79
Wheat,Tamil Nadu,Kharif,712,25.99,18504.88
Maize,Punjab,Rabi,1940,20.9,40544.29
Soybean,Punjab,Kharif,2245,26.24,58918.89
Rice,Tamil Nadu,Kharif,3342,16.58,55424.82
Rice,Tamil Nadu,Rabi,2320,25.22,58515.18
Wheat,Tamil Nadu,Kharif,4645,32.29,150010.14
Wheat,Punjab,Rabi,1980,29.09,57601.86
Wheat,Punjab,Kharif,4775,34.45,164510.25
Wheat,Gujarat,Rabi,3162,18.28,57792.83
Wheat,Tamil Nadu,Rabi,2494,30.28,75527.25
Wheat,Karnataka,Kharif,3632,33.85,122955.28
Wheat,Maharashtra,Kharif,4931,23.67,116725.41
Soybean,Gujarat,Kharif,1588,20.31,32247.07
Maize,Tamil Nadu,Kharif,3149,15.78,49678.36
Maize,Maharashtra,Rabi,1188,33.65,39972.93
Wheat,Gujarat,Kharif,1384,24.57,34008.71
Cotton,Karnataka,Rabi,3501,25.65,89814.46
Maize,Maharashtra,Rabi,1110,32.56,36136.4
Wheat,Maharashtra,Kharif,4935,34.86,172051.22
Wheat,Karnataka,Kharif,699,19.84,13866.5
Cotton,Punjab,Kharif,1025,15.6,15985.23
Cotton,Karnataka,Rabi,3741,27.42,102579.35
Cotton,Maharashtra,Rabi,2691,20.11,54108.11
Wheat,Maharashtra,Kharif,1997,24.21,48349.97
Soybean,Karnataka,Rabi,4860,29.56,143672.39
Wheat,Gujarat,Rabi,3218,17.29,55648.5
Maize,Maharashtra,Rabi,2954,26.96,79646.24
Rice,Tamil Nadu,Rabi,1591,16.39,26072.49
Soybean,Maharashtra,Kharif,2260,23.13,52281.74
Rice,Karnataka,Rabi,4223,30.47,128666.03
Rice,Punjab,Rabi,4750,18.62,88435.19
Maize,Punjab,Kharif,2671,21.19,56599.21
Maize,Maharashtra,Rabi,1027,33.43,34329.42
Cotton,Gujarat,Rabi,776,30.5,23670.39
Cotton,Karnataka,Rabi,1665,20.5,34125.06
Maize,Maharashtra,Rabi,3006,26.11,78481.6
Rice,Gujarat,Kharif,2059,33.31,68583.32
Maize,Tamil Nadu,Kharif,2426,22.97,55717.48
Wheat,Punjab,Rabi,4973,26.85,133508.33
Cotton,Punjab,Kharif,3869,21.08,81554.71
Wheat,Gujarat,Rabi,4164,24.25,100986.11
Maize,Tamil Nadu,Kharif,3609,32.61,117682.12
Cotton,Tamil Nadu,Rabi,3545,28.39,100629.44
Wheat,Tamil Nadu,Rabi,793,25.81,20469.13
Wheat,Punjab,Rabi,4872,15.01,73129.81
Wheat,Karnataka,Rabi,721,21.63,15595.44
Wheat,Gujarat,Rabi,4859,34.56,167927.42
Maize,Karnataka,Rabi,4679,24.27,113567.21
Wheat,Gujarat,Kharif,1321,33.16,43803.11
Rice,Tamil Nadu,Kharif,1849,34.93,64594.55
Wheat,Punjab,Rabi,3609,32.71,118038.14
Soybean,Karnataka,Rabi,4582,31.49,144279.47
Cotton,Punjab,Kharif,2559,18.49,47324.91
Cotton,Punjab,Kharif,3468,15.26,52917.68
Wheat,Karnataka,Rabi,600,31.68,19009.83
Cotton,Karnataka,Kharif,3844,23.41,89999.21
Rice,Punjab,Kharif,747,33.69,25169.49
Maize,Tamil Nadu,Kharif,2821,27.66,78021.45
Cotton,Punjab,Kharif,2879,22.56,64939.92
Rice,Gujarat,Rabi,3976,27.07,107613.52
Maize,Karnataka,Rabi,1663,29.28,48694.29
Cotton,Gujarat,Rabi,3115,31.35,97651.25
Soybean,Karnataka,Rabi,2852,32.68,93209.05
Rice,Maharashtra,Rabi,1952,19.41,37894.67
Rice,Punjab,Kharif,3819,27.54,105185.05
Cotton,Tamil Nadu,Rabi,4085,15.54,63481.61
Cotton,Tamil Nadu,Rabi,555,19.54,10843.67
Cotton,Punjab,Rabi,3755,16.34,61374.22
Maize,Maharashtra,Kharif,3909,25.49,99633.76
Rice,Tamil Nadu,Kharif,1927,21.42,41281.46
Soybean,Punjab,Kharif,4533,32.42,146941.46
Cotton,Punjab,Rabi,4138,29.2,120845.71
Maize,Punjab,Rabi,1661,28.23,46893.85
Rice,Maharashtra,Rabi,3357,29.04,97497.81
Cotton,Punjab,Rabi,4070,32.34,131623.55
Rice,Karnataka,Kharif,1860,27.32,50821.03
Rice,Punjab,Rabi,2473,17.8,44023.01
Cotton,Karnataka,Kharif,4277,18.7,79987.78
Soybean,Gujarat,Kharif,1642,20.24,33237.93
Soybean,Punjab,Rabi,1962,15.42,30245.9
Soybean,Tamil Nadu,Rabi,3334,31.51,105065.95
Cotton,Maharashtra,Rabi,1541,25.71,39620.54
Rice,Maharashtra,Rabi,3976,25.71,102210.83
Wheat,Punjab,Kharif,3706,32.55,120641.8
Cotton,Maharashtra,Kharif,3497,23.41,81852.46
Wheat,Maharashtra,Rabi,4618,16.36,75549.61
Cotton,Karnataka,Rabi,1591,31.91,50771.82
Cotton,Tamil Nadu,Kharif,1951,21.86,42657.93
Soybean,Maharashtra,Rabi,727,18.12,13176.86
Wheat,Punjab,Rabi,2856,28.23,80631.77
Maize,Maharashtra,Kharif,4028,26.76,107796.42
Cotton,Tamil Nadu,Rabi,3480,16.67,58019.41
Soybean,Karnataka,Rabi,2588,21.94,56779.56
Cotton,Karnataka,Kharif,4918,30.8,151462.53
Maize,Maharashtra,Rabi,650,30.94,20110.03
Maize,Maharashtra,Kharif,2663,22.72,60508.46
Maize,Tamil Nadu,Kharif,2287,19.08,43638.69
Cotton,Maharashtra,Kharif,4742,20.99,99549.48
Soybean,Tamil Nadu,Rabi,3258,24.0,78208.09
Rice,Maharashtra,Kharif,511,22.93,11715.82
Wheat,Tamil Nadu,Kharif,2200,32.32,71098.15
Maize,Gujarat,Rabi,2511,24.86,62429.85
Cotton,Punjab,Kharif,2673,19.31,51618.89
Wheat,Tamil Nadu,Kharif,1003,23.45,23516.27
Rice,Punjab,Kharif,3653,26.39,96401.22
Maize,Tamil Nadu,Rabi,1003,24.07,24146.08
Wheat,Maharashtra,Kharif,4007,34.22,137135.2
Wheat,Maharashtra,Rabi,2599,28.75,74720.24
Rice,Maharashtra,Kharif,4149,19.02,78934.22
Maize,Karnataka,Kharif,1254,29.84,37419.99
Wheat,Gujarat,Kharif,3560,33.49,119223.35
Wheat,Tamil Nadu,Kharif,3729,21.68,80856.5
Rice,Tamil Nadu,Kharif,1285,29.87,38377.44
Rice,Maharashtra,Kharif,2958,15.31,45272.72
Wheat,Karnataka,Rabi,2212,28.28,62546.9
Cotton,Karnataka,Rabi,796,24.58,19562.0
Maize,Maharashtra,Rabi,2701,34.82,94035.47
Wheat,Gujarat,Kharif,3540,30.96,109594.26
Maize,Punjab,Rabi,3522,25.0,88052.07
Wheat,Gujarat,Rabi,3692,20.72,76508.37
Wheat,Gujarat,Kharif,1831,19.94,36516.95
Maize,Maharashtra,Kharif,2863,26.94,77120.78
Wheat,Karnataka,Rabi,4938,30.96,152869.41
Soybean,Tamil Nadu,Kharif,4689,30.85,144642.16
Maize,Tamil Nadu,Rabi,3831,19.93,76340.91
Wheat,Tamil Nadu,Kharif,2600,31.32,81431.05
Cotton,Maharashtra,Rabi,3670,27.26,100060.84
Rice,Punjab,Rabi,1367,28.2,38552.13
Rice,Karnataka,Kharif,4848,32.13,155760.84
Maize,Tamil Nadu,Rabi,2518,19.16,48237.4
Cotton,Punjab,Rabi,1085,33.01,35818.61
Maize,Punjab,Kharif,4321,25.73,111163.58
Maize,Gujarat,Kharif,2051,18.2,37335.67
Soybean,Maharashtra,Rabi,2431,30.5,74144.18
Soybean,Gujarat,Rabi,568,25.61,14544.54
Maize,Karnataka,Kharif,807,30.47,24590.94
Cotton,Karnataka,Kharif,1050,31.41,32981.85
Soybean,Gujarat,Kharif,4579,28.9,132326.86
Wheat,Maharashtra,Rabi,1767,22.51,39776.97
Rice,Karnataka,Kharif,4563,23.29,106272.44
Soybean,Tamil Nadu,Kharif,4779,27.37,130788.52
Wheat,Maharashtra,Kharif,3604,30.13,108604.54
Maize,Maharashtra,Kharif,4519,28.74,129871.76
Soybean,Punjab,Rabi,862,25.49,21968.45
Maize,Karnataka,Rabi,3133,18.19,56988.0
Wheat,Gujarat,Kharif,4429,26.82,118800.75
Rice,Gujarat,Kharif,2574,23.55,60625.43
Cotton,Karnataka,Kharif,880,15.98,14063.61
Maize,Maharashtra,Kharif,2760,31.24,86234.91
Soybean,Gujarat,Rabi,560,17.93,10040.18
Rice,Maharashtra,Rabi,3295,19.73,64995.96
Rice,Tamil Nadu,Kharif,2325,30.19,70197.64
Soybean,Punjab,Kharif,4988,28.58,142549.84
Maize,Punjab,Kharif,3432,34.37,117973.27
Rice,Punjab,Kharif,2633,20.57,54160.25
Cotton,Gujarat,Kharif,1534,24.74,37948.32
Maize,Karnataka,Rabi,1286,22.86,29399.7
Soybean,Tamil Nadu,Kharif,4941,21.7,107212.83
Cotton,Punjab,Rabi,884,32.48,28712.84
Wheat,Maharashtra,Rabi,4515,27.44,123913.07
Cotton,Maharashtra,Rabi,3218,27.78,89385.24
Wheat,Tamil Nadu,Kharif,4899,18.4,90122.87
Cotton,Tamil Nadu,Rabi,1647,32.49,53503.28
Soybean,Gujarat,Rabi,3249,29.3,95186.93
Rice,Maharashtra,Kharif,4427,15.4,68165.01
Rice,Maharashtra,Kharif,4341,34.7,150638.91
Maize,Punjab,Rabi,1778,19.02,33822.02
Cotton,Maharashtra,Kharif,2096,19.82,41548.66
Maize,Gujarat,Kharif,3985,22.47,89537.82
Soybean,Karnataka,Rabi,1114,18.38,20473.45
Cotton,Maharashtra,Kharif,4351,32.65,142039.13
Rice,Gujarat,Rabi,4089,28.18,115232.23
Cotton,Karnataka,Rabi,2542,17.38,44168.92
Cotton,Karnataka,Rabi,3508,28.09,98537.59
Soybean,Punjab,Rabi,2968,25.11,74513.26
Wheat,Gujarat,Rabi,4321,19.4,83847.61
Wheat,Maharashtra,Kharif,2099,29.63,62201.07
Maize,Tamil Nadu,Kharif,3979,30.18,120069.6
Maize,Karnataka,Rabi,2250,31.95,71890.78
Cotton,Tamil Nadu,Kharif,4350,15.14,65875.47
Maize,Maharashtra,Rabi,3179,20.49,65143.46
Rice,Tamil Nadu,Rabi,3632,21.79,79135.84
Maize,Maharashtra,Rabi,2238,24.67,55208.13
Rice,Tamil Nadu,Kharif,1150,21.39,24600.24
Soybean,Karnataka,Kharif,535,32.79,17544.44
Cotton,Gujarat,Kharif,4783,20.41,97606.11
Wheat,Karnataka,Rabi,1768,23.4,41368.24
Rice,Karnataka,Rabi,1472,15.25,22453.34
Soybean,Gujarat,Kharif,3451,26.34,90892.22
Soybean,Tamil Nadu,Kharif,1337,24.32,32520.66
Rice,Punjab,Rabi,1254,22.14,27762.5
Maize,Karnataka,Rabi,1298,17.12,22217.11
Maize,Gujarat,Rabi,4935,24.3,119916.22
Wheat,Karnataka,Kharif,4838,28.18,136329.04
Soybean,Punjab,Rabi,1463,18.21,26636.52
Soybean,Punjab,Rabi,4306,20.28,87327.47
Soybean,Punjab,Rabi,3839,19.35,74268.83
Soybean,Gujarat,Rabi,4940,19.52,96425.13
Maize,Tamil Nadu,Kharif,726,26.18,19003.74
Wheat,Karnataka,Rabi,1283,30.38,38971.66
Wheat,Punjab,Rabi,4521,22.87,103394.71
Rice,Punjab,Kharif,2763,16.28,44994.63
Cotton,Punjab,Rabi,691,16.25,11225.5
Wheat,Tamil Nadu,Kharif,4704,33.82,159072.54
Wheat,Tamil Nadu,Kharif,4925,30.58,150592.04
Rice,Karnataka,Rabi,3774,34.89,131664.73
Maize,Karnataka,Kharif,2339,32.02,74901.2
Wheat,Gujarat,Rabi,1321,27.54,36380.9
Wheat,Maharashtra,Rabi,2927,19.45,56924.92
Rice,Gujarat,Kharif,3737,16.86,63013.6
Wheat,Gujarat,Kharif,2990,27.71,82849.99
Maize,Maharashtra,Rabi,2330,28.9,67327.27
Rice,Maharashtra,Rabi,4080,22.11,90195.18
Rice,Punjab,Rabi,4594,19.94,91586.27
Rice,Karnataka,Kharif,1394,24.22,33756.21
Cotton,Tamil Nadu,Kharif,2403,20.75,49864.4
Maize,Karnataka,Kharif,3008,30.67,92267.48
Wheat,Gujarat,Kharif,1925,15.54,29909.63
Rice,Maharashtra,Kharif,1856,27.06,50225.43
Wheat,Karnataka,Rabi,2424,17.81,43181.27
Maize,Tamil Nadu,Rabi,3037,30.27,91943.35
Maize,Karnataka,Rabi,4073,33.27,135494.65
Maize,Gujarat,Rabi,2262,17.48,39544.15
Soybean,Tamil Nadu,Kharif,727,32.23,23429.21
Soybean,Karnataka,Rabi,1220,21.64,26406.42
Wheat,Karnataka,Rabi,2767,32.16,88976.5
Rice,Gujarat,Kharif,1821,26.05,47442.73
Cotton,Maharashtra,Rabi,916,22.41,20525.94
Rice,Maharashtra,Rabi,1673,21.24,35533.13
Cotton,Punjab,Rabi,1673,27.74,46416.72
Rice,Gujarat,Rabi,3597,28.3,101783.15
Maize,Karnataka,Rabi,2355,17.13,40346.02
Cotton,Karnataka,Kharif,4295,15.69,67406.86
Cotton,Gujarat,Rabi,2757,33.07,91176.9
Soybean,Tamil Nadu,Rabi,664,19.99,13271.39
Rice,Punjab,Kharif,1141,22.08,25188.18
Rice,Maharashtra,Rabi,1306,26.48,34585.51
Maize,Punjab,Rabi,623,27.96,17421.98
Soybean,Maharashtra,Kharif,3315,27.23,90259.07
Wheat,Gujarat,Rabi,3854,18.33,70647.07
Rice,Maharashtra,Rabi,3962,29.89,118418.07
Cotton,Karnataka,Kharif,2324,33.87,78707.66
Rice,Tamil Nadu,Rabi,1608,32.28,51908.17
Rice,Punjab,Kharif,2030,29.94,60768.69
Soybean,Maharashtra,Rabi,1413,17.35,24521.52
Maize,Gujarat,Kharif,4953,29.97,148416.86
Wheat,Maharashtra,Rabi,1208,23.2,28023.75
Rice,Maharashtra,Rabi,4770,30.16,143851.89
Cotton,Karnataka,Kharif,1579,23.83,37633.07
Rice,Karnataka,Rabi,2081,33.63,69980.1
Maize,Maharashtra,Kharif,1645,27.06,44509.37
Wheat,Punjab,Kharif,2174,26.51,57635.25
Wheat,Tamil Nadu,Kharif,1016,34.94,35500.22
Cotton,Gujarat,Kharif,1382,19.99,27627.69
Soybean,Tamil Nadu,Kharif,3713,20.92,77687.61
Cotton,Karnataka,Rabi,3675,17.21,63240.53
Rice,Punjab,Rabi,1298,20.93,27167.83
Soybean,Karnataka,Rabi,676,33.44,22606.04
Cotton,Gujarat,Kharif,2131,15.67,33401.68
Maize,Gujarat,Rabi,2062,34.19,70498.6
Maize,Maharashtra,Kharif,2908,28.72,83508.59
Maize,Maharashtra,Rabi,2545,17.09,43505.32
Soybean,Tamil Nadu,Rabi,3233,26.91,87015.87
Rice,Tamil Nadu,Rabi,2667,17.16,45770.51
Rice,Maharashtra,Kharif,1248,34.65,43238.38
Soybean,Gujarat,Kharif,617,17.2,10610.45
Cotton,Punjab,Rabi,1407,29.44,41417.85
Rice,Punjab,Rabi,1723,31.87,54917.91
Soybean,Maharashtra,Rabi,1875,32.43,60802.63
Rice,Maharashtra,Rabi,1801,25.55,46012.46
Rice,Karnataka,Kharif,4272,19.16,81839.84
Soybean,Gujarat,Rabi,3284,34.45,113120.24
Wheat,Karnataka,Kharif,1314,24.77,32550.92
Cotton,Punjab,Kharif,1118,31.95,35721.79
Cotton,Karnataka,Kharif,3477,28.31,98450.97
Cotton,Punjab,Rabi,3080,24.2,74529.17
Soybean,Punjab,Kharif,4485,16.11,72259.53
Wheat,Karnataka,Kharif,1484,29.8,44224.87
Wheat,Punjab,Kharif,3300,19.74,65150.97
Rice,Maharashtra,Kharif,3613,22.17,80095.95
Wheat,Punjab,Kharif,776,31.28,24269.65
Wheat,Maharashtra,Kharif,948,23.97,22719.06
Soybean,Punjab,Rabi,594,25.12,14918.45
Rice,Maharashtra,Rabi,2659,29.92,79550.99
Wheat,Tamil Nadu,Rabi,1117,22.33,24939.34
Cotton,Tamil Nadu,Kharif,1540,32.63,50253.72
Maize,Karnataka,Rabi,1049,19.14,20073.48
Soybean,Gujarat,Kharif,3408,28.84,98282.16
Soybean,Maharashtra,Rabi,2314,17.12,39606.53
Soybean,Tamil Nadu,Rabi,2560,26.71,68379.29
Wheat,Karnataka,Rabi,4510,15.8,71267.68
Rice,Maharashtra,Rabi,2130,19.64,41836.97
Rice,Tamil Nadu,Kharif,1166,34.16,39830.91
Rice,Karnataka,Kharif,4082,30.32,123756.47
Wheat,Karnataka,Rabi,588,19.65,11553.05
Rice,Gujarat,Kharif,2564,15.5,39745.01
Soybean,Tamil Nadu,Kharif,2185,25.66,56064.81
Wheat,Gujarat,Rabi,4445,22.45,99776.16
Rice,Karnataka,Kharif,849,25.37,21538.5
Cotton,Karnataka,Kharif,4919,21.42,105346.01
Soybean,Karnataka,Rabi,2628,19.09,50159.0
Wheat,Punjab,Rabi,3472,15.27,53029.88
Maize,Maharashtra,Kharif,1144,28.97,33145.45
Soybean,Tamil Nadu,Kharif,3651,34.12,124586.81
Rice,Tamil Nadu,Kharif,1183,21.81,25806.0
Cotton,Punjab,Kharif,3070,23.23,71304.08
Rice,Maharashtra,Rabi,1287,32.28,41538.89
Soybean,Maharashtra,Kharif,4603,32.96,151694.52
Maize,Tamil Nadu,Rabi,3203,23.99,76830.7
Maize,Maharashtra,Rabi,3865,28.62,110608.44
Rice,Karnataka,Rabi,1873,27.84,52146.25
Wheat,Punjab,Rabi,4858,18.74,91038.55
Wheat,Punjab,Rabi,2537,27.69,70242.29
Maize,Karnataka,Kharif,4994,18.34,91589.85
Cotton,Tamil Nadu,Kharif,2319,17.66,40963.94
Rice,Tamil Nadu,Rabi,3622,26.98,97734.62
Soybean,Tamil Nadu,Kharif,3656,15.86,57972.07
Cotton,Tamil Nadu,Kharif,3471,30.12,104541.49
Maize,Punjab,Rabi,1819,27.57,50143.51
Soybean,Karnataka,Kharif,2714,34.49,93618.76
Soybean,Punjab,Kharif,4650,20.78,96606.93
Maize,Karnataka,Rabi,3596,23.0,82691.12
Soybean,Punjab,Kharif,2049,15.67,32116.82
Cotton,Maharashtra,Rabi,1528,28.77,43955.61
Wheat,Gujarat,Rabi,4451,25.95,115519.0
Soybean,Gujarat,Rabi,1101,20.11,22144.8
Maize,Tamil Nadu,Rabi,1554,30.31,47099.95
Rice,Gujarat,Kharif,1865,22.89,42682.7
Wheat,Punjab,Kharif,1012,33.44,33842.87
Wheat,Tamil Nadu,Rabi,4603,34.59,159198.14
Wheat,Gujarat,Kharif,547,16.76,9165.72
Maize,Punjab,Rabi,872,26.4,23019.92
Soybean,Tamil Nadu,Rabi,4587,21.71,99561.34
Wheat,Karnataka,Rabi,3304,28.3,93495.17
Cotton,Punjab,Kharif,3393,28.28,95951.08
Maize,Karnataka,Rabi,2467,16.08,39680.73
Wheat,Punjab,Rabi,4748,23.75,112744.35
Maize,Karnataka,Kharif,4960,24.88,123380.32
Cotton,Tamil Nadu,Rabi,3035,34.1,103499.41
Cotton,Gujarat,Kharif,4927,28.18,138825.67
Cotton,Punjab,Kharif,1665,30.92,51479.87
Maize,Gujarat,Rabi,4994,22.04,110060.19
Wheat,Karnataka,Kharif,1947,23.13,45025.19
Cotton,Tamil Nadu,Kharif,1054,18.9,19925.21
Wheat,Tamil Nadu,Kharif,2982,32.51,96956.96
Soybean,Karnataka,Kharif,3383,29.17,98685.64
Maize,Punjab,Kharif,4546,19.98,90845.63
Maize,Karnataka,Kharif,1483,16.47,24430.37
Cotton,Punjab,Rabi,4645,26.4,122636.82
Rice,Maharashtra,Rabi,1076,17.99,19358.72
Wheat,Maharashtra,Rabi,2060,25.64,52821.5
Cotton,Punjab,Rabi,4690,33.22,155806.55
Cotton,Tamil Nadu,Kharif,540,16.97,9162.37
Rice,Maharashtra,Kharif,2632,24.48,64437.01
Rice,Gujarat,Kharif,2496,20.66,51574.77
Cotton,Karnataka,Rabi,3501,28.49,99733.58
Cotton,Karnataka,Kharif,4488,20.36,91369.52
Maize,Punjab,Kharif,4804,30.44,146240.74
Wheat,Gujarat,Kharif,1690,33.83,57170.01
Wheat,Gujarat,Kharif,2393,19.56,46802.88
Cotton,Karnataka,Rabi,3201,18.78,60116.48
Wheat,Gujarat,Kharif,3086,24.66,76094.56
Cotton,Maharashtra,Kharif,2191,15.91,34866.59
Maize,Tamil Nadu,Kharif,4946,15.98,79023.9
Maize,Tamil Nadu,Rabi,4068,32.97,134121.15
Cotton,Punjab,Kharif,3768,16.41,61841.41
Wheat,Maharashtra,Rabi,2350,17.73,41657.11
Soybean,Punjab,Kharif,2220,22.93,50913.58
Maize,Karnataka,Rabi,2385,20.28,48360.77
Cotton,Punjab,Kharif,2840,18.11,51427.56
Rice,Karnataka,Rabi,2703,23.72,64128.09
Soybean,Karnataka,Rabi,2247,32.31,72593.1
Wheat,Gujarat,Kharif,3365,22.56,75909.75
Wheat,Tamil Nadu,Rabi,4363,27.82,121398.62
Cotton,Tamil Nadu,Kharif,1791,21.69,38841.35
Cotton,Gujarat,Kharif,3490,22.78,79509.22
Maize,Punjab,Rabi,764,23.32,17814.45
Rice,Karnataka,Rabi,1332,15.0,19983.04
Rice,Gujarat,Rabi,4848,22.15,107359.1
Rice,Tamil Nadu,Rabi,735,33.1,24326.33
Maize,Karnataka,Kharif,3029,21.08,63865.49
Rice,Karnataka,Rabi,4826,26.32,127005.8
Wheat,Punjab,Kharif,1526,27.5,41965.4
Cotton,Tamil Nadu,Kharif,1370,18.47,25298.62
Rice,Punjab,Rabi,3092,29.93,92546.34
Maize,Tamil Nadu,Kharif,2651,20.25,53680.51
Soybean,Karnataka,Rabi,3990,32.4,129290.04
Rice,Karnataka,Kharif,2033,17.41,35397.43
Maize,Maharashtra,Rabi,1400,27.28,38196.41
Soybean,Tamil Nadu,Kharif,4796,30.69,147178.67
Cotton,Maharashtra,Rabi,2614,24.17,63180.54
Wheat,Tamil Nadu,Rabi,4920,26.72,131440.0
Soybean,Karnataka,Kharif,1220,22.98,28039.25
Cotton,Karnataka,Kharif,579,32.49,18812.96
Rice,Karnataka,Kharif,3978,30.17,119998.27
Wheat,Punjab,Kharif,4972,27.27,135572.27
Rice,Tamil Nadu,Rabi,2316,29.88,69211.77
Maize,Punjab,Kharif,4148,17.32,71861.64
Wheat,Tamil Nadu,Rabi,1266,24.88,31494.59
Cotton,Tamil Nadu,Kharif,2609,19.86,51809.61
Soybean,Karnataka,Kharif,4718,18.64,87949.39
Wheat,Karnataka,Kharif,4742,26.94,127733.9
Rice,Tamil Nadu,Rabi,4891,26.37,128998.09
Maize,Tamil Nadu,Rabi,1383,15.02,20767.0
Rice,Gujarat,Kharif,794,17.47,13872.9
Cotton,Karnataka,Kharif,640,17.04,10905.29
Rice,Punjab,Kharif,3139,33.26,104393.75
Rice,Maharashtra,Kharif,3191,28.33,90408.56
Maize,Tamil Nadu,Kharif,1987,15.48,30761.01
Cotton,Gujarat,Kharif,4333,25.17,109061.84
Soybean,Tamil Nadu,Kharif,811,32.07,26005.44
Maize,Punjab,Rabi,2559,33.68,86190.88
Wheat,Punjab,Kharif,4822,21.41,103253.07
Soybean,Tamil Nadu,Kharif,550,17.07,9388.52
Soybean,Karnataka,Kharif,3882,26.39,102453.78
Wheat,Maharashtra,Kharif,1837,25.26,46395.78
Wheat,Maharashtra,Kharif,3992,30.63,122278.43
Wheat,Punjab,Kharif,2870,27.13,77861.23
Maize,Karnataka,Kharif,4120,28.59,117796.54
Rice,Karnataka,Kharif,2884,25.42,73303.42
Rice,Karnataka,Rabi,2129,30.82,65611.83
Wheat,Maharashtra,Rabi,3039,25.71,78132.86
Maize,Maharashtra,Rabi,2727,24.99,68147.96
Wheat,Tamil Nadu,Rabi,4880,18.12,88413.95
Wheat,Punjab,Kharif,723,22.3,16120.73
Soybean,Gujarat,Rabi,4476,16.56,74110.65
Cotton,Tamil Nadu,Kharif,3449,17.02,58702.62
Soybean,Punjab,Rabi,1237,27.98,34616.51
Maize,Tamil Nadu,Kharif,4206,29.51,124126.24
Wheat,Gujarat,Rabi,575,19.56,11249.81
Cotton,Tamil Nadu,Kharif,2343,25.05,58688.77
Soybean,Tamil Nadu,Kharif,3446,17.41,60003.25
Maize,Karnataka,Kharif,1845,34.3,63282.66
Soybean,Gujarat,Kharif,1372,15.48,21237.48
Rice,Punjab,Kharif,875,30.55,26731.73
Rice,Punjab,Rabi,3870,30.5,118050.48
Cotton,Punjab,Kharif,4918,29.27,143934.79
Wheat,Gujarat,Rabi,2211,24.65,54509.63
Cotton,Gujarat,Kharif,3576,24.46,87467.14
Maize,Punjab,Kharif,3834,23.84,91389.57
Rice,Tamil Nadu,Kharif,1479,19.13,28295.74
Soybean,Gujarat,Kharif,2342,32.75,76692.06
Wheat,Maharashtra,Rabi,3932,34.94,137377.07
Cotton,Gujarat,Kharif,4122,22.44,92513.85
Maize,Tamil Nadu,Rabi,559,28.65,16015.46
Soybean,Punjab,Rabi,3705,31.03,114949.05
Wheat,Gujarat,Rabi,1095,29.01,31769.45
Rice,Maharashtra,Kharif,4162,31.89,132730.9
Soybean,Karnataka,Kharif,993,26.76,26569.25
Wheat,Punjab,Rabi,4280,26.88,115047.12
Rice,Maharashtra,Kharif,3981,22.46,89431.75
Rice,Gujarat,Kharif,935,28.84,26965.5
Maize,Gujarat,Kharif,4900,32.05,157050.64
Maize,Punjab,Kharif,3292,34.62,113983.34
Maize,Maharashtra,Kharif,2252,33.75,76012.09
Maize,Punjab,Kharif,696,22.37,15569.73
Cotton,Punjab,Kharif,4638,20.07,93063.58
Rice,Tamil Nadu,Rabi,3400,32.59,110795.79
Soybean,Karnataka,Kharif,3974,28.55,113449.28
